"RegionName","RegionType","StateFullName","DataTypeDescription","2012-01","2012-02","2012-03","2012-04","2012-05","2012-06","2012-07","2012-08","2012-09","2012-10","2012-11","2012-12","2013-01","2013-02","2013-03","2013-04","2013-05","2013-06","2013-07","2013-08","2013-09","2013-10","2013-11","2013-12","2014-01","2014-02","2014-03","2014-04","2014-05","2014-06","2014-07","2014-08","2014-09","2014-10","2014-11","2014-12","2015-01","2015-02","2015-03","2015-04","2015-05","2015-06","2015-07","2015-08","2015-09","2015-10","2015-11","2015-12","2016-01","2016-02","2016-03","2016-04","2016-05","2016-06","2016-07","2016-08","2016-09"
"United States","Country",,"All Homes",120,114,102,84,79,81,86,92,94,95,98,104,110,100,86,76,74,74,77,76,82,84,90,96,104,103,91,71,66,68,72,77,84,88,93,100,107,103,88,67,61,63,69,74,78,84,88,96,103,98,74,68,65,68,74,78,84
"New York, NY","Msa","New York","All Homes",136,126,112,86,81,87,95,106,110,111,118,124,126,120,90,74,71,76,83,84,90,89,92,96,103,103,84,68,63,69,75,84,89,92,94,97,102,100,80,67,59,60,71,80,90,90,96,98,105,99,70,63,64,69,78,87,90
"Chicago, IL","Msa","Illinois","All Homes",141,137,123,99,89,88,91,97,100,102,108,116,120,110,86,71,69,70,70,68,74,77,84,92,104,100,73,55,53,54,62,68,73,80,88,96,102,92,65,53,54,62,66,72,78,84,89,98,108,103,62,57,57,63,70,76,82
"Dallas-Fort Worth, TX","Msa","Texas","All Homes",109,98,73,65,66,65,68,70,76,80,83,88,89,72,54,53,53,54,53,54,58,66,68,74,80,68,50,46,45,42,46,49,56,63,64,70,73,52,42,41,40,42,42,44,51,57,62,68,72,63,44,46,47,48,49,50,56
"Philadelphia, PA","Msa","Pennsylvania","All Homes",132,119,105,84,84,89,96,104,105,106,111,118,122,116,90,75,73,74,82,84,90,92,94,96,105,106,99,69,62,68,76,84,88,90,96,103,111,109,89,63,57,59,68,79,86,88,91,96,102,101,75,64,66,71,78,84,84
"Houston, TX","Msa","Texas","All Homes",112,110,94,78,74,74,77,81,82,85,88,94,96,84,62,59,58,60,58,58,62,67,70,77,81,70,55,45,47,52,53,54,60,67,66,71,76,66,56,49,51,58,60,60,63,70,74,82,88,80,61,62,64,65,64,71,74
"Washington, DC","Msa","District of Columbia","All Homes",105,94,66,58,57,60,69,73,72,68,72,84,91,72,52,44,42,48,53,54,54,53,58,66,74,70,50,40,41,47,54,60,65,68,73,83,89,78,56,41,42,50,60,65,68,70,73,83,88,84,47,40,44,52,60,66,68
"Miami-Fort Lauderdale, FL","Msa","Florida","All Homes",89,74,71,74,71,69,76,72,70,65,67,70,74,62,56,62,69,70,57,54,49,52,56,62,69,64,59,62,60,62,67,70,70,70,70,74,78,72,58,59,45,58,64,62,62,64,62,68,76,70,60,64,70,77,84,86,85
"Atlanta, GA","Msa","Georgia","All Homes",98,101,85,70,74,74,82,83,83,80,85,90,91,80,60,56,58,62,61,62,66,70,70,78,84,84,64,50,53,57,60,65,70,73,75,79,84,79,59,53,58,62,64,66,70,76,84,92,96,92,65,58,56,61,64,71,76
"Boston, MA","Msa","Massachusetts","All Homes",116,111,79,60,60,67,76,83,84,78,84,94,104,93,61,49,47,50,58,61,60,62,66,79,92,69,42,41,40,44,54,64,68,69,72,83,90,92,71,39,34,40,48,60,61,60,64,78,90,86,44,40,40,46,55,63,60
"San Francisco, CA","Msa","California","All Homes",82,60,42,39,35,40,38,40,37,36,46,51,50,28,26,24,25,25,25,26,27,28,38,47,44,24,22,24,24,26,29,32,32,34,41,50,50,23,20,21,22,26,26,28,27,30,34,46,48,22,16,20,21,28,29,33,34
"Detroit, MI","Msa","Michigan","All Homes",98,96,86,76,69,64,68,69,68,75,77,83,85,78,65,60,55,53,49,48,50,58,60,63,74,77,62,55,46,46,49,54,60,66,70,78,86,87,63,49,46,48,54,57,63,70,76,81,86,83,66,57,49,51,56,57,62
"Riverside, CA","Msa","California","All Homes",92,89,80,76,76,76,77,76,74,67,64,64,70,69,61,62,58,55,52,50,48,52,55,60,69,64,54,55,55,54,55,59,62,61,62,71,78,74,60,56,54,61,61,64,64,66,66,72,80,78,62,63,63,63,65,66,68
"Phoenix, AZ","Msa","Arizona","All Homes",96,97,76,71,62,55,54,54,54,48,52,60,67,61,53,54,54,54,50,50,48,48,52,61,71,68,59,61,62,67,69,70,70,64,62,71,78,70,59,59,62,64,63,64,61,56,56,63,75,66,54,58,60,60,61,62,61
"Seattle, WA","Msa","Washington","All Homes",105,104,80,59,54,52,55,60,64,66,74,82,85,56,45,42,40,41,43,46,49,59,61,68,77,66,46,42,42,42,48,49,54,61,66,77,81,64,44,36,35,39,41,42,47,50,54,62,62,40,33,30,27,31,35,37,42
"Minneapolis-St Paul, MN","Msa","Minnesota","All Homes",115,111,84,68,62,61,68,70,72,70,69,76,81,69,53,49,47,42,42,48,55,59,63,72,84,80,52,43,43,42,47,54,56,53,60,78,98,81,45,40,41,45,49,56,56,60,65,81,88,77,40,40,38,41,48,53,56
"St. Louis, MO","Msa","Missouri","All Homes",115,103,70,73,77,81,87,94,96,102,92,96,97,98,82,74,75,76,81,80,86,85,90,94,103,106,94,69,67,64,68,78,86,92,99,106,112,105,78,53,52,66,74,78,81,82,88,97,105,102,69,61,63,68,74,76,80
"Tampa, FL","Msa","Florida","All Homes",117,114,111,92,90,84,90,88,85,84,86,90,96,82,68,69,70,70,69,68,68,69,70,72,81,80,68,68,67,59,64,70,74,75,75,78,84,78,64,58,58,64,68,69,70,68,66,67,70,65,53,56,57,61,65,65,68
"Baltimore, MD","Msa","Maryland","All Homes",134,127,112,84,78,80,86,93,95,96,98,106,112,103,80,68,62,66,74,74,72,71,75,80,91,94,78,55,52,60,69,75,78,81,84,93,102,100,89,65,54,61,69,76,80,82,84,91,100,101,70,56,55,62,68,75,78
"Denver, CO","Msa","Colorado","All Homes",118,106,68,56,53,50,54,59,60,61,68,76,76,56,44,40,38,38,40,44,49,55,56,66,77,67,42,39,39,38,41,48,54,60,66,77,82,60,41,33,33,34,35,39,42,46,50,54,66,46,34,34,33,34,38,41,46
"Portland, OR","Msa","Oregon","All Homes",102,89,77,74,69,65,70,71,76,78,82,90,93,69,56,56,51,50,51,52,60,68,78,86,94,86,62,50,42,44,49,55,62,68,75,83,88,77,50,43,38,41,41,44,48,58,61,70,82,68,41,40,34,37,38,40,48
"Charlotte, NC","Msa","North Carolina","All Homes",131,126,118,91,88,92,96,98,98,101,102,106,104,86,68,68,71,80,82,82,84,89,93,98,104,98,78,68,66,70,74,80,84,90,93,98,103,98,82,62,56,54,56,60,64,66,70,79,87,76,55,52,50,54,58,61,66
"Sacramento, CA","Msa","California","All Homes",81,83,66,62,47,47,58,65,78,65,60,60,62,38,42,44,42,34,40,41,44,48,50,58,63,50,43,39,40,41,44,48,50,50,56,68,74,62,46,40,40,44,46,48,49,54,60,66,70,50,40,40,36,41,44,46,50
"San Antonio, TX","Msa","Texas","All Homes",122,119,104,80,80,78,82,85,90,94,100,103,107,96,75,70,70,73,71,68,74,79,82,87,96,94,70,62,62,56,59,68,70,76,80,85,91,87,61,59,50,52,51,52,57,62,61,67,72,68,50,50,52,54,54,54,62
"Orlando, FL","Msa","Florida","All Homes",97,94,82,75,69,66,70,71,68,70,76,83,86,68,58,61,60,59,57,56,55,56,59,64,74,70,58,56,56,52,56,64,65,68,70,76,82,76,61,55,55,62,67,69,71,70,71,72,77,70,59,60,61,63,68,71,75
"Cincinnati, OH","Msa","Ohio","All Homes",118,117,94,82,79,84,90,96,98,97,99,106,111,96,72,69,74,78,83,84,89,85,90,96,105,108,84,67,64,63,67,72,77,82,88,94,104,103,84,63,56,61,64,70,74,77,78,88,98,96,63,58,56,56,60,64,70
"Kansas City, MO","Msa","Missouri","All Homes",119,121,100,79,74,76,81,81,85,84,85,92,92,86,77,72,65,64,64,67,74,77,83,84,92,92,78,60,56,60,66,69,74,76,82,90,94,90,63,41,48,57,63,66,71,76,79,88,98,96,64,54,54,57,62,64,68
"Columbus, OH","Msa","Ohio","All Homes",123,116,104,82,75,77,82,86,88,89,90,96,102,88,66,64,61,60,62,68,71,75,80,87,98,90,67,56,54,54,56,62,68,74,81,92,100,98,72,51,48,46,49,53,57,61,64,74,82,76,49,44,42,44,47,50,56
"Indianapolis, IN","Msa","Indiana","All Homes",125,120,104,80,74,76,84,89,92,92,97,102,106,98,76,65,62,61,64,64,72,77,84,90,102,105,92,60,55,56,62,68,72,78,82,89,97,96,80,55,52,55,62,66,72,76,82,91,98,97,65,55,52,54,56,60,64
"San Jose, CA","Msa","California","All Homes",78,54,44,41,39,38,40,40,46,47,58,56,56,28,26,26,26,24,27,30,34,32,32,46,47,22,25,22,24,26,31,34,36,41,45,52,48,20,18,19,20,22,26,26,30,33,40,57,68,26,17,20,20,27,33,33,34
"Austin, TX","Msa","Texas","All Homes",106,91,62,56,54,56,62,67,70,68,74,81,85,70,46,46,47,47,48,52,58,61,60,66,76,68,48,43,40,42,42,45,53,61,62,68,68,51,48,41,42,46,46,48,55,61,62,71,74,54,38,42,40,42,46,51,59
"Virginia Beach, VA","Msa","Virginia","All Homes",110,108,112,75,71,79,89,99,104,95,96,96,100,104,98,76,76,75,79,75,76,85,87,96,105,104,92,71,70,76,81,86,88,93,100,110,112,106,96,79,68,70,82,88,94,98,103,106,110,106,90,73,71,75,80,87,92
"Nashville, TN","Msa","Tennessee","All Homes",130,123,113,86,82,83,87,90,90,90,94,100,104,99,80,68,66,66,69,68,74,78,82,86,92,90,73,59,57,54,57,68,73,71,70,76,86,79,60,44,41,44,47,50,54,56,56,63,69,64,41,45,42,46,47,50,54
"Providence, RI","Msa","Rhode Island","All Homes",126,119,105,84,84,82,90,98,100,104,108,113,120,118,100,74,62,66,76,79,85,85,92,101,112,110,86,67,62,66,71,77,84,91,94,104,109,116,110,63,48,56,64,73,83,86,92,98,103,100,73,62,55,57,65,71,74
"Milwaukee, WI","Msa","Wisconsin","All Homes",162,158,137,106,85,82,87,97,103,103,110,116,124,121,102,74,64,64,70,72,77,78,90,98,111,112,77,60,59,62,67,73,80,81,86,98,110,108,77,57,54,53,56,64,69,76,81,91,98,92,54,51,49,51,56,59,64
"Jacksonville, FL","Msa","Florida","All Homes",118,114,103,90,90,88,88,89,84,84,86,91,93,80,64,64,66,68,65,60,62,66,68,74,78,76,61,62,61,66,70,70,72,76,77,81,86,79,62,64,64,65,67,70,71,74,72,74,80,76,57,59,62,67,69,70,74
"Memphis, TN","Msa","Tennessee","All Homes",132,124,116,88,82,82,86,97,99,102,102,108,112,110,94,77,74,76,78,77,80,82,90,97,104,102,80,61,56,60,70,71,75,80,84,91,97,93,77,63,60,60,61,46,47,66,80,86,94,94,76,68,64,65,66,69,70
"Hartford, CT","Msa","Connecticut","All Homes",126,127,105,72,74,76,84,92,100,101,104,110,119,116,101,74,64,68,77,84,90,90,96,102,111,112,100,69,60,65,75,85,94,99,104,112,122,131,126,89,58,62,67,77,84,98,103,110,118,118,96,66,62,70,78,85,90
"Richmond, VA","Msa","Virginia","All Homes",104,98,76,64,63,63,70,74,68,72,79,86,91,82,62,53,53,64,68,67,70,72,74,82,85,78,47,56,58,62,69,71,74,74,82,90,96,92,75,54,52,60,63,68,72,76,78,86,88,76,56,50,52,58,64,66,65
"New Orleans, LA","Msa","Louisiana","All Homes",102,103,100,77,74,76,82,89,96,90,96,99,106,101,76,74,73,82,82,78,78,84,88,95,98,98,88,76,72,74,76,78,80,78,82,89,94,91,82,68,64,65,69,74,76,78,77,81,89,86,68,65,62,62,68,70,77
"Buffalo, NY","Msa","New York","All Homes",116,113,96,73,69,69,72,75,77,77,88,99,111,108,72,58,35,54,69,70,72,76,83,91,102,104,90,60,52,47,49,57,63,74,80,93,102,100,76,50,41,46,51,60,71,77,82,89,99,99,71,54,46,49,54,58,62
"Raleigh, NC","Msa","North Carolina","All Homes",130,110,94,79,78,81,86,88,83,83,88,98,103,88,62,61,60,62,67,68,74,75,78,84,89,91,70,58,57,57,62,68,74,78,68,72,80,85,64,47,48,50,55,57,61,61,64,75,82,66,46,43,44,47,52,54,60
"Salt Lake City, UT","Msa","Utah","All Homes",108,102,75,67,64,62,65,64,34,43,66,73,80,74,56,46,44,46,45,48,48,55,54,59,66,67,48,42,44,49,52,54,58,61,64,71,77,64,50,42,42,40,42,46,43,48,51,59,62,42,39,38,35,36,42,40,43
"Rochester, NY","Msa","New York","All Homes",111,102,70,62,63,66,70,76,78,78,85,95,97,84,64,55,52,56,62,69,76,77,78,82,90,91,68,61,57,50,56,64,69,74,70,77,87,90,74,44,39,42,49,58,60,68,76,85,94,87,55,49,47,51,56,60,64
"Grand Rapids, MI","Msa","Michigan","All Homes",128,125,115,88,78,78,82,85,88,90,94,98,103,98,80,66,57,54,60,64,68,75,84,94,106,108,96,64,48,47,53,60,62,67,80,83,98,97,70,46,41,46,50,54,59,66,74,81,93,92,56,48,42,42,46,54,60
"Tucson, AZ","Msa","Arizona","All Homes",106,101,92,84,88,86,82,81,78,70,68,74,83,82,78,76,70,70,71,72,69,67,68,76,85,86,77,75,79,80,81,82,84,81,78,84,94,91,77,73,74,74,74,78,81,74,72,76,84,82,69,70,73,75,76,79,78
"Urban Honolulu, HI","Msa","Hawaii","All Homes",83,83,69,68,68,66,66,68,75,71,75,82,84,75,63,61,60,48,54,57,60,60,60,62,69,64,55,56,56,55,55,58,64,66,67,71,76,68,56,36,41,62,62,63,66,68,72,78,80,70,57,60,62,61,62,65,68
"Fresno, CA","Msa","California","All Homes",96,74,70,57,53,46,38,45,48,42,44,49,55,42,48,54,56,46,43,40,40,48,48,56,64,47,42,48,49,47,49,48,51,53,62,64,67,52,48,43,43,46,47,46,43,44,58,66,69,48,46,44,44,50,54,53,54
"Worcester, MA","Msa","Massachusetts","All Homes",136,131,116,85,77,82,90,97,99,99,108,114,123,123,104,72,61,66,72,76,79,78,86,94,106,96,68,56,52,58,68,75,84,86,94,101,110,118,110,67,46,50,62,72,76,80,86,96,108,102,67,54,54,56,63,73,76
"Stamford, CT","Msa","Connecticut","All Homes",134,127,99,81,80,90,98,105,118,120,126,130,132,122,84,68,63,69,80,90,96,96,98,106,116,114,86,62,58,66,76,90,98,104,104,112,126,122,100,65,57,64,75,92,102,108,112,120,125,122,70,62,63,72,86,99,110
"Albuquerque, NM","Msa","New Mexico","All Homes",132,117,106,83,78,68,73,75,84,86,88,94,98,91,73,70,65,67,70,68,76,78,82,82,94,94,74,67,66,68,73,76,84,88,96,103,106,105,85,58,59,66,76,78,83,84,86,94,96,94,69,63,64,67,72,76,78
"Albany, NY","Msa","New York","All Homes",139,134,129,108,90,90,92,104,108,116,120,124,138,138,126,100,85,82,87,92,100,105,110,118,125,126,123,88,78,74,78,89,96,104,113,126,131,134,130,79,62,59,68,78,89,97,102,111,114,116,100,78,68,69,76,85,90
"Omaha, NE","Msa","Nebraska","All Homes",114,113,92,68,63,63,69,76,82,83,89,98,109,104,71,61,58,56,56,62,69,70,76,82,94,93,66,54,50,53,59,61,64,68,76,85,96,92,54,47,46,43,40,50,57,62,68,75,85,80,60,49,46,49,53,54,57
"New Haven, CT","Msa","Connecticut","All Homes",127,120,102,79,78,83,90,101,106,108,114,122,126,126,107,78,71,72,78,85,94,96,104,113,117,118,107,75,64,69,79,91,99,109,108,113,120,125,118,86,62,63,71,84,86,100,105,112,120,118,95,68,64,70,81,89,98
"Bakersfield, CA","Msa","California","All Homes",88,75,51,50,49,54,60,57,58,61,60,64,65,52,45,48,56,54,52,52,50,55,60,66,63,55,52,50,48,51,57,59,60,64,66,76,76,68,54,50,49,48,50,58,60,60,62,69,73,60,52,52,50,51,60,63,70
"Greenville, SC","Msa","South Carolina","All Homes",148,137,131,116,99,100,108,112,114,113,117,124,131,118,104,87,87,88,89,90,96,99,104,114,126,114,99,75,79,84,88,90,96,97,104,110,114,105,95,70,65,70,78,80,87,92,99,103,112,112,92,75,69,72,78,83,90
"Ventura, CA","Msa","California","All Homes",110,92,78,74,62,58,62,63,70,69,66,69,67,34,40,49,48,49,45,46,48,54,55,62,70,48,40,43,42,45,49,53,61,62,63,72,76,52,43,41,40,44,47,50,53,56,57,61,68,46,38,40,42,48,52,54,57
"Allentown, PA","Msa","Pennsylvania","All Homes",121,116,102,86,84,87,92,99,98,106,114,118,119,115,99,80,75,78,84,88,92,92,100,102,106,111,108,82,68,70,74,84,93,97,105,111,116,117,111,72,61,62,61,66,76,98,103,107,112,113,93,70,69,75,84,89,95
"El Paso, TX","Msa","Texas","All Homes",102,107,94,76,74,80,86,91,88,94,96,102,108,99,89,80,81,83,86,88,88,90,90,96,100,98,87,78,78,70,74,80,88,89,94,103,106,95,66,71,74,76,89,92,90,96,101,105,108,104,96,82,75,65,74,82,91
"Baton Rouge, LA","Msa","Louisiana","All Homes",90,90,63,60,61,60,72,74,78,77,82,85,93,80,61,66,66,71,74,66,69,70,80,87,92,86,78,69,64,62,63,67,72,78,84,85,90,86,74,67,63,63,61,60,64,70,78,81,78,74,60,58,50,57,68,68,68
"Dayton, OH","Msa","Ohio","All Homes",136,131,117,87,80,82,87,91,95,95,100,109,112,105,82,72,69,70,74,76,82,87,90,98,109,110,102,69,56,54,62,74,78,81,89,93,105,105,94,68,61,61,64,71,77,80,84,86,98,94,72,68,65,64,63,67,74
"McAllen, TX","Msa","Texas","All Homes",92,88,74,70,71,60,64,66,62,68,77,86,102,99,86,75,77,88,89,76,78,81,78,81,89,92,91,78,76,78,82,79,78,80,86,89,92,88,76,71,76,72,76,73,72,76,76,86,86,72,58,70,70,69,80,82,86
"Columbia, SC","Msa","South Carolina","All Homes",140,102,87,86,95,98,106,116,119,121,124,128,131,118,103,88,91,98,102,101,102,100,104,110,111,112,107,85,80,82,89,96,103,109,114,120,120,112,99,77,76,82,88,90,91,98,105,106,102,96,79,72,70,75,77,79,83
"Greensboro, NC","Msa","North Carolina","All Homes",142,137,124,108,103,98,103,103,97,103,111,125,130,123,108,89,88,90,95,96,99,97,100,106,111,117,116,90,84,83,91,96,103,103,106,114,116,117,98,84,76,76,77,77,76,75,88,98,104,96,83,76,71,70,76,83,86
"North Port-Sarasota-Bradenton, FL","Msa","Florida","All Homes",111,108,110,102,104,104,108,108,102,95,89,88,89,82,76,78,86,92,88,78,76,72,70,72,81,80,74,76,78,70,77,83,88,85,78,77,76,70,62,63,68,75,78,75,71,68,64,65,69,65,60,70,76,84,88,89,88
"Little Rock, AR","Msa","Arkansas","All Homes",110,110,98,82,82,80,78,82,84,90,94,106,110,107,96,81,77,82,85,85,85,88,94,102,108,109,105,87,84,76,77,78,82,84,92,102,109,90,68,73,68,68,80,81,69,66,74,85,94,97,79,76,74,75,77,82,84
"Stockton, CA","Msa","California","All Homes",78,83,68,56,34,40,66,73,80,45,44,38,48,44,45,48,42,26,34,32,38,40,38,44,49,34,34,36,34,40,35,38,42,47,54,57,62,51,43,37,40,42,39,36,41,50,51,58,58,40,37,34,34,36,36,37,41
"Charleston, SC","Msa","South Carolina","All Homes",128,104,104,86,88,90,95,104,102,99,100,107,110,96,78,75,82,90,91,88,88,93,96,98,107,105,92,72,71,76,78,82,83,66,72,79,94,98,88,71,64,64,68,76,85,92,96,104,106,94,62,62,65,72,72,73,83
"Colorado Springs, CO","Msa","Colorado","All Homes",132,112,70,56,51,56,63,68,67,70,78,92,96,76,60,60,56,60,60,60,68,77,83,87,87,77,56,52,54,57,61,70,76,81,88,92,96,77,54,43,43,42,42,48,53,59,65,71,73,56,35,39,36,37,40,49,56
"Winston-Salem, NC","Msa","North Carolina","All Homes",138,138,114,90,90,93,100,98,98,98,106,115,117,111,102,85,83,93,98,98,97,95,105,112,121,127,122,94,87,89,96,102,107,108,115,127,128,124,92,75,72,75,71,75,77,80,86,97,106,101,86,76,73,83,90,88,92
"Wichita, KS","Msa","Kansas","All Homes",110,109,76,74,72,70,76,76,82,82,84,86,92,87,80,75,68,68,69,70,77,78,82,83,91,90,70,62,60,57,62,66,68,70,72,83,92,80,63,61,49,49,58,57,56,62,69,78,87,77,58,54,54,57,61,62,64
"Springfield, MA","Msa","Massachusetts","All Homes",121,119,104,80,74,76,84,90,94,96,108,111,118,120,100,76,61,62,71,78,84,88,92,102,114,108,95,64,55,61,70,84,94,100,109,115,121,126,116,71,54,56,65,76,83,85,90,102,108,110,91,64,58,58,66,76,82
"Boise City, ID","Msa","Idaho","All Homes",98,97,100,96,82,70,76,77,72,71,80,88,97,84,66,61,56,54,54,55,61,70,77,78,90,89,68,59,51,54,64,65,68,70,84,92,100,89,62,53,50,50,58,61,65,75,82,85,86,76,43,42,42,47,50,51,55
"Toledo, OH","Msa","Ohio","All Homes",130,131,125,101,89,85,88,97,103,109,112,112,113,103,82,82,76,64,70,74,81,80,79,85,92,97,82,64,54,54,58,67,70,80,82,91,100,98,93,69,61,62,62,63,64,72,78,85,92,94,76,63,60,56,59,64,71
"Madison, WI","Msa","Wisconsin","All Homes",176,179,162,134,98,96,102,105,111,119,126,142,154,153,134,87,76,76,85,87,92,97,110,128,133,132,108,71,68,68,76,87,96,110,114,125,131,122,92,59,56,64,72,82,91,97,104,118,123,112,70,58,54,58,64,69,74
"Lakeland, FL","Msa","Florida","All Homes",106,101,94,84,85,84,88,76,76,77,82,91,98,86,75,74,72,70,74,71,68,69,70,74,84,88,76,71,72,70,72,76,83,83,85,89,94,90,78,68,64,74,82,82,78,77,78,82,82,76,64,68,68,76,84,84,78
"Ogden, UT","Msa","Utah","All Homes",102,97,64,58,62,62,68,72,70,68,70,80,92,86,58,54,53,48,52,56,62,67,70,76,82,84,58,49,54,56,61,64,64,68,70,77,85,78,59,48,49,46,47,48,47,50,55,66,68,44,40,40,36,40,43,43,48
"Daytona Beach, FL","Msa","Florida","All Homes",136,127,130,122,113,106,105,102,97,99,99,99,102,96,97,91,96,98,97,90,84,83,84,89,94,91,80,75,79,84,85,84,88,88,88,94,96,92,78,68,73,74,72,72,69,84,86,87,85,80,71,74,76,78,79,76,75
"Des Moines, IA","Msa","Iowa","All Homes",126,123,112,80,76,78,86,94,98,98,98,105,114,101,82,71,70,70,74,78,83,87,92,99,110,113,111,68,62,66,71,78,82,84,92,99,106,96,68,60,56,62,63,64,69,72,80,90,100,99,68,56,54,54,56,57,66
"Jackson, MS","Msa","Mississippi","All Homes",122,119,107,90,85,85,90,97,99,105,110,114,117,106,80,73,82,86,89,88,92,99,108,114,120,118,107,83,76,82,85,91,91,96,100,108,112,102,90,84,76,70,65,69,75,75,72,76,88,90,68,65,64,69,75,80,83
"Scranton, PA","Msa","Pennsylvania","All Homes",133,131,128,104,92,92,96,103,92,109,115,116,125,128,116,91,70,68,82,82,90,99,112,122,132,138,140,121,87,80,84,88,100,105,116,124,131,131,132,110,86,76,82,94,103,113,120,127,126,126,127,106,102,93,95,98,110
"Chattanooga, TN","Msa","Tennessee","All Homes",150,137,126,102,102,100,104,104,104,109,113,120,126,114,106,93,96,102,109,108,113,116,120,127,132,132,122,98,86,90,92,96,100,104,108,124,125,118,108,82,78,76,73,74,84,90,96,99,109,103,90,76,71,71,76,82,84
"Provo, UT","Msa","Utah","All Homes",114,110,91,76,62,60,72,79,81,75,80,88,91,76,56,46,42,46,47,48,54,60,59,62,64,60,50,44,48,51,53,55,58,63,69,77,82,72,48,46,46,42,48,44,49,55,55,61,62,50,40,42,37,35,42,44,50
"Modesto, CA","Msa","California","All Homes",78,75,66,70,60,56,66,68,66,53,54,49,54,47,42,42,36,28,36,34,36,36,41,50,53,38,39,41,42,42,43,43,44,43,50,61,68,51,42,37,42,42,41,42,48,52,55,60,61,50,42,40,36,40,41,40,42
"Durham, NC","Msa","North Carolina","All Homes",144,117,84,77,83,90,102,106,110,111,114,122,123,104,68,60,65,74,85,88,92,95,98,105,109,108,78,60,62,68,77,90,97,96,78,82,90,96,72,50,54,58,67,76,77,76,76,79,90,82,51,50,56,61,72,76,82
"Lexington, KY","Msa","Kentucky","All Homes",118,132,128,90,80,84,92,104,106,108,108,110,116,108,86,73,71,78,85,89,93,94,100,109,119,120,112,80,69,74,80,86,91,96,102,114,122,120,104,74,70,71,75,82,91,94,99,110,116,120,98,69,61,60,66,72,76
"Lafayette, LA","Msa","Louisiana","All Homes",88,71,62,70,64,59,69,75,76,74,76,84,88,86,64,59,60,63,63,64,66,69,76,82,86,68,62,60,57,60,62,62,65,66,62,76,86,74,60,62,56,63,69,61,58,66,71,80,88,91,64,66,66,63,70,77,84
"Lansing, MI","Msa","Michigan","All Homes",132,137,125,106,88,78,84,100,102,102,106,112,113,98,81,74,69,70,75,76,80,84,90,98,111,117,109,82,64,59,63,70,78,84,91,103,110,112,99,64,55,62,68,72,76,80,90,98,106,106,92,71,61,58,58,55,62
"Pensacola, FL","Msa","Florida","All Homes",146,141,136,120,105,104,104,109,112,109,113,117,123,119,101,86,84,89,93,90,90,90,100,104,111,105,94,83,78,81,84,90,93,97,103,105,107,102,82,71,76,79,84,86,93,95,103,104,104,99,85,74,71,77,78,79,83
"Visalia, CA","Msa","California","All Homes",83,72,71,66,67,69,70,66,65,61,73,81,92,70,54,56,57,58,58,58,59,66,71,77,77,74,62,56,56,66,67,66,67,67,70,79,80,79,54,50,46,46,47,49,56,54,54,64,70,56,48,52,44,48,53,57,54
"Reno, NV","Msa","Nevada","All Homes",122,116,106,96,92,85,81,83,86,91,99,107,117,111,92,68,62,57,60,62,68,74,77,82,92,89,63,60,55,53,56,62,68,76,84,94,98,86,54,44,41,46,48,53,55,62,68,78,86,78,52,47,42,47,54,55,61
"Port St. Lucie, FL","Msa","Florida","All Homes",113,91,84,76,93,94,106,111,110,104,104,103,104,96,90,86,89,88,78,65,62,64,67,69,76,76,72,76,78,78,81,84,84,83,83,80,76,69,64,68,62,63,60,60,63,70,69,71,76,67,59,64,70,74,80,79,78
"Santa Maria-Santa Barbara, CA","Msa","California","All Homes",104,97,83,75,82,73,76,81,80,75,80,95,94,84,65,61,56,66,64,59,62,71,76,86,91,82,50,54,55,56,62,62,66,76,78,77,78,70,54,49,50,54,53,59,62,70,68,73,84,72,53,55,50,54,64,69,70
"Reading, PA","Msa","Pennsylvania","All Homes",140,127,114,90,96,96,104,112,116,119,126,132,132,127,116,97,89,84,89,92,98,104,106,104,110,113,108,95,82,78,84,88,94,99,104,118,120,122,119,89,72,70,75,82,91,101,106,110,110,117,103,76,76,84,86,91,100
"Brownsville, TX","Msa","Texas","All Homes",102,73,66,77,77,81,89,73,74,71,88,97,105,94,92,88,91,93,99,98,104,90,62,74,79,97,99,92,90,89,94,105,110,110,106,103,98,88,77,69,88,71,83,92,118,116,111,93,78,78,77,87,90,87,91,95,103
"Killeen, TX","Msa","Texas","All Homes",97,97,87,74,74,68,78,70,64,61,74,79,69,62,70,70,70,74,76,75,81,82,84,86,91,90,80,71,71,70,71,74,76,76,80,90,99,93,68,61,63,62,55,63,64,64,66,78,81,66,51,53,52,59,67,68,70
"Canton, OH","Msa","Ohio","All Homes",131,124,109,77,63,68,76,74,77,77,82,89,104,104,90,68,64,62,68,69,74,75,76,84,95,96,82,63,56,59,64,69,74,82,83,95,105,105,95,78,57,61,60,68,68,71,74,79,92,90,69,61,56,58,63,65,68
"Manchester, NH","Msa","New Hampshire","All Homes",97,101,88,72,67,64,78,92,93,88,88,94,98,93,70,63,52,53,62,68,74,76,84,90,98,94,52,49,46,48,53,64,71,84,91,93,95,92,63,43,42,47,55,61,69,74,81,92,98,90,56,44,42,49,60,69,71
"Anchorage, AK","Msa","Alaska","All Homes",88,77,73,58,49,48,54,59,65,73,82,92,108,98,70,63,64,65,66,68,78,88,89,94,94,80,54,44,44,36,48,57,62,69,78,81,81,70,39,42,48,50,53,56,62,72,80,89,86,66,49,48,53,58,66,71,80
"Peoria, IL","Msa","Illinois","All Homes",123,124,102,82,70,70,72,82,87,90,96,97,99,99,94,82,76,68,66,70,77,83,92,98,106,115,109,78,63,64,71,76,82,85,88,99,112,118,110,79,64,52,49,66,77,78,81,90,104,113,102,76,70,70,76,78,84
"Myrtle Beach, SC","Msa","South Carolina","All Homes",132,118,108,98,98,101,128,142,150,154,155,152,145,132,116,105,104,90,100,98,112,129,128,131,136,132,124,103,102,106,113,112,118,121,120,127,130,126,118,84,83,70,71,72,104,111,123,123,124,104,98,91,101,107,111,115,122
"Gulfport, MS","Msa","Mississippi","All Homes",128,97,66,83,96,90,107,111,122,126,90,78,88,101,118,114,104,108,111,110,106,109,117,127,135,135,133,124,112,110,110,106,104,96,98,108,119,126,122,93,96,97,99,92,89,73,54,61,88,116,132,102,100,105,108,111,78
"Trenton, NJ","Msa","New Jersey","All Homes",135,126,112,87,82,84,90,106,110,115,117,125,136,128,98,74,68,68,78,84,88,90,96,102,111,110,86,62,60,64,71,78,89,92,102,110,113,108,82,53,53,60,71,84,92,96,96,98,103,96,65,54,56,64,76,82,84
"Huntington, WV","Msa","West Virginia","All Homes",98,99,92,76,69,66,69,82,90,94,90,102,109,108,96,85,78,68,68,69,80,86,93,100,113,118,118,90,74,70,74,78,84,87,90,97,112,112,113,79,64,70,75,82,83,87,94,104,115,110,97,78,68,68,77,78,80
"Eugene, OR","Msa","Oregon","All Homes",98,90,92,104,97,89,88,78,84,96,104,113,118,108,58,56,63,61,68,67,76,87,98,116,118,108,74,60,44,50,63,69,80,90,105,118,118,98,66,54,48,56,57,58,66,72,78,85,89,78,51,50,46,47,50,49,55
"Rockford, IL","Msa","Illinois","All Homes",142,145,137,116,97,88,88,94,100,103,103,106,110,114,116,92,77,68,68,67,73,76,88,93,108,113,111,76,62,64,71,74,80,85,90,97,106,106,102,69,61,63,66,72,84,94,98,106,112,110,82,64,62,61,62,71,82
"Ann Arbor, MI","Msa","Michigan","All Homes",149,134,112,75,63,74,86,96,100,103,112,106,102,100,76,59,56,60,60,60,64,67,77,85,100,94,65,52,47,48,52,60,68,78,86,94,102,100,58,49,46,47,50,57,67,69,78,87,99,102,71,52,47,54,58,62,70
"Ocala, FL","Msa","Florida","All Homes",110,112,106,87,82,78,84,82,80,74,79,89,103,89,67,70,82,88,83,75,77,77,78,82,89,90,84,77,75,76,77,81,83,82,81,84,89,87,76,74,72,68,69,72,76,77,77,76,78,77,68,69,68,70,63,62,72
"Kalamazoo, MI","Msa","Michigan","All Homes",145,140,140,108,90,86,93,99,104,109,110,116,124,125,130,104,78,75,84,88,91,89,96,105,118,132,136,90,60,56,61,74,82,89,110,118,129,137,123,70,59,63,72,78,86,92,103,117,130,128,120,90,78,78,78,85,91
"Naples, FL","Msa","Florida","All Homes",129,125,132,128,127,130,137,137,140,134,112,96,97,94,98,104,113,122,127,126,110,96,84,92,92,87,80,82,87,90,97,104,106,104,90,84,83,81,76,73,75,84,85,91,91,94,78,72,77,70,65,80,91,104,118,128,131
"South Bend, IN","Msa","Indiana","All Homes",154,151,141,103,90,76,102,85,82,82,96,124,132,142,132,98,76,76,82,84,89,94,106,112,123,127,124,85,69,68,73,78,88,94,106,117,126,130,118,71,54,60,69,77,89,96,97,111,124,126,121,81,77,77,70,72,84
"Roanoke, VA","Msa","Virginia","All Homes",140,139,127,95,85,88,95,98,98,102,106,112,123,108,88,84,86,86,93,98,104,104,104,112,124,132,122,71,66,76,88,102,105,110,116,123,129,122,119,86,85,80,95,106,118,132,134,142,145,144,133,100,85,85,96,107,110
"Green Bay, WI","Msa","Wisconsin","All Homes",116,137,125,98,88,89,98,110,114,119,123,128,133,130,116,92,78,75,82,85,93,104,112,126,132,134,120,82,64,64,76,84,91,105,118,130,138,138,124,76,60,55,61,79,83,83,88,98,114,114,97,70,62,56,56,64,80
"Fort Collins, CO","Msa","Colorado","All Homes",141,126,96,76,74,74,78,84,94,92,100,105,111,100,68,64,62,55,58,64,75,83,98,107,118,110,78,57,53,52,53,62,67,72,84,100,112,96,64,42,40,42,43,46,49,56,64,81,106,106,57,50,41,43,48,50,56
"Utica, NY","Msa","New York","All Homes",120,129,122,90,68,70,73,77,88,98,118,132,145,154,151,104,83,77,81,82,92,97,99,109,116,107,107,90,85,78,81,87,96,105,118,131,138,142,142,131,68,62,79,82,100,112,123,134,152,159,146,120,88,82,84,90,101
"Boulder, CO","Msa","Colorado","All Homes",134,119,88,60,60,64,72,78,88,95,106,124,131,93,50,48,47,45,49,55,64,74,82,94,91,72,44,39,40,40,47,56,60,68,80,89,90,68,40,32,32,34,36,44,54,62,69,86,112,101,50,42,36,34,40,48,55
"Erie, PA","Msa","Pennsylvania","All Homes",136,131,122,90,79,80,84,83,82,87,100,114,133,140,138,107,84,77,78,83,91,98,109,125,140,142,145,118,82,77,81,90,96,105,115,131,148,153,156,133,82,69,71,74,81,92,104,118,129,112,98,80,78,74,76,83,92
"Fort Smith, AR","Msa","Arkansas","All Homes",103,105,95,88,82,82,84,95,88,90,94,107,115,108,94,84,86,92,88,80,81,81,88,95,110,114,114,96,90,85,83,87,91,91,99,106,121,125,119,80,73,69,75,72,69,74,66,66,78,64,43,60,70,77,86,97,103
"Atlantic City, NJ","Msa","New Jersey","All Homes",138,133,132,132,83,85,92,112,142,146,150,150,154,148,138,126,119,120,120,119,124,127,131,138,145,140,136,120,106,110,112,116,119,118,122,136,138,140,130,99,95,98,109,112,119,106,104,107,114,130,137,126,110,112,118,124,137
"New London, CT","Msa","Connecticut","All Homes",142,137,132,94,86,88,96,110,118,123,132,131,133,134,124,92,78,81,89,95,102,105,110,126,133,132,126,90,76,77,85,98,108,116,120,125,132,140,138,124,77,72,79,91,100,112,120,134,132,134,123,91,77,84,85,96,106
"San Luis Obispo, CA","Msa","California","All Homes",112,97,80,72,67,59,64,69,74,77,82,92,85,78,62,61,57,66,70,65,62,69,78,90,94,82,55,50,49,54,63,70,74,80,83,89,90,70,55,49,49,54,58,67,70,76,80,82,84,71,51,50,50,56,63,68,76
"Gainesville, FL","Msa","Florida","All Homes",158,151,143,138,116,112,116,116,112,112,112,115,117,106,98,87,90,95,95,96,98,104,106,110,119,106,84,68,71,75,82,84,89,91,98,104,104,92,68,69,68,66,68,72,82,84,88,83,73,62,47,53,56,63,72,82,87
"Santa Cruz, CA","Msa","California","All Homes",90,82,58,56,50,54,60,63,66,71,80,86,75,51,39,44,43,50,50,53,56,61,60,66,70,41,42,35,38,39,42,46,56,61,60,69,64,38,40,35,34,36,43,41,43,56,62,92,100,61,30,30,35,36,42,46,52
"Clarksville, TN","Msa","Tennessee","All Homes",109,108,96,77,76,82,86,95,96,96,95,96,104,98,93,82,84,88,91,88,90,92,96,102,107,111,105,84,78,82,85,90,90,90,96,104,106,90,76,70,63,62,65,74,81,84,86,96,100,95,70,68,65,69,76,82,84
"Wilmington, NC","Msa","North Carolina","All Homes",160,138,119,100,95,101,112,124,128,123,120,116,124,119,112,94,92,99,109,109,110,110,104,107,116,115,116,92,78,78,81,79,75,61,67,86,102,98,87,67,66,76,81,82,88,89,90,74,76,58,54,72,84,90,101,110,114
"Kennewick, WA","Msa","Washington","All Homes",103,103,107,70,65,68,76,77,72,70,79,92,111,102,100,84,74,72,70,67,70,72,80,88,97,91,74,70,62,64,68,65,66,72,80,89,96,89,69,57,54,55,60,61,60,62,65,74,84,78,51,47,43,44,51,50,52
"Greeley, CO","Msa","Colorado","All Homes",111,108,79,64,56,60,66,68,75,75,77,82,88,70,57,56,53,49,48,55,61,68,74,76,84,70,54,44,42,44,42,47,50,54,60,71,78,52,40,33,38,40,41,40,47,50,54,61,68,63,39,38,35,37,40,42,47
"Waco, TX","Msa","Texas","All Homes",89,87,72,67,67,64,70,75,82,82,81,91,101,101,92,72,76,78,77,75,76,76,68,80,83,76,67,69,66,66,63,67,62,70,77,102,104,94,66,59,57,57,56,56,61,60,52,70,73,62,48,57,56,57,52,46,52
"Lynchburg, VA","Msa","Virginia","All Homes",105,97,92,76,74,72,80,84,88,83,90,100,111,111,91,78,75,80,84,86,88,89,92,104,109,110,96,70,68,76,82,90,98,103,110,118,117,108,102,75,70,76,89,97,100,104,112,124,126,133,120,86,77,82,86,97,103
"Binghamton, NY","Msa","New York","All Homes",120,119,118,98,85,77,84,84,91,92,104,113,123,120,118,93,88,80,82,84,94,100,108,111,126,118,130,86,74,75,82,90,96,109,112,123,128,134,140,130,80,68,77,87,96,103,115,124,138,131,121,84,71,70,78,88,98
"Hagerstown, MD","Msa","Maryland","All Homes",145,136,126,92,84,93,100,109,110,109,108,110,120,119,108,82,75,72,77,80,83,90,98,98,105,106,98,68,64,72,78,86,96,99,111,123,128,127,122,78,70,73,89,98,104,103,106,112,116,122,106,86,70,72,78,86,94
"Laredo, TX","Msa","Texas","All Homes",87,56,53,59,48,38,48,49,55,62,60,69,77,62,56,62,54,58,60,48,52,41,46,64,70,40,46,47,48,42,50,49,48,44,54,62,62,37,41,40,56,58,55,46,50,56,48,55,58,46,57,64,60,65,63,56,58
"Yakima, WA","Msa","Washington","All Homes",117,123,112,86,68,63,70,69,84,91,98,104,108,74,61,68,62,61,68,68,72,78,94,101,111,106,80,70,68,71,71,74,80,85,91,100,112,106,94,56,56,63,69,70,77,88,92,98,107,102,71,58,30,42,71,76,84
"Champaign-Urbana, IL","Msa","Illinois","All Homes",160,159,152,127,100,92,98,103,110,120,130,134,140,132,114,95,80,82,90,91,101,111,118,130,139,137,124,76,64,66,74,86,94,100,112,124,134,136,126,82,69,70,73,76,83,92,104,111,116,109,77,66,63,61,77,83,91
"Tuscaloosa, AL","Msa","Alabama","All Homes",105,94,69,80,87,85,94,94,96,89,94,108,105,104,77,74,76,78,73,58,72,85,80,80,83,104,106,78,68,70,70,78,81,90,92,107,110,100,76,71,78,87,73,65,74,89,90,103,105,81,36,54,60,62,77,88,86
"College Station, TX","Msa","Texas","All Homes",96,77,56,56,60,69,78,83,90,91,102,113,117,90,62,62,67,70,76,73,84,88,93,96,89,51,43,47,54,61,76,80,86,84,91,95,86,65,48,42,53,49,52,54,56,64,74,89,78,43,47,46,42,52,58,63,70
"Charleston, WV","Msa","West Virginia","All Homes",82,70,73,68,63,65,57,67,80,84,90,104,115,116,101,90,85,84,80,80,84,88,94,102,120,132,132,88,76,76,82,90,92,100,96,105,111,116,122,84,74,79,91,95,96,96,102,110,126,132,131,104,92,87,91,92,97
"Chico, CA","Msa","California","All Homes",92,92,86,76,62,58,63,68,66,68,80,89,95,84,56,50,40,47,47,48,55,66,71,71,76,71,48,49,49,52,55,53,62,62,66,77,87,76,52,41,43,53,52,55,59,70,72,81,92,74,50,55,51,60,62,57,65
"Claremont, NH","Msa","New Hampshire","All Homes",139,129,126,116,90,90,94,106,110,117,126,124,131,144,135,121,102,90,91,104,114,127,138,148,155,165,128,76,78,76,84,96,106,118,132,145,154,153,134,98,80,84,89,98,116,132,149,164,168,174,161,138,108,96,101,106,122
"Cape Cod, MA","Msa","Massachusetts","All Homes",153,156,147,114,98,98,110,121,127,126,133,137,138,143,139,109,93,94,103,106,102,97,102,116,130,134,126,90,84,78,84,96,106,112,116,122,133,132,124,85,70,69,76,92,103,110,116,131,142,144,133,85,78,83,92,99,111
"Springfield, IL","Msa","Illinois","All Homes",102,104,86,69,70,70,75,71,73,81,90,88,106,101,82,67,58,66,72,67,70,78,90,98,112,120,101,72,64,62,64,70,74,83,84,91,100,106,95,65,53,46,37,60,74,74,79,92,92,92,68,64,54,55,56,63,77
"Tyler, TX","Msa","Texas","All Homes",122,116,88,69,68,68,74,76,82,88,89,99,104,86,71,73,80,86,89,90,93,96,100,112,116,102,79,65,57,67,71,66,74,83,91,100,110,104,90,72,68,60,62,69,73,77,80,83,88,79,56,58,60,61,60,67,76
"Las Cruces, NM","Msa","New Mexico","All Homes",166,173,160,162,164,148,144,140,132,131,135,137,147,147,134,132,123,128,139,133,139,134,138,139,138,132,124,102,98,97,118,122,126,134,134,135,137,133,126,96,90,91,89,96,95,103,105,86,90,99,98,122,110,100,98,97,102
"Fargo, ND","Msa","North Dakota","All Homes",90,88,72,62,54,51,62,69,64,58,65,82,96,100,66,51,46,38,38,47,46,49,60,74,99,102,62,54,45,44,50,48,54,69,68,75,82,88,53,42,42,39,47,41,50,55,60,59,57,66,50,42,42,44,50,52,55
"Houma, LA","Msa","Louisiana","All Homes",108,108,94,80,76,74,80,78,78,82,86,89,102,98,97,74,73,77,82,89,92,87,48,59,73,98,110,96,94,90,89,88,90,89,82,84,88,88,74,70,78,90,83,71,71,77,87,97,98,86,76,82,84,92,86,76,68
"Rochester, MN","Msa","Minnesota","All Homes",113,116,76,65,69,76,82,88,79,75,75,82,91,88,62,56,57,56,61,62,67,75,81,90,106,105,68,51,50,55,62,65,69,63,70,78,110,108,64,48,54,62,67,70,71,77,80,92,96,96,51,50,48,37,54,72,72
"Florence, SC","Msa","South Carolina","All Homes",139,133,122,98,102,93,92,99,98,106,103,110,111,106,104,100,107,111,111,109,115,118,122,131,146,138,136,96,99,101,98,92,98,106,114,132,134,130,124,89,92,95,103,102,96,94,102,100,110,114,101,86,84,87,84,96,104
"Lake Havasu City, AZ","Msa","Arizona","All Homes",103,105,104,96,78,79,90,99,90,81,84,93,102,100,99,95,94,95,95,98,97,90,84,84,96,98,86,83,88,88,90,92,92,90,86,91,99,101,69,75,76,95,100,104,103,100,98,99,101,100,89,84,81,83,87,94,97
"Yuma, AZ","Msa","Arizona","All Homes",77,84,82,76,48,52,68,73,80,75,60,67,76,74,68,79,89,82,70,66,71,51,47,65,78,80,69,68,76,72,74,77,76,69,76,84,86,90,89,68,72,72,67,68,70,67,66,74,83,78,68,74,62,64,79,88,83
"Racine, WI","Msa","Wisconsin","All Homes",170,169,160,144,113,115,114,123,134,123,120,132,150,146,138,130,97,82,83,80,90,90,98,100,110,114,90,75,76,80,82,82,86,91,98,111,115,119,102,70,65,68,59,60,69,82,82,96,106,110,98,63,56,53,62,67,70
"Athens, GA","Msa","Georgia","All Homes",163,159,150,130,116,118,124,124,118,118,120,115,125,115,112,92,95,96,103,109,116,119,114,120,118,113,107,82,81,87,102,106,106,109,107,113,116,108,74,69,68,84,92,100,103,114,118,124,122,108,70,68,68,71,82,85,93
"Torrington, CT","Msa","Connecticut","All Homes",163,155,144,112,91,100,110,123,134,145,158,162,168,168,167,140,99,92,97,110,120,125,136,148,161,166,168,134,92,86,98,110,126,131,136,140,150,154,160,147,103,84,85,100,113,129,140,153,163,167,154,119,91,89,100,107,120
"St. Cloud, MN","Msa","Minnesota","All Homes",151,142,120,82,69,69,75,84,93,92,88,98,105,110,86,42,54,62,69,73,79,87,88,97,103,97,68,68,56,60,71,80,89,74,84,98,111,122,86,58,60,70,81,92,85,88,91,105,116,116,86,64,61,65,76,84,88
"Hilton Head Island, SC","Msa","South Carolina","All Homes",144,147,142,153,136,132,148,144,149,160,158,158,157,143,132,122,118,127,134,102,100,103,110,134,124,124,118,102,94,103,112,122,126,125,121,128,132,127,110,99,80,86,86,98,104,106,115,140,144,142,102,92,96,104,116,133,143
"Panama City, FL","Msa","Florida","All Homes",131,126,128,94,83,90,92,101,84,77,80,106,116,110,103,92,101,102,105,94,96,97,104,114,116,115,106,90,88,88,92,91,96,99,104,113,118,110,99,82,76,73,77,77,89,90,106,110,119,108,98,83,82,89,99,104,114
"Kingston, NY","Msa","New York","All Homes",102,105,108,124,116,99,100,112,118,125,134,136,146,156,160,135,110,103,105,114,124,130,136,146,159,160,154,126,94,80,89,99,110,125,134,148,154,158,162,106,80,76,93,108,116,126,134,149,160,159,156,134,102,87,94,104,116
"Daphne, AL","Msa","Alabama","All Homes",101,96,93,88,90,100,118,119,118,116,111,118,124,126,123,120,102,103,105,104,109,115,118,124,129,120,114,91,86,72,81,84,104,116,118,125,120,111,88,83,81,90,100,106,113,118,117,122,122,112,91,79,82,90,97,99,107
"Blacksburg, VA","Msa","Virginia","All Homes",118,109,89,69,68,74,88,96,100,94,105,114,110,96,76,68,68,74,78,86,92,92,89,100,117,112,86,68,69,74,82,95,97,96,98,104,107,100,85,68,63,70,74,78,86,94,97,113,100,98,65,56,52,69,83,90,88
"Jacksonville, NC","Msa","North Carolina","All Homes",90,94,82,65,57,64,88,103,108,99,98,94,105,100,99,90,89,98,104,109,110,111,82,62,68,87,82,102,102,102,111,116,108,102,102,111,120,111,101,83,84,88,89,89,90,98,102,110,118,112,107,84,78,86,98,108,106
"Terre Haute, IN","Msa","Indiana","All Homes",120,124,112,92,78,80,84,85,92,95,104,110,116,112,100,86,75,74,71,74,80,89,101,111,121,132,122,106,81,78,81,93,97,104,112,120,126,126,114,79,72,68,71,83,92,97,102,105,106,98,75,73,72,58,56,72,82
"Waterloo, IA","Msa","Iowa","All Homes",153,103,70,58,55,57,66,67,78,80,81,98,102,79,56,43,53,51,54,55,62,70,78,85,92,100,96,55,46,48,54,59,63,69,76,86,98,96,65,58,52,55,62,64,69,76,83,92,98,104,72,58,54,53,62,71,78
"Oshkosh, WI","Msa","Wisconsin","All Homes",140,152,142,101,86,90,96,105,110,108,112,126,138,134,128,89,84,73,72,76,90,91,98,111,125,140,140,105,72,71,78,86,95,102,105,114,126,126,112,68,58,65,73,88,92,96,96,105,114,114,96,70,59,60,64,71,84
"Yuba City, CA","Msa","California","All Homes",90,87,70,70,58,50,52,62,55,64,69,66,55,41,44,35,34,36,36,50,56,47,49,57,61,35,41,39,42,46,49,44,43,50,54,60,61,52,43,37,44,44,46,51,50,52,50,52,58,56,46,40,37,40,43,48,53
"Dover, DE","Msa","Delaware","All Homes",96,90,94,89,112,113,117,121,136,123,124,129,134,103,74,79,82,84,95,100,100,108,112,90,96,94,102,93,88,92,95,104,106,108,109,116,126,128,128,100,84,73,70,76,89,91,96,107,118,115,106,80,78,74,78,88,104
"Eau Claire, WI","Msa","Wisconsin","All Homes",148,149,136,111,82,88,98,113,119,116,116,117,99,94,73,88,82,80,92,96,102,105,118,128,137,131,113,78,77,76,81,82,90,93,103,121,120,120,78,55,52,59,70,78,78,89,98,113,126,120,98,68,61,62,70,75,77
"Janesville, WI","Msa","Wisconsin","All Homes",152,150,132,111,87,100,110,116,119,120,124,133,144,150,148,124,89,78,84,90,96,109,112,122,137,147,153,132,84,76,81,86,97,104,118,127,134,133,112,69,62,70,79,84,86,86,94,103,112,116,86,56,54,55,58,65,75
"Jackson, MI","Msa","Michigan","All Homes",118,127,119,98,88,90,99,104,106,109,109,114,116,118,111,99,90,80,82,78,84,89,98,103,108,114,119,97,70,68,74,83,90,92,102,114,125,118,115,89,63,62,69,83,68,67,86,108,120,126,118,82,74,70,74,73,82
"Pueblo, CO","Msa","Colorado","All Homes",123,118,106,74,61,72,74,74,70,70,77,92,96,90,78,72,70,69,70,74,75,81,83,91,96,100,88,72,66,67,74,76,74,74,83,93,99,95,71,64,61,56,56,54,48,52,68,75,86,84,68,60,48,44,51,50,59
"Bowling Green, KY","Msa","Kentucky","All Homes",126,125,125,98,84,76,85,95,99,105,104,100,95,91,100,90,88,88,84,82,82,83,89,98,105,110,111,84,70,68,77,81,82,87,96,110,118,122,121,75,62,64,60,59,69,82,84,93,101,102,47,52,57,60,68,70,77
"Vineland, NJ","Msa","New Jersey","All Homes",139,138,132,114,95,106,113,124,136,126,132,148,151,158,154,140,110,106,112,120,135,134,134,143,146,144,140,133,116,120,118,118,126,123,123,126,129,128,117,96,90,72,68,82,92,92,93,91,108,103,96,90,94,103,104,105,112
"Monroe, MI","Msa","Michigan","All Homes",160,157,119,106,81,81,86,102,112,116,107,106,125,120,120,122,109,101,112,115,118,133,131,136,140,150,146,140,95,78,77,87,97,104,122,131,140,144,135,105,76,77,47,58,76,82,90,121,132,127,114,90,88,84,78,76,84
"Burlington, NC","Msa","North Carolina","All Homes",147,137,131,114,118,110,111,121,113,127,131,125,131,126,106,90,83,92,98,100,105,102,110,121,127,124,113,95,85,86,95,100,108,102,104,112,121,117,108,80,79,76,69,67,72,76,82,82,110,110,104,82,64,65,74,73,74
"Madera, CA","Msa","California","All Homes",100,97,89,72,70,92,95,112,114,103,102,112,102,85,54,44,55,73,90,96,87,81,83,91,100,102,92,67,60,62,70,86,89,90,85,88,92,98,81,63,64,69,71,78,81,82,81,93,108,111,81,58,66,71,78,83,90
"Chambersburg, PA","Msa","Pennsylvania","All Homes",132,123,114,90,90,94,105,116,110,99,90,107,121,121,122,97,93,91,98,98,94,89,89,94,106,108,106,78,72,76,90,96,104,113,112,120,118,122,124,94,86,78,85,89,98,102,109,118,124,127,114,83,75,82,92,99,100
"Florence, AL","Msa","Alabama","All Homes",110,99,77,82,79,79,97,97,106,108,96,98,104,93,69,82,82,82,75,76,84,89,88,87,95,104,84,79,78,84,89,90,98,95,98,109,118,118,118,86,79,78,81,81,84,91,92,98,102,99,79,72,72,76,78,84,84
"Concord, NH","Msa","New Hampshire","All Homes",132,132,115,83,74,77,86,101,96,99,102,107,131,132,122,85,64,68,83,95,104,112,116,126,138,140,112,67,54,60,70,77,89,99,111,119,127,126,105,63,54,60,68,77,90,101,111,119,118,110,75,60,58,67,78,81,90
"Dothan, AL","Msa","Alabama","All Homes",116,99,90,88,96,96,96,92,90,94,98,108,118,119,120,117,107,99,102,98,105,106,111,118,123,126,122,112,93,92,91,98,104,104,108,118,124,124,118,102,108,110,112,112,111,120,119,130,140,140,132,110,107,105,104,104,105
"Santa Fe, NM","Msa","New Mexico","All Homes",163,154,148,141,117,108,109,112,103,110,124,134,140,164,161,132,100,94,92,88,93,106,118,136,155,160,155,96,71,71,91,98,116,125,140,144,155,159,151,117,81,77,96,108,121,136,146,151,161,158,147,124,88,84,89,97,107
"Johnstown, PA","Msa","Pennsylvania","All Homes",108,119,111,100,85,81,78,79,90,91,94,105,119,126,122,102,76,70,80,80,89,90,106,116,122,140,150,130,85,76,81,90,102,105,97,101,110,119,128,134,86,83,84,93,97,98,106,112,119,121,126,120,102,98,98,98,102
"Traverse City, MI","Msa","Michigan","All Homes",205,209,208,207,192,138,127,131,141,158,172,175,181,183,182,157,98,76,97,106,125,144,158,166,178,186,174,161,106,86,85,98,118,133,150,161,176,182,188,135,83,72,84,96,95,116,132,139,148,174,175,148,94,86,92,106,121
"Homosassa Springs, FL","Msa","Florida","All Homes",152,134,140,144,135,134,137,133,128,119,117,118,120,116,110,106,105,109,108,107,104,99,103,101,105,104,109,99,102,102,98,90,92,92,94,95,94,96,87,76,62,69,84,104,103,100,99,95,97,92,90,90,90,98,98,89,86
"Auburn, AL","Msa","Alabama","All Homes",116,113,94,84,96,99,101,90,82,87,98,112,109,98,83,86,91,90,96,99,98,103,108,112,120,110,107,88,84,87,88,96,103,102,106,112,110,100,97,82,80,74,68,58,55,66,88,113,108,95,71,70,64,64,76,94,104
"Coeur d'Alene, ID","Msa","Idaho","All Homes",161,146,50,38,68,84,88,89,95,103,96,104,115,110,78,61,60,68,75,82,90,98,113,125,119,106,84,77,66,66,74,86,96,106,116,120,120,112,79,54,57,66,75,82,92,100,106,119,116,94,55,54,54,57,68,81,90
"Vero Beach, FL","Msa","Florida","All Homes",132,124,123,126,124,118,118,117,118,104,98,93,101,96,90,84,94,108,110,110,102,81,77,83,95,96,96,93,97,106,110,106,104,96,89,90,92,87,78,83,81,86,56,61,70,80,80,82,88,80,72,76,78,80,88,100,92
"Napa, CA","Msa","California","All Homes",110,90,70,70,67,62,68,72,82,83,85,85,87,70,48,42,46,49,49,54,60,42,48,74,75,64,52,42,44,51,56,63,64,66,71,82,89,83,48,43,38,48,56,62,54,59,64,72,83,80,58,42,45,51,55,54,60
"Battle Creek, MI","Msa","Michigan","All Homes",78,69,86,103,90,82,86,96,108,112,112,114,117,116,112,88,82,80,72,76,82,85,90,96,104,112,110,92,72,58,62,70,79,84,94,97,113,118,110,77,60,62,70,70,76,82,88,96,105,110,96,78,73,64,66,64,71
"Eureka, CA","Msa","California","All Homes",106,116,130,99,86,64,66,80,92,85,92,94,83,87,85,64,66,59,50,57,70,78,80,85,106,90,60,61,62,62,74,50,35,62,84,103,111,99,62,55,57,50,55,60,64,74,80,78,74,59,49,45,43,38,52,58,64
"Flagstaff, AZ","Msa","Arizona","All Homes",131,117,90,84,83,79,87,101,112,120,140,146,131,114,76,64,64,68,77,87,100,109,104,110,114,128,124,81,69,68,74,81,96,104,120,133,144,135,107,56,53,62,73,98,114,127,137,152,158,156,116,70,62,62,68,88,108
"Lumberton, NC","Msa","North Carolina","All Homes",114,106,96,91,91,90,88,99,111,105,101,110,109,104,82,86,118,138,141,132,122,112,106,122,144,134,139,102,108,117,130,130,124,124,123,132,136,122,116,90,94,98,104,104,106,99,110,119,129,79,54,78,100,119,128,128,136
"La Crosse, WI","Msa","Wisconsin","All Homes",148,126,133,106,80,78,88,96,90,85,92,106,104,92,72,70,68,62,64,68,79,84,84,93,109,120,114,70,60,60,71,71,74,74,86,98,112,105,69,50,47,51,56,66,68,78,82,88,96,108,107,69,53,49,56,56,60
"Sierra Vista, AZ","Msa","Arizona","All Homes",129,125,126,114,106,110,108,113,120,117,113,112,112,101,103,93,94,98,108,116,122,122,128,134,136,98,96,87,106,116,116,120,122,117,113,116,120,126,119,112,96,102,103,106,112,119,125,121,128,124,126,114,106,110,107,106,112
"Lawton, OK","Msa","Oklahoma","All Homes",98,90,84,74,63,62,72,76,76,68,71,78,87,94,94,79,70,68,56,67,77,83,96,98,90,93,98,90,78,81,83,85,84,84,92,104,113,118,86,64,72,84,97,94,92,91,92,103,107,108,100,84,79,77,88,92,96
"Farmington, NM","Msa","New Mexico","All Homes",111,112,92,70,66,67,71,68,70,74,81,88,78,75,65,72,77,76,68,66,74,78,84,93,98,108,82,80,78,85,89,90,86,90,96,117,115,116,117,81,79,84,84,73,78,90,91,99,96,88,77,72,73,79,87,90,92
"Morgantown, WV","Msa","West Virginia","All Homes",135,112,88,79,78,87,98,103,104,112,120,125,138,135,125,74,74,84,93,94,102,110,124,129,142,142,123,77,70,71,79,90,98,109,112,118,130,128,127,105,70,72,83,88,98,101,112,120,122,127,113,80,72,83,93,104,111
"Winchester, VA","Msa","Virginia","All Homes",118,103,94,68,69,78,78,84,91,96,104,105,102,95,85,80,72,62,62,64,62,59,62,71,75,84,91,64,62,63,74,86,96,100,110,112,120,126,107,69,62,70,87,98,102,93,105,124,126,123,111,76,73,69,78,87,91
"St. Joseph, MO","Msa","Missouri","All Homes",113,110,101,89,85,90,95,103,107,106,103,113,122,125,132,110,89,88,88,80,82,88,96,104,118,131,131,108,96,86,81,83,92,108,109,121,130,115,102,77,73,72,79,86,93,98,105,92,90,91,99,84,70,76,86,89,88
"Altoona, PA","Msa","Pennsylvania","All Homes",114,119,104,69,74,71,76,70,78,74,93,100,98,85,64,77,76,76,76,76,83,89,100,104,112,121,125,98,72,74,80,78,84,88,91,97,120,123,122,85,69,62,67,76,84,88,99,102,111,106,88,79,77,82,82,78,71
"New Bern, NC","Msa","North Carolina","All Homes",158,144,130,122,105,82,113,123,100,105,111,116,138,146,134,120,111,112,116,122,131,136,140,146,158,158,153,131,115,119,126,135,139,145,148,154,158,154,131,92,66,72,83,96,128,154,154,162,168,160,145,133,111,109,116,125,132
"Logan, UT","Msa","Utah","All Homes",94,92,72,48,54,56,64,70,79,68,80,80,69,68,70,68,55,56,61,68,64,58,67,86,96,60,54,51,53,58,74,82,84,83,84,97,112,113,90,53,57,57,56,56,61,68,76,82,73,66,49,45,37,39,50,42,48
"Mansfield, OH","Msa","Ohio","All Homes",122,131,125,90,88,75,81,74,76,77,90,97,108,106,88,76,66,61,65,68,77,78,88,100,117,128,128,95,65,62,63,40,40,63,86,99,113,128,129,80,55,52,75,72,69,82,86,98,102,100,83,72,68,62,67,70,78
"Goldsboro, NC","Msa","North Carolina","All Homes",126,124,114,89,96,92,98,83,84,89,104,118,112,108,101,90,91,96,102,96,93,104,106,116,126,128,130,118,108,98,98,102,106,104,104,106,108,109,98,91,90,92,97,96,92,94,102,108,105,102,102,92,56,62,86,106,108
"Augusta, ME","Msa","Maine","All Homes",158,166,160,118,80,78,96,109,119,130,140,149,160,122,109,94,98,92,91,95,102,109,120,138,158,168,168,154,84,74,81,93,104,120,134,147,162,166,172,138,93,76,77,92,110,122,132,146,160,161,166,149,117,92,94,106,118
"Jonesboro, AR","Msa","Arkansas","All Homes",117,110,56,66,74,92,84,75,83,82,80,90,110,112,102,82,78,77,80,75,74,86,90,93,96,97,98,82,65,68,75,81,78,77,83,92,97,96,75,78,68,68,65,78,70,74,78,92,104,104,96,78,66,70,80,92,102
"Sherman, TX","Msa","Texas","All Homes",130,126,118,96,94,98,98,103,98,99,110,120,124,118,97,82,87,96,98,96,97,105,107,122,119,110,84,78,76,75,81,90,100,101,102,103,104,104,93,78,72,80,78,70,76,85,93,104,104,100,79,76,71,71,71,76,86
"Anniston, AL","Msa","Alabama","All Homes",154,154,131,121,106,112,128,120,124,127,136,142,158,152,140,142,131,106,92,93,104,111,122,130,138,144,133,117,107,110,110,107,98,103,116,124,135,136,134,106,104,107,108,112,117,126,135,142,148,148,140,116,106,104,109,113,126
"Mount Vernon, WA","Msa","Washington","All Homes",156,158,150,125,98,86,85,91,100,113,120,134,137,126,87,76,76,82,80,84,90,97,102,110,112,109,100,83,70,68,81,94,104,116,119,130,139,143,110,73,63,64,70,80,88,94,100,104,124,112,68,62,48,54,64,63,70
"Albany, OR","Msa","Oregon","All Homes",100,104,105,120,104,102,91,90,93,103,108,115,125,118,111,85,75,76,75,76,84,91,100,115,123,124,110,71,58,59,69,70,80,86,103,111,114,108,78,57,54,58,54,62,72,78,81,77,78,64,50,56,48,54,55,54,57
"Williamsport, PA","Msa","Pennsylvania","All Homes",88,84,72,44,42,47,46,55,66,55,52,58,61,61,58,56,55,38,60,69,76,60,62,75,88,93,99,86,54,56,56,62,62,69,83,92,98,94,83,60,56,61,64,65,69,80,76,84,96,89,67,61,57,59,76,78,91
"Cleveland, TN","Msa","Tennessee","All Homes",147,147,134,116,88,98,116,130,139,140,134,132,147,140,130,123,103,103,109,112,125,130,123,126,124,122,122,104,100,98,96,98,106,116,127,135,136,132,119,64,61,58,60,68,88,98,103,117,120,115,102,97,88,90,90,96,105
"Wooster, OH","Msa","Ohio","All Homes",138,120,113,87,82,86,90,104,118,109,110,108,105,102,86,81,74,63,70,76,82,83,89,99,105,120,113,83,80,74,67,72,80,84,94,105,112,100,84,76,57,61,59,54,57,75,82,84,92,87,82,66,56,66,66,71,67
"Morristown, TN","Msa","Tennessee","All Homes",160,160,157,157,131,130,134,135,148,152,151,152,165,166,149,142,113,114,125,124,128,131,139,144,155,159,145,124,100,100,104,121,134,144,154,164,172,174,172,158,110,72,78,88,118,140,138,159,167,162,146,120,110,104,112,124,130
"Ogdensburg, NY","Msa","New York","All Homes",95,101,82,92,93,94,97,101,72,69,83,108,138,162,148,102,76,69,64,68,78,87,84,87,102,98,116,87,62,62,74,82,96,104,116,119,136,146,141,86,66,76,83,94,102,116,126,124,137,148,135,113,78,72,85,106,118
"Michigan City, IN","Msa","Indiana","All Homes",134,134,140,135,99,94,100,99,105,112,124,140,139,130,106,81,78,73,81,83,94,93,98,102,119,129,134,122,76,64,71,78,84,96,104,113,125,126,117,89,76,66,65,72,83,97,108,122,136,148,157,151,90,82,84,89,106
"Holland, MI","Msa","Michigan","All Homes",180,173,166,154,119,116,110,116,124,130,142,150,159,150,148,122,98,88,90,96,108,112,116,120,128,145,146,103,57,57,67,80,87,97,120,134,141,145,136,84,58,60,69,85,99,112,119,134,143,146,125,78,70,76,79,89,102
"Wenatchee, WA","Msa","Washington","All Homes",130,126,72,52,57,70,82,84,90,99,118,133,142,134,112,94,89,86,101,106,114,108,101,112,125,119,116,82,68,74,83,100,115,130,139,156,144,140,126,84,73,80,84,92,103,118,128,149,156,146,123,72,64,68,78,89,103
"Lewiston, ME","Msa","Maine","All Homes",139,141,129,98,86,90,102,118,124,120,127,138,140,112,92,88,90,92,102,104,113,120,126,137,154,154,140,124,84,76,78,90,98,106,118,127,149,152,162,137,106,77,77,86,102,116,124,134,144,151,151,122,90,78,86,89,86
"Roseburg, OR","Msa","Oregon","All Homes",102,102,94,98,108,92,101,96,100,113,118,124,124,116,105,90,99,92,96,84,94,108,114,128,138,135,110,84,72,74,88,96,98,110,117,120,124,124,108,74,70,78,84,87,90,98,104,111,116,112,104,85,64,69,74,77,80
"Cookeville, TN","Msa","Tennessee","All Homes",165,158,154,160,136,138,131,97,74,71,82,100,132,122,124,114,96,97,100,113,125,129,124,128,138,134,138,146,120,98,101,110,118,129,137,147,152,152,144,119,96,80,76,84,89,90,89,98,110,104,89,80,65,68,71,68,72
"California-Lexington Park, MD","Msa","Maryland","All Homes",129,120,112,85,75,77,86,96,94,96,104,110,119,110,93,77,83,91,95,89,88,90,100,92,103,103,97,81,72,74,78,82,93,100,106,119,124,124,108,84,80,78,93,106,118,122,123,132,132,128,106,70,69,78,90,97,110
"Cumberland, MD","Msa","Maryland","All Homes",152,154,138,114,111,108,116,125,132,139,142,138,155,161,155,150,123,110,92,101,108,118,128,126,131,130,123,105,91,91,100,108,118,119,119,131,133,147,160,140,112,103,115,119,129,139,146,154,162,174,180,150,124,104,111,111,122
"Whitewater, WI","Msa","Wisconsin","All Homes",152,146,142,122,71,74,88,116,138,144,151,156,158,148,140,132,110,98,104,104,110,124,135,143,151,153,155,120,104,85,95,101,111,119,128,139,140,138,130,84,75,73,82,89,110,128,136,148,152,136,118,78,74,72,86,97,112
"Fond du Lac, WI","Msa","Wisconsin","All Homes",152,135,131,96,90,81,90,98,101,120,124,104,116,132,126,108,71,72,78,87,98,104,107,129,141,138,136,110,92,81,79,88,101,122,125,134,125,124,120,78,76,86,94,103,112,122,128,137,145,141,125,96,84,83,89,97,106
"Ashtabula, OH","Msa","Ohio","All Homes",148,138,132,104,95,89,91,98,111,117,128,138,139,143,118,96,92,100,96,100,102,106,115,123,130,134,129,88,83,82,94,90,102,110,110,126,145,152,151,125,77,67,78,91,100,108,113,126,142,147,142,117,86,77,84,92,108
"Gettysburg, PA","Msa","Pennsylvania","All Homes",150,132,123,118,100,106,112,121,126,126,120,125,118,112,97,82,80,90,103,108,116,110,111,118,113,124,114,92,76,75,81,88,96,103,104,111,120,126,122,98,86,82,84,90,89,92,82,92,83,64,68,84,76,64,66,74,95
"Tullahoma, TN","Msa","Tennessee","All Homes",170,165,152,136,122,125,128,132,132,133,144,142,146,149,142,128,106,110,108,109,116,118,125,132,150,150,146,126,111,102,108,116,122,123,126,135,145,120,110,79,80,74,82,86,92,104,111,119,134,134,119,80,72,77,89,84,84
"Adrian, MI","Msa","Michigan","All Homes",126,116,103,95,85,85,92,96,100,104,104,112,116,118,107,88,82,80,85,84,89,92,98,112,123,117,114,83,68,70,74,84,86,91,98,105,118,120,114,81,62,68,76,87,92,100,102,110,124,130,121,86,72,76,78,82,84
"Twin Falls, ID","Msa","Idaho","All Homes",137,98,102,96,92,94,98,116,118,123,116,120,138,139,134,94,64,73,85,90,94,96,108,110,112,104,84,70,70,71,76,80,83,93,97,105,101,96,90,94,90,87,84,88,90,94,104,110,100,90,75,70,66,63,70,77,84
"Corning, NY","Msa","New York","All Homes",120,124,124,120,104,85,83,88,101,107,110,121,134,127,119,109,95,80,83,86,96,99,107,118,132,148,144,126,94,85,78,87,92,108,118,133,144,151,146,127,111,91,84,70,82,90,114,124,131,130,124,100,83,82,90,90,95
"Sebring, FL","Msa","Florida","All Homes",104,115,116,114,109,103,102,106,104,91,88,99,101,99,96,94,103,106,108,110,112,98,86,88,99,97,96,83,88,89,90,88,80,71,71,86,91,94,88,75,81,87,88,84,86,83,76,68,71,69,64,74,84,82,80,80,90
"Truckee, CA","Msa","California","All Homes",98,103,105,82,79,56,68,82,87,105,110,108,107,100,79,56,53,50,54,64,76,87,88,90,93,90,65,56,53,54,67,82,82,90,94,100,102,95,75,68,60,54,55,64,70,75,82,96,94,81,59,53,47,54,56,68,78
"Fairbanks, AK","Msa","Alaska","All Homes",103,101,41,40,49,56,56,64,68,77,88,100,110,73,54,48,48,52,61,72,86,87,84,92,104,98,68,45,48,51,58,68,76,82,82,90,98,98,54,43,50,54,50,52,62,73,84,90,92,92,57,44,46,42,52,63,70
"Mankato, MN","Msa","Minnesota","All Homes",98,97,74,57,57,67,67,74,86,89,98,96,97,94,83,64,56,56,68,83,84,92,98,113,119,126,107,67,58,59,62,70,85,99,110,126,138,118,83,48,49,54,49,37,51,78,94,99,109,104,56,50,51,55,63,69,74
"Rome, GA","Msa","Georgia","All Homes",156,144,132,77,79,91,102,109,108,105,108,122,118,122,117,99,97,88,99,86,83,90,104,118,138,144,140,84,77,84,96,98,102,106,116,130,126,118,98,84,94,93,111,108,110,116,124,124,127,127,126,109,106,106,104,98,98
"Sunbury, PA","Msa","Pennsylvania","All Homes",72,91,78,71,74,68,79,81,90,84,88,95,112,115,108,84,62,59,57,55,63,75,78,74,62,64,66,75,76,76,74,80,82,91,86,100,112,119,102,69,64,66,71,80,89,90,82,85,97,112,109,96,62,64,76,97,93
"Victoria, TX","Msa","Texas","All Homes",89,81,62,52,54,54,60,60,48,56,78,86,87,84,63,60,66,70,55,50,54,56,61,80,83,78,51,49,60,53,56,63,60,60,72,88,95,86,66,66,62,63,60,50,55,65,62,76,77,58,49,56,48,50,62,71,82
"Talladega, AL","Msa","Alabama","All Homes",156,139,119,94,98,116,125,119,121,112,105,122,137,139,140,143,132,122,124,119,121,132,132,144,168,168,170,152,108,106,104,111,110,102,98,116,118,127,132,104,103,94,98,108,111,126,143,147,149,140,127,116,120,119,115,111,108
"Manhattan, KS","Msa","Kansas","All Homes",82,72,58,42,54,50,48,60,51,57,62,68,80,70,54,53,47,52,50,55,54,58,62,72,83,79,51,42,47,50,50,59,65,64,63,68,74,70,51,42,50,50,54,64,71,78,72,80,88,77,46,49,51,55,56,59,64
"Parkersburg, WV","Msa","West Virginia","All Homes",104,105,83,72,80,84,88,82,84,71,90,96,108,104,82,74,57,50,48,66,84,90,88,74,75,85,93,123,108,89,84,90,84,72,80,98,94,84,75,74,30,46,61,76,82,92,102,105,121,126,100,68,46,47,66,76,82
"New Philadelphia, OH","Msa","Ohio","All Homes",87,118,137,96,83,76,82,78,86,82,82,82,106,120,98,62,54,60,64,65,78,76,70,78,88,89,78,64,67,76,75,72,81,84,73,74,87,86,70,76,62,64,57,64,60,60,77,92,104,105,77,66,58,56,63,71,73
"Elmira, NY","Msa","New York","All Homes",92,94,66,62,68,72,75,75,76,70,72,84,100,111,114,96,82,76,74,78,84,84,90,107,123,126,133,114,94,84,88,98,102,111,118,130,130,138,138,133,102,90,85,78,88,88,101,113,124,124,128,94,90,84,90,96,104
"Meadville, PA","Msa","Pennsylvania","All Homes",169,185,176,144,118,104,106,102,105,112,126,138,156,164,168,166,124,108,102,106,115,120,124,131,145,152,150,149,116,94,94,93,100,108,118,137,157,170,180,177,138,100,98,112,113,112,118,123,141,138,138,140,120,112,108,110,118
"Beaver Dam, WI","Msa","Wisconsin","All Homes",162,166,156,154,145,120,119,117,121,118,120,136,141,143,148,129,96,82,84,92,100,110,122,130,145,144,139,120,92,84,87,92,100,111,119,139,154,161,155,132,76,77,86,102,117,125,128,132,138,140,124,87,74,72,80,89,94
"Corvallis, OR","Msa","Oregon","All Homes",136,132,114,114,98,80,74,71,86,98,106,120,122,104,68,66,56,63,70,76,84,88,92,104,116,121,110,63,46,50,56,60,76,90,112,126,119,110,59,47,50,50,54,52,54,66,70,89,86,83,56,42,38,46,47,54,58
"Branson, MO","Msa","Missouri","All Homes",118,118,93,83,84,91,99,104,110,114,124,113,112,108,101,86,86,95,105,116,132,133,138,149,154,156,146,106,85,86,88,83,84,96,110,125,140,133,129,116,105,97,68,84,95,120,148,175,181,176,153,125,106,112,122,124,131
"Opelousas, LA","Msa","Louisiana","All Homes",110,91,88,86,86,90,79,83,91,98,100,99,112,116,102,76,69,76,82,68,66,74,88,100,112,120,83,61,70,83,96,99,94,89,88,98,116,111,110,89,65,67,78,80,85,88,90,103,116,122,105,88,81,75,80,85,89
"Grants Pass, OR","Msa","Oregon","All Homes",134,130,112,103,115,88,90,80,94,109,114,120,114,90,76,71,64,68,78,84,90,95,98,104,117,123,107,77,70,74,81,90,100,96,96,105,111,113,106,63,61,62,61,62,71,82,92,119,117,112,86,74,62,60,69,77,77
"Plattsburgh, NY","Msa","New York","All Homes",142,147,112,79,75,69,79,91,84,82,94,106,137,154,162,146,104,88,90,92,106,111,104,108,124,137,130,126,86,76,74,90,100,110,112,112,128,129,126,99,63,61,70,92,101,110,126,140,140,148,142,104,81,83,92,100,118
"Athens, TX","Msa","Texas","All Homes",128,119,106,84,80,88,93,110,121,124,122,127,127,116,103,94,99,100,100,90,100,112,120,128,118,106,100,90,86,77,78,83,107,111,114,128,127,116,110,65,66,79,81,88,90,102,122,137,129,120,104,90,97,110,116,121,132
"Somerset, PA","Msa","Pennsylvania","All Homes",124,119,124,114,92,80,89,100,106,114,116,118,131,137,140,136,103,97,96,98,100,99,100,111,130,138,154,152,92,73,89,105,116,118,104,105,124,138,144,153,144,104,93,100,110,124,130,146,159,144,147,124,102,93,98,112,122
"Stillwater, OK","Msa","Oklahoma","All Homes",171,152,123,76,61,65,63,64,70,82,89,110,106,98,72,65,64,78,80,82,94,106,114,124,116,106,61,53,48,54,56,55,65,80,90,103,91,93,59,43,50,60,61,56,63,64,68,84,102,70,49,47,49,55,60,58,69
"Keene, NH","Msa","New Hampshire","All Homes",135,127,129,98,78,82,91,102,113,119,132,136,133,137,124,101,70,67,82,102,114,128,135,136,139,154,128,84,63,56,68,84,100,116,131,145,143,152,149,112,60,61,70,91,110,128,139,154,152,152,80,61,66,76,78,86,101
"Columbus, IN","Msa","Indiana","All Homes",106,115,110,82,63,60,68,70,76,90,98,102,94,91,82,73,70,70,67,68,68,61,71,83,99,97,84,55,55,62,66,68,73,88,84,86,90,96,89,64,57,55,56,65,69,70,71,77,84,85,78,58,58,58,63,63,70
"Roanoke Rapids, NC","Msa","North Carolina","All Homes",150,126,122,86,116,120,120,93,78,82,90,100,124,110,118,128,111,110,120,123,132,146,125,135,147,150,143,151,136,134,132,122,125,137,134,138,134,137,137,130,113,128,138,134,141,160,162,159,162,154,156,154,136,138,139,142,150
"Centralia, WA","Msa","Washington","All Homes",122,144,138,133,104,88,83,90,102,117,125,134,131,120,114,87,77,80,82,94,102,111,114,117,116,108,91,82,74,87,85,88,89,103,113,122,130,132,113,90,70,75,80,93,102,112,108,106,119,114,85,62,54,52,60,70,83
"Wisconsin Rapids-Marshfield, WI","Msa","Wisconsin","All Homes",121,136,134,120,107,110,118,123,126,119,124,121,132,140,119,105,68,64,70,81,88,109,113,130,138,147,150,128,113,104,103,106,109,112,120,135,156,165,163,140,86,87,96,104,117,127,131,137,154,154,152,122,98,91,88,89,93
"Palatka, FL","Msa","Florida","All Homes",184,183,167,159,140,130,132,141,132,125,126,132,133,135,140,137,129,130,132,128,125,135,142,140,145,138,127,120,120,122,126,131,118,116,120,131,138,140,126,116,112,117,116,128,127,134,138,130,124,128,125,124,124,128,133,134,132
"Seneca, SC","Msa","South Carolina","All Homes",169,166,166,164,170,163,163,166,170,176,178,180,197,184,166,156,132,130,140,152,161,161,162,171,172,167,154,122,113,118,130,139,149,158,158,172,167,168,164,122,96,91,99,121,136,146,159,163,168,152,136,114,106,112,124,130,143
"Mount Airy, NC","Msa","North Carolina","All Homes",137,134,107,105,76,71,70,74,94,105,112,121,132,142,126,132,114,106,112,106,110,109,104,116,116,112,112,110,99,85,83,93,88,106,119,127,136,140,115,90,76,63,66,80,73,81,64,74,86,100,132,116,98,106,104,110,121
"Glenwood Springs, CO","Msa","Colorado","All Homes",178,178,126,126,110,109,120,111,120,133,149,146,152,154,140,131,137,135,134,140,148,153,163,176,182,188,183,160,141,118,112,112,118,132,150,160,168,174,164,112,94,86,83,83,98,116,126,139,137,125,128,134,122,112,104,121,144
"Key West, FL","Msa","Florida","All Homes",128,103,115,121,125,138,163,159,158,162,158,150,150,132,138,142,142,149,165,166,167,165,148,140,139,130,138,150,140,141,152,154,166,167,163,152,140,126,121,120,106,112,110,112,138,140,140,124,115,103,104,108,111,121,134,141,145
"Aberdeen, WA","Msa","Washington","All Homes",119,127,105,86,77,78,82,94,104,116,124,122,136,136,126,92,92,92,96,102,101,110,108,114,124,128,114,81,74,76,82,94,108,113,120,138,141,139,124,89,81,78,83,87,91,96,101,113,116,118,97,78,62,60,69,77,88
"Greenfield Town, MA","Msa","Massachusetts","All Homes",147,156,148,81,66,69,76,91,107,112,122,142,160,164,171,130,81,72,85,92,105,104,106,113,125,136,134,69,51,60,75,89,99,119,124,119,132,140,147,127,66,59,65,82,93,113,126,142,154,164,134,98,78,78,78,92,104
"Stevens Point, WI","Msa","Wisconsin","All Homes",156,160,153,132,102,96,94,91,98,107,116,120,131,141,128,92,75,77,85,72,89,93,103,121,132,146,154,138,85,68,70,80,97,119,126,148,164,157,133,82,70,70,74,96,104,108,110,118,128,140,120,68,62,63,62,68,80
"North Wilkesboro, NC","Msa","North Carolina","All Homes",117,112,111,117,103,112,111,108,115,110,112,112,118,121,120,128,113,110,98,100,114,105,106,113,118,128,140,147,130,91,90,90,106,118,114,125,136,135,132,99,78,80,106,122,135,146,134,149,154,121,63,60,88,107,132,145,154
"Klamath Falls, OR","Msa","Oregon","All Homes",130,119,114,98,111,90,94,92,101,112,117,120,135,140,121,94,75,77,77,80,85,99,116,122,139,132,116,82,73,77,77,79,84,98,120,133,138,138,104,68,63,60,68,86,98,100,106,120,129,126,110,76,69,48,56,73,88
"Marshall, TX","Msa","Texas","All Homes",99,89,80,68,89,76,76,68,84,84,90,104,112,104,89,84,74,68,71,81,94,102,106,114,116,101,96,84,78,81,83,88,94,106,114,124,122,112,94,81,82,82,78,74,78,80,80,89,91,95,72,70,66,64,72,82,98
"Athens, OH","Msa","Ohio","All Homes",142,161,134,93,70,52,71,98,122,146,166,194,164,140,101,94,97,82,87,86,97,112,116,126,146,152,150,117,86,80,92,104,117,121,136,148,172,170,161,100,79,83,92,108,110,111,115,135,138,134,70,84,86,94,112,106,114
"Clearlake, CA","Msa","California","All Homes",92,80,68,68,71,70,72,76,84,78,86,94,97,70,55,58,65,75,77,82,85,82,87,88,94,72,67,65,65,68,72,74,88,98,106,120,115,101,64,56,56,57,60,72,77,92,92,92,84,84,70,58,52,58,67,75,82
"Hutchinson, KS","Msa","Kansas","All Homes",94,90,66,62,57,58,69,74,74,74,76,78,90,84,70,39,56,54,55,67,74,83,86,93,92,104,86,75,57,56,60,65,70,78,87,100,110,119,89,61,56,50,56,56,54,65,74,78,86,87,52,56,55,55,62,76,88
"Ionia, MI","Msa","Michigan","All Homes",135,135,129,101,99,100,112,110,106,114,117,124,122,121,111,92,76,78,85,86,96,98,110,110,122,130,132,97,71,68,69,78,88,85,95,102,124,134,132,91,63,64,74,77,90,98,95,105,116,105,84,64,56,61,70,78,80
"Coos Bay, OR","Msa","Oregon","All Homes",154,160,126,117,112,95,107,103,122,133,129,130,133,131,108,105,100,98,97,107,112,111,117,128,138,129,121,95,86,83,86,97,98,113,126,135,143,147,138,97,75,88,92,99,107,123,129,135,140,126,114,92,85,83,84,92,104
"Oneonta, NY","Msa","New York","All Homes",149,146,136,135,92,94,97,103,114,120,135,148,152,160,157,142,102,90,96,102,104,112,117,128,147,154,157,120,101,92,92,89,100,110,124,141,165,176,179,176,150,108,96,107,119,138,154,176,196,196,175,146,114,107,117,124,129
"Baraboo, WI","Msa","Wisconsin","All Homes",158,162,156,141,101,103,109,116,126,133,138,145,155,156,143,130,105,101,99,91,94,99,108,130,156,155,156,124,98,98,102,106,114,120,122,138,152,166,152,78,81,83,104,126,132,143,148,162,148,153,134,77,71,75,86,89,102
"Salina, KS","Msa","Kansas","All Homes",87,84,86,63,57,63,66,66,70,81,86,86,78,80,70,55,54,62,58,60,68,61,74,84,98,90,60,43,52,63,68,76,80,75,75,84,90,83,64,49,54,59,55,41,40,52,78,86,70,66,51,43,43,51,55,57,66
"Rutland, VT","Msa","Vermont","All Homes",129,123,124,117,108,111,111,120,117,120,130,125,133,153,158,151,138,118,105,105,116,130,141,150,160,166,141,117,92,100,98,108,120,130,145,161,174,173,166,151,110,105,106,112,125,134,140,152,170,172,168,162,159,121,122,116,128
"Albemarle, NC","Msa","North Carolina","All Homes",152,123,119,104,102,92,106,122,136,146,166,151,110,90,94,98,96,107,106,120,134,128,127,148,145,144,146,136,117,122,109,102,116,124,131,148,149,156,162,142,91,48,67,84,94,98,100,110,128,88,64,76,90,87,94,102,112
"Jefferson, GA","Msa","Georgia","All Homes",121,116,96,70,70,75,86,81,84,84,86,96,104,86,63,72,85,89,76,67,75,83,88,92,97,93,65,64,61,62,68,75,85,85,84,85,96,91,60,60,60,68,74,76,76,86,93,103,106,110,81,67,58,60,68,80,80
"Laconia, NH","Msa","New Hampshire","All Homes",158,152,145,97,83,85,99,116,126,144,153,155,146,149,140,107,89,91,95,103,114,120,124,134,147,136,100,70,71,68,77,90,106,120,132,144,140,140,130,94,70,70,78,96,112,131,136,144,146,145,120,86,75,82,88,92,110
"Barre, VT","Msa","Vermont","All Homes",117,126,132,142,115,90,90,105,120,128,138,134,138,147,126,121,109,96,88,91,99,115,128,128,138,149,100,82,82,78,75,81,94,112,122,136,152,144,141,127,90,86,89,103,119,132,147,155,158,167,169,156,126,97,97,96,116
"Kinston, NC","Msa","North Carolina","All Homes",168,156,159,154,134,138,128,122,114,110,113,115,132,139,140,137,119,124,112,112,118,110,113,134,151,149,151,160,128,132,110,108,109,109,118,127,132,134,140,133,121,110,97,98,103,123,135,142,153,152,152,143,118,126,118,121,143
"Palestine, TX","Msa","Texas","All Homes",118,132,131,124,90,78,82,80,78,78,98,103,108,111,119,114,90,82,90,88,99,111,116,130,134,132,125,83,76,80,96,102,115,118,118,119,108,104,104,93,108,88,63,63,64,74,78,80,95,83,46,57,82,99,89,89,89
"Dublin, GA","Msa","Georgia","All Homes",124,134,125,92,96,104,114,122,123,103,101,107,117,106,105,81,96,86,90,82,96,89,90,95,98,108,89,74,79,89,99,107,97,86,86,102,112,128,118,82,76,80,69,74,90,98,91,92,105,104,92,85,90,105,104,102,80
"Fairmont, WV","Msa","West Virginia","All Homes",120,102,85,88,80,70,70,89,96,103,106,110,126,130,125,107,85,87,85,83,91,90,98,98,106,131,135,126,73,68,74,76,79,86,94,110,114,130,128,84,68,70,64,66,73,84,88,97,107,109,98,82,75,74,68,58,68
"Gloversville, NY","Msa","New York","All Homes",106,131,136,138,100,99,104,116,131,143,147,158,172,174,164,137,100,94,105,113,130,136,142,142,146,146,157,124,88,87,96,106,114,113,123,137,143,158,167,127,94,76,83,93,114,126,136,144,157,150,158,149,103,89,92,107,120
"Carson City, NV","Msa","Nevada","All Homes",114,102,92,86,83,71,70,76,84,84,84,92,104,92,74,69,64,76,76,78,62,79,88,102,112,105,94,85,90,90,70,70,82,96,95,109,116,110,74,47,52,56,52,60,64,66,78,76,77,64,44,46,40,42,49,48,50
"Calhoun, GA","Msa","Georgia","All Homes",82,103,113,89,81,77,80,91,101,113,92,84,83,89,78,68,78,83,71,74,76,83,89,86,89,80,78,80,83,77,74,72,80,82,87,82,94,102,95,85,78,82,83,84,85,92,90,96,94,93,78,78,71,68,73,80,86
"Ontario, OR","Msa","Oregon","All Homes",111,94,92,120,137,134,138,90,92,94,111,130,132,141,108,84,74,79,82,94,92,92,94,109,111,117,114,92,70,78,98,97,97,101,114,119,118,109,92,79,76,82,82,93,105,110,114,119,104,104,93,81,81,87,86,85,77
"Payson, AZ","Msa","Arizona","All Homes",140,130,117,83,74,73,85,84,86,92,99,109,112,88,56,58,62,72,74,89,105,118,119,126,132,126,79,60,66,71,90,111,121,134,135,138,152,144,119,64,70,87,96,91,93,104,116,142,162,162,131,83,82,84,96,111,120
"Galesburg, IL","Msa","Illinois","All Homes",116,116,91,76,70,69,70,71,63,61,66,86,98,80,75,76,75,72,67,72,76,90,90,103,120,126,134,106,72,67,76,80,85,86,84,87,111,118,111,70,63,56,63,70,77,70,76,84,103,104,96,81,77,73,73,77,91
"Warrensburg, MO","Msa","Missouri","All Homes",114,118,106,91,83,89,90,91,94,99,102,110,112,120,114,92,85,86,95,101,106,116,119,125,132,136,125,99,88,67,60,76,90,102,112,120,117,111,111,68,56,68,82,86,97,104,110,120,113,111,71,66,66,76,78,75,72
"Fernley, NV","Msa","Nevada","All Homes",113,110,98,92,96,96,94,90,82,88,93,96,94,85,102,104,92,75,74,60,65,72,88,90,88,90,74,62,66,73,75,70,78,77,82,97,98,91,55,51,44,51,52,60,69,84,96,104,98,90,69,58,57,61,68,70,77
"Mason City, IA","Msa","Iowa","All Homes",184,190,160,132,117,103,112,119,126,130,141,152,170,175,170,132,92,82,92,98,98,111,123,135,142,150,152,134,88,83,90,109,118,132,137,153,158,162,136,71,60,59,67,73,76,72,78,94,118,130,110,69,46,56,66,66,75
"Durango, CO","Msa","Colorado","All Homes",159,153,133,130,82,72,79,97,112,128,136,148,153,158,150,94,76,76,71,80,101,124,141,151,132,126,109,102,90,82,88,99,117,129,139,153,166,150,138,90,74,70,76,94,114,130,147,162,178,176,166,142,101,93,100,112,131
"Platteville, WI","Msa","Wisconsin","All Homes",138,153,156,120,95,90,97,102,91,91,100,113,131,141,126,88,85,93,98,100,94,90,110,128,131,140,133,105,96,84,77,83,100,108,110,123,136,139,135,62,63,76,88,88,96,122,133,140,162,162,112,88,76,90,100,95,92
"Bartlesville, OK","Msa","Oklahoma","All Homes",118,109,83,72,66,69,64,83,85,95,86,82,76,74,70,74,64,68,69,60,69,72,68,76,91,89,74,44,48,53,62,70,77,84,92,92,104,106,90,64,62,69,74,68,70,78,87,96,106,104,71,62,61,70,72,78,90
"Ozark, AL","Msa","Alabama","All Homes",104,91,82,84,93,82,78,80,70,76,81,104,120,114,94,80,76,68,80,90,87,89,98,102,110,104,116,107,106,108,97,78,82,89,91,102,110,102,90,85,100,99,111,104,110,112,106,106,100,105,100,86,78,84,90,97,104
"Paris, TX","Msa","Texas","All Homes",130,120,106,88,84,96,96,102,118,112,107,112,112,119,114,108,92,90,76,82,85,104,112,123,135,131,126,86,86,87,98,99,112,104,89,90,108,110,112,96,90,98,94,73,68,74,86,100,114,114,91,74,64,63,54,56,71
"Kerrville, TX","Msa","Texas","All Homes",130,126,115,97,104,74,78,90,98,123,128,136,140,130,131,104,114,130,138,144,162,186,212,221,214,186,182,176,167,140,137,136,137,152,154,161,160,149,144,90,90,92,106,112,109,116,134,148,146,136,131,96,102,111,110,116,124
"New Castle, IN","Msa","Indiana","All Homes",132,122,57,62,71,68,79,83,94,93,99,90,106,102,98,90,83,84,75,69,74,76,84,88,106,110,110,77,32,44,63,63,75,82,84,95,109,116,118,50,44,62,78,78,84,90,92,98,106,114,113,86,64,62,65,72,79
"Clovis, NM","Msa","New Mexico","All Homes",107,111,90,62,55,58,68,81,74,73,68,78,82,75,60,66,68,82,85,83,89,101,104,124,132,118,100,89,77,79,74,74,83,96,103,105,113,108,107,89,84,78,90,82,92,94,46,56,73,96,103,77,71,83,96,98,108
"Nogales, AZ","Msa","Arizona","All Homes",106,82,78,75,97,126,130,134,130,113,114,115,119,138,135,121,109,104,110,125,126,118,116,112,124,134,144,142,149,76,66,80,108,135,124,128,131,120,116,104,82,80,93,104,120,107,90,104,122,128,138,136,134,122,128,124,127
"Bogalusa, LA","Msa","Louisiana","All Homes",84,102,97,66,66,76,83,94,92,80,90,72,82,79,87,70,60,71,86,108,110,95,112,134,152,106,85,77,60,65,76,78,84,88,96,95,81,66,72,84,98,110,105,113,112,123,124,144,146,112,104,90,86,86,91,76,71
"Gardnerville Ranchos, NV","Msa","Nevada","All Homes",138,102,90,86,104,104,100,97,105,108,122,128,126,123,105,91,87,88,84,83,94,106,112,126,130,117,102,80,69,72,78,82,83,92,98,107,122,124,110,63,53,62,72,82,92,101,107,119,129,135,101,72,64,68,80,95,108
"Tahlequah, OK","Msa","Oklahoma","All Homes",137,135,106,101,91,100,102,108,120,110,112,126,112,114,104,96,107,106,108,124,132,131,126,123,132,128,108,82,78,93,101,112,116,118,132,138,148,139,124,91,54,81,104,114,128,126,128,142,145,138,124,99,90,96,100,106,118
"Ponca City, OK","Msa","Oklahoma","All Homes",122,126,101,84,85,91,98,114,100,105,113,120,131,132,124,73,62,68,76,74,87,87,84,84,82,93,102,75,61,62,63,76,86,88,96,98,91,102,109,88,77,69,71,70,74,60,56,66,89,80,48,63,74,61,65,76,84
"Red Wing, MN","Msa","Minnesota","All Homes",124,131,130,117,104,104,114,108,108,97,96,95,112,110,95,62,68,68,69,72,78,82,89,96,105,99,104,74,63,64,70,77,87,81,80,94,111,132,115,75,66,67,67,64,63,74,78,96,118,133,118,53,55,56,64,79,82
"Newport, OR","Msa","Oregon","All Homes",132,130,135,136,97,104,104,112,140,150,160,165,172,154,134,109,98,96,102,106,120,132,142,150,155,164,151,122,89,90,103,118,132,146,157,168,156,142,116,90,68,70,89,111,124,139,148,162,174,164,134,94,84,88,98,108,122
"McAlester, OK","Msa","Oklahoma","All Homes",106,113,112,102,90,66,82,77,64,81,84,107,118,112,90,81,78,78,90,94,98,100,105,112,122,136,130,105,92,90,102,105,119,126,133,144,150,132,120,92,96,96,108,109,106,100,110,116,99,100,90,84,93,96,98,97,104
"Blackfoot, ID","Msa","Idaho","All Homes",131,132,118,77,67,74,85,95,102,97,100,112,110,118,115,82,77,86,104,107,122,122,101,102,108,106,124,96,86,86,90,94,98,92,100,121,132,138,122,72,68,70,70,69,90,102,105,111,120,114,98,71,62,68,70,80,92
"Shelbyville, TN","Msa","Tennessee","All Homes",165,152,138,124,105,112,118,119,127,138,156,168,167,172,166,160,131,128,134,118,128,132,137,132,134,148,151,140,102,81,88,100,112,134,138,138,136,121,100,92,98,75,71,72,91,84,85,83,97,112,42,49,52,72,82,76,74
"Mount Sterling, KY","Msa","Kentucky","All Homes",134,137,124,98,95,112,121,125,136,136,140,134,141,140,132,142,126,122,114,103,111,118,130,140,147,152,148,130,106,77,82,90,108,111,110,118,128,134,126,101,87,98,92,97,104,124,130,140,147,154,132,84,78,89,90,86,84
"Ottumwa, IA","Msa","Iowa","All Homes",136,146,145,138,112,90,89,76,80,90,96,107,114,112,112,100,74,70,78,76,82,82,86,96,118,124,136,118,100,89,78,79,49,59,74,98,121,118,105,74,76,58,59,69,51,54,63,93,113,122,95,76,60,71,76,71,74
"Paragould, AR","Msa","Arkansas","All Homes",124,130,106,76,80,65,68,75,67,67,78,99,110,126,119,102,95,88,90,80,74,77,76,82,100,106,114,84,76,61,67,77,86,82,76,85,96,96,98,92,84,72,73,72,64,65,69,73,80,91,74,73,76,85,92,90,98
"Lawrenceburg, TN","Msa","Tennessee","All Homes",138,125,122,101,95,93,94,103,103,105,108,114,138,132,119,110,102,114,94,92,93,98,102,112,129,131,110,71,75,82,94,81,62,68,94,115,117,102,87,91,88,67,75,82,91,90,87,98,104,99,101,90,84,95,91,90,94
"El Campo, TX","Msa","Texas","All Homes",152,160,153,156,105,97,105,104,99,104,105,110,141,143,144,142,106,91,78,74,76,82,85,92,111,120,124,67,66,76,96,104,92,85,91,110,116,114,102,51,55,80,84,71,66,87,97,117,128,126,113,88,92,110,118,120,125
"Sandpoint, ID","Msa","Idaho","All Homes",100,104,122,128,109,97,91,101,107,110,126,136,140,126,107,96,88,76,74,82,90,95,110,122,126,128,133,111,84,76,83,94,114,137,148,160,158,153,133,83,64,75,82,97,108,124,139,146,149,152,126,76,58,56,72,88,110
"Garden City, KS","Msa","Kansas","All Homes",106,116,109,52,56,55,65,63,74,83,89,90,91,104,99,103,64,66,51,52,68,71,70,84,92,92,68,76,72,76,64,62,62,53,62,76,88,79,73,53,42,42,40,56,50,58,62,78,98,98,90,58,54,61,66,69,84
"Tifton, GA","Msa","Georgia","All Homes",118,121,117,83,91,83,79,75,73,78,84,88,90,84,80,79,81,74,82,78,94,90,94,102,112,121,124,123,105,90,85,82,84,91,106,119,116,105,101,80,82,87,104,113,105,98,101,116,131,116,78,74,80,90,90,84,73
"Okeechobee, FL","Msa","Florida","All Homes",125,76,56,72,96,118,129,64,49,68,88,108,122,108,86,74,68,78,88,89,85,68,80,83,76,76,94,93,113,110,109,122,122,130,123,114,107,79,76,96,90,88,91,99,85,87,78,78,79,91,70,76,91,105,100,88,90
"McMinnville, TN","Msa","Tennessee","All Homes",144,126,126,120,104,99,109,108,120,119,113,126,131,132,122,98,98,103,106,104,100,105,110,118,128,127,109,94,88,100,118,128,136,138,147,154,152,140,145,86,54,66,68,74,91,106,99,119,118,125,128,144,63,30,52,64,76
"Hannibal, MO","Msa","Missouri","All Homes",102,110,91,74,80,84,96,112,124,131,134,145,147,135,120,96,78,82,78,87,89,96,92,110,118,129,132,84,65,65,77,84,104,104,108,120,126,136,134,80,70,69,97,105,105,90,83,98,93,44,54,56,64,70,78,80,88
"Union City, TN","Msa","Tennessee","All Homes",102,130,125,114,114,120,124,109,108,110,117,132,148,152,160,160,126,119,110,110,106,106,111,122,134,148,150,132,118,120,125,126,136,139,144,147,162,163,158,148,107,116,110,114,119,118,130,147,167,162,168,148,132,145,150,140,120
"Gainesville, TX","Msa","Texas","All Homes",148,127,131,107,97,87,94,100,98,96,106,110,132,121,110,84,83,86,91,108,118,111,99,118,132,124,116,74,78,80,87,84,96,104,119,132,122,90,64,76,80,86,86,83,77,82,97,103,107,94,78,70,81,83,80,96,113
"Crawfordsville, IN","Msa","Indiana","All Homes",119,119,134,110,84,76,82,90,98,97,90,98,112,120,116,108,93,88,84,84,96,99,110,112,120,135,149,154,96,62,67,78,94,109,107,124,132,119,124,79,76,70,78,78,85,98,104,119,113,124,91,59,65,75,65,65,74
"Ada, OK","Msa","Oklahoma","All Homes",100,103,109,88,88,75,85,75,74,82,97,102,97,85,82,83,83,79,74,73,71,76,82,94,104,104,108,94,86,88,86,83,84,93,99,112,110,117,114,98,69,60,78,87,75,78,88,104,123,104,79,71,71,69,69,72,81
"Bennington, VT","Msa","Vermont","All Homes",155,144,146,152,152,116,103,104,114,129,137,146,152,160,162,168,144,117,92,93,112,126,137,151,162,170,166,151,84,76,74,98,115,133,150,163,180,174,164,162,126,114,114,117,131,142,154,167,182,185,197,194,171,138,122,126,137
"Coshocton, OH","Msa","Ohio","All Homes",131,124,94,86,84,78,75,95,104,124,133,148,147,139,94,79,72,76,83,78,78,85,88,99,98,110,96,60,66,80,85,96,96,99,104,108,109,108,94,72,54,37,41,49,59,84,97,110,89,70,63,67,64,65,70,76,84
"Alexandria, MN","Msa","Minnesota","All Homes",172,186,122,64,68,83,96,105,120,132,132,146,158,150,141,120,96,78,81,88,104,109,124,138,144,146,142,78,59,64,74,96,114,94,110,104,117,120,96,55,56,72,86,101,113,132,150,160,167,172,91,49,67,79,87,95,99
"De Ridder, LA","Msa","Louisiana","All Homes",106,102,76,78,82,76,79,89,96,87,72,67,74,90,95,73,72,64,70,72,83,88,98,107,103,86,79,85,76,78,82,68,72,90,98,104,102,108,94,76,76,66,70,76,85,92,99,109,109,96,78,87,69,67,80,84,82
"Lebanon, MO","Msa","Missouri","All Homes",137,144,120,82,68,78,88,98,95,99,92,82,77,92,102,96,109,90,92,82,87,92,107,124,140,132,100,84,84,84,87,93,108,128,137,150,161,159,166,111,84,87,97,108,110,116,109,118,118,115,111,92,97,98,101,98,99
"Coffeyville, KS","Msa","Kansas","All Homes",130,132,122,103,92,86,84,90,101,112,121,132,127,122,124,105,110,102,104,110,110,112,118,122,139,149,147,134,105,111,120,103,99,92,92,99,120,126,138,126,89,81,95,92,62,70,85,114,146,152,130,98,89,92,98,112,118
"Junction City, KS","Msa","Kansas","All Homes",110,87,68,80,76,74,78,89,97,106,108,111,109,105,98,92,89,95,92,91,100,105,111,111,118,118,104,70,67,66,74,73,79,78,83,95,104,104,81,55,62,69,83,108,74,68,67,74,91,95,71,63,68,76,86,86,84
"Malvern, AR","Msa","Arkansas","All Homes",102,111,126,129,109,101,95,98,108,115,116,123,132,126,118,96,97,116,112,97,88,83,92,100,112,120,108,87,82,92,105,115,124,129,134,142,152,140,139,112,108,84,108,108,107,127,134,134,134,125,134,137,112,114,108,98,84
"Cambridge, MD","Msa","Maryland","All Homes",118,128,144,156,160,140,152,170,164,170,169,174,180,162,153,150,114,120,113,106,101,106,120,130,141,144,118,71,66,92,105,120,135,133,148,152,136,137,143,119,122,133,135,132,153,159,161,147,154,156,148,152,152,125,115,126,146
"Vernal, UT","Msa","Utah","All Homes",72,75,61,62,66,58,55,40,45,61,63,73,91,94,55,42,53,60,58,60,69,69,68,69,76,61,54,52,50,61,75,72,63,62,64,68,68,60,58,70,72,66,65,70,68,74,81,69,79,92,61,61,56,71,88,98,104
"Mount Pleasant, TX","Msa","Texas","All Homes",144,121,118,110,114,122,114,95,100,107,124,130,139,140,129,124,94,87,93,102,104,104,89,95,109,105,104,81,56,64,69,81,89,104,110,124,114,94,91,88,93,107,87,90,78,94,96,91,100,102,86,76,58,65,85,88,80
"Dayton, TN","Msa","Tennessee","All Homes",210,208,209,200,172,157,150,155,168,169,180,180,161,130,98,85,93,102,124,128,139,133,114,121,140,138,148,153,146,128,122,119,122,130,142,153,157,157,138,106,71,85,90,104,106,116,129,141,144,126,131,105,104,96,101,93,108
"Camden, AR","Msa","Arkansas","All Homes",103,103,96,84,90,93,87,98,96,98,86,93,106,109,115,48,50,72,71,74,68,76,90,98,104,112,114,91,73,86,90,107,110,100,110,118,120,114,98,96,108,117,118,124,114,116,112,122,135,134,153,152,144,116,86,88,90
"Lewisburg, TN","Msa","Tennessee","All Homes",162,154,155,144,121,123,127,131,134,140,144,140,140,146,150,150,133,114,102,96,105,112,111,126,140,145,158,140,104,82,86,82,98,99,106,120,122,116,86,85,64,61,66,72,80,90,104,119,126,100,66,71,77,82,88,70,55
"Lincoln, IL","Msa","Illinois","All Homes",118,118,124,83,88,99,102,116,123,129,139,126,102,108,59,53,69,84,103,122,120,109,112,100,112,100,100,88,78,74,78,96,98,104,92,99,114,111,119,104,103,107,92,92,106,104,102,118,110,108,112,112,109,35,52,83,108
"Silver City, NM","Msa","New Mexico","All Homes",124,128,119,87,93,86,93,89,90,80,89,84,88,68,93,82,92,95,88,79,86,97,110,120,134,125,116,92,71,75,87,104,114,102,95,112,124,119,122,107,99,104,91,91,99,108,114,144,140,66,62,78,100,112,114,118,137
"Sheridan, WY","Msa","Wyoming","All Homes",157,146,76,63,68,83,84,94,94,93,108,123,145,137,134,79,76,74,76,87,96,106,111,112,131,108,92,62,73,75,57,56,62,62,76,81,90,96,60,46,56,64,82,91,83,78,83,91,98,70,62,73,57,69,71,72,87
"North Vernon, IN","Msa","Indiana","All Homes",114,98,80,76,82,83,90,74,78,101,118,112,115,111,86,79,85,88,91,82,90,88,93,84,98,117,112,95,90,75,60,70,84,102,104,92,92,79,80,80,58,56,63,80,96,108,88,85,82,106,86,68,53,54,60,75,84
"Hays, KS","Msa","Kansas","All Homes",81,95,109,93,75,62,72,75,75,80,87,95,86,86,58,42,43,47,56,66,70,70,86,101,115,111,83,68,58,66,69,67,59,67,73,90,108,99,54,75,92,102,66,54,60,76,78,87,80,42,51,68,68,63,68,85,97
"Fort Morgan, CO","Msa","Colorado","All Homes",138,120,95,70,76,89,95,97,91,75,83,81,96,82,74,70,62,56,54,70,83,94,89,97,92,106,62,54,62,67,66,74,70,74,74,89,96,106,85,46,40,66,59,48,54,58,59,70,77,87,57,39,38,37,40,48,50
"Wauchula, FL","Msa","Florida","All Homes",91,94,115,113,104,84,93,70,59,62,70,75,76,96,108,110,117,92,98,90,65,56,62,78,89,92,80,88,82,91,97,92,40,56,80,102,62,62,50,48,60,67,69,64,65,84,88,104,84,94,71,60,73,62,71,72,73
"Weatherford, OK","Msa","Oklahoma","All Homes",90,90,58,34,34,53,51,48,56,58,46,54,74,86,58,60,60,64,70,57,52,77,88,87,106,103,97,75,78,86,62,58,66,74,72,76,95,88,86,54,55,62,63,65,65,62,69,91,99,91,58,42,34,48,62,68,64
"Mountain Home, ID","Msa","Idaho","All Homes",90,85,58,62,78,93,96,83,81,78,90,100,117,120,114,92,80,78,82,86,70,74,73,86,91,106,102,114,106,92,94,90,99,111,122,118,102,93,104,99,86,78,80,82,99,110,119,138,135,132,96,90,90,97,82,73,82
"Moberly, MO","Msa","Missouri","All Homes",145,155,150,74,55,82,95,99,116,110,110,88,99,80,83,85,104,88,86,70,70,82,114,124,119,132,132,110,116,100,102,96,105,92,96,128,126,123,121,77,57,56,55,66,97,106,99,110,108,102,89,73,72,84,93,107,122
"The Dalles, OR","Msa","Oregon","All Homes",113,128,132,106,88,98,105,108,124,133,131,146,165,132,130,111,98,108,101,96,105,114,122,132,155,139,138,126,79,82,92,108,110,108,116,127,140,154,133,48,42,66,88,92,105,102,112,128,150,136,84,77,68,60,79,88,106
"Fallon, NV","Msa","Nevada","All Homes",125,137,140,95,92,80,78,87,84,96,102,99,101,102,107,50,50,80,105,88,75,89,98,116,137,139,78,63,64,70,67,72,70,75,80,90,98,103,87,64,72,76,69,64,78,72,68,78,88,90,64,52,50,43,54,57,66
"Heber, UT","Msa","Utah","All Homes",108,88,64,71,74,76,83,92,94,88,84,95,85,62,62,48,44,55,61,77,93,110,114,118,127,106,97,77,76,57,54,73,92,104,120,112,83,75,77,64,62,67,56,68,84,100,102,118,118,108,68,68,74,70,75,75,84
"Wahpeton, MN","Msa","Minnesota","All Homes",118,132,137,94,57,56,54,68,86,91,86,116,124,144,135,91,68,46,49,50,50,81,79,86,76,94,85,60,49,64,73,48,55,74,84,82,96,111,92,56,62,80,74,55,76,64,64,97,98,78,59,64,46,56,67,72,78
"Sterling, CO","Msa","Colorado","All Homes",122,139,133,89,98,100,76,62,74,76,79,102,106,108,79,63,62,70,76,84,70,71,78,94,98,107,68,46,54,58,60,60,62,63,84,91,82,104,80,62,54,37,33,43,51,48,57,66,74,68,58,79,64,49,44,43,42
"Brookings, OR","Msa","Oregon","All Homes",164,155,160,152,139,127,122,124,133,147,144,144,123,110,108,97,102,99,109,110,116,128,132,150,167,177,155,128,106,107,109,122,141,146,158,178,197,200,184,98,72,66,82,94,111,128,133,151,160,159,155,138,114,105,110,120,124
"Pierre, SD","Msa","South Dakota","All Homes",99,105,90,34,39,59,69,66,70,73,63,64,75,90,58,41,60,62,70,78,90,96,112,106,122,104,61,56,48,35,35,51,64,78,66,82,95,44,49,60,51,56,55,42,38,57,66,96,115,80,90,94,37,29,46,46,42
"Prineville, OR","Msa","Oregon","All Homes",142,133,142,137,103,92,102,105,116,131,134,138,147,144,119,101,84,84,92,97,102,98,111,121,125,140,133,101,74,69,71,80,98,111,123,133,140,145,127,93,49,52,65,96,112,122,138,161,156,156,105,67,70,68,64,70,73
"Fitzgerald, GA","Msa","Georgia","All Homes",147,158,144,86,84,100,96,83,77,79,83,109,128,120,134,139,105,110,103,106,106,111,83,86,101,120,134,134,117,129,132,114,123,132,142,137,136,131,134,100,104,106,107,121,146,157,176,173,176,162,170,129,115,125,116,97,89
"Huron, SD","Msa","South Dakota","All Homes",118,111,106,58,61,64,65,83,86,80,80,88,103,108,95,96,93,76,69,77,84,91,90,86,96,98,106,130,76,66,74,76,76,78,98,119,148,160,161,82,98,87,103,100,95,76,58,56,71,98,110,114,31,50,71,70,60
"Vineyard Haven, MA","Msa","Massachusetts","All Homes",154,140,132,102,100,98,106,98,107,121,146,147,127,132,132,115,104,70,82,102,117,132,129,136,130,132,144,83,90,80,94,93,107,126,134,150,163,162,178,145,71,64,77,90,103,120,132,158,167,164,182,98,86,89,102,104,118
