"RegionType","RegionName","City","State","Metro","CBSATitle","SizeRank","MarketHealthIndex","SellForGain","PrevForeclosed","ForeclosureRatio","ZHVI","MoM","YoY","ForecastYoYPctChange","StockOfREOs","NegativeEquity","Delinquency","DaysOnMarket"
"Metro","New York, NY",,"NY","New York, NY","""New York-Newark-Jersey City, NY-NJ-PA""",1,3.7621359223301,86.35,3.56,0.2835,390500,0.205286117526302,3.25224748810153,0.017224071702945,,0.110466553651428,0.114019318699655,143
"Metro","Los Angeles-Long Beach-Anaheim, CA",,"CA","Los Angeles-Long Beach-Anaheim, CA","""Los Angeles-Long Beach-Anaheim, CA""",2,6.04368932038835,93.42,4.5781,0.6991,578200,0.434253951710961,5.35714285714286,0.0108595641646489,,0.0609042416786731,0.0333337764304898,67
"Metro","Chicago, IL",,"IL","Chicago, IL","""Chicago-Naperville-Elgin, IL-IN-WI""",3,1.94174757281553,72.04,,,202200,0.497017892644135,4.6583850931677,0.0338377843719091,,0.189739027843424,0.0475630461702001,101
"Metro","Dallas-Fort Worth, TX",,"TX","Dallas-Fort Worth, TX","""Dallas-Fort Worth-Arlington, TX""",4,9.75728155339806,97.14,3.9322,0.1545,196200,0.925925925925926,11.9224187107815,0.0607288481141692,,0.047702854166366,0.0203086727820148,53
"Metro","Philadelphia, PA",,"PA","Philadelphia, PA","""Philadelphia-Camden-Wilmington, PA-NJ-DE-MD""",5,3.27669902912621,82.82,6.3942,0.0161,211500,0.666349357448834,3.47358121330724,0.0286146572104018,,0.141678959798411,0.0725522728104581,98.5
"Metro","Houston, TX",,"TX","Houston, TX","""Houston-The Woodlands-Sugar Land, TX""",6,8.15533980582524,75,,,174800,0.459770114942529,6.97674418604651,0.0354061784897026,,0.0692970628168503,0.020876440469854,90
"Metro","Washington, DC",,"DC","Washington, DC","""Washington-Arlington-Alexandria, DC-VA-MD-WV""",7,3.51941747572816,84.4,4.642,0.3778,371700,0.48661800486618,2.53793103448276,0.0242991659940812,,0.14170623640137,0.0441042988662063,75
"Metro","Miami-Fort Lauderdale, FL",,"FL","Miami-Fort Lauderdale, FL","""Miami-Fort Lauderdale-West Palm Beach, FL""",8,5.29126213592233,85.39,,,240600,0.711594809543742,8.57400722021661,0.0197880299251871,,0.118165105384814,0.0650728891328615,107
"Metro","Atlanta, GA",,"GA","Atlanta, GA","""Atlanta-Sandy Springs-Roswell, GA""",9,4.41747572815534,81.43,,,169600,0.77243018419489,7.54597336715282,0.0499823113207547,,0.14654955268284,0.0365346510797341,69
"Metro","Boston, MA",,"MA","Boston, MA","""Boston-Cambridge-Newton, MA-NH""",10,6.01941747572816,90.63,,,400600,0.577454180266131,5.58777016341592,0.0290514228657015,,0.0657220366057235,0.0373172388881926,75
"Metro","San Francisco, CA",,"CA","San Francisco, CA","""San Francisco-Oakland-Hayward, CA""",11,7.42718446601942,94.69,4.9739,0.359,812600,0.407759792413197,5.68344388086877,0.0101993600787595,,0.0396732437582546,0.0231032792368264,50
"Metro","Detroit, MI",,"MI","Detroit, MI","""Detroit-Warren-Dearborn, MI""",12,6.33495145631068,83.6,,,130500,0.850077279752705,7.14285714285714,0.0394712643678161,,0.139758991222948,0.0253559260616608,85
"Metro","Riverside, CA",,"CA","Riverside, CA","""Riverside-San Bernardino-Ontario, CA""",13,6.21359223300971,85.99,7.5378,1.3022,315200,0.574345883854499,6.95622667119104,0.0596065989847716,,0.120101604032034,0.0378254342097024,79
"Metro","Phoenix, AZ",,"AZ","Phoenix, AZ","""Phoenix-Mesa-Scottsdale, AZ""",14,5.50970873786408,85.38,6.5971,1.3283,224500,0.537393640841917,7.15990453460621,0.0312739420935413,,0.12636850352247,0.0228954468972301,70
"Metro","Seattle, WA",,"WA","Seattle, WA","""Seattle-Tacoma-Bellevue, WA""",15,8.00970873786408,94.05,5.0998,2.5257,401100,0.854915765652502,11.3548028872848,0.0543630017452006,,0.0737703480948114,0.0290523942776,52
"Metro","Minneapolis-St Paul, MN",,"MN","Minneapolis-St Paul, MN","""Minneapolis-St. Paul-Bloomington, MN-WI""",16,5.8252427184466,82.4,7.752,0.2163,230200,0.524017467248908,5.93649332719742,0.0314769765421372,,0.0889502986893061,0.0195527816782046,81
"Metro","San Diego, CA",,"CA","San Diego, CA","""San Diego-Carlsbad, CA""",17,6.62621359223301,89.44,3.0482,0.6859,518800,0.484214603912454,5.12664640324215,0.0207266769468004,,0.0706483848477806,0.0233552631578947,62
"Metro","St. Louis, MO",,"MO","St. Louis, MO","""St. Louis, MO-IL""",18,3.7378640776699,74.55,,,145600,0.831024930747922,6.12244897959184,0.0397046703296704,,0.147428015148255,0.031882326387674,73
"Metro","Tampa, FL",,"FL","Tampa, FL","""Tampa-St. Petersburg-Clearwater, FL""",19,5.89805825242718,82.61,,,172000,0.82063305978898,9.83397190293742,0.0403197674418605,,0.121141952483042,0.0683760571497921,83
"Metro","Baltimore, MD",,"MD","Baltimore, MD","""Baltimore-Columbia-Towson, MD""",20,0.631067961165049,73.1,7.7365,1.2796,253200,0.316957210776545,2.51012145748988,0.0206595576619273,,0.16709493148263,0.053059856651864,101
"Metro","Denver, CO",,"CO","Denver, CO","""Denver-Aurora-Lakewood, CO""",21,9.83009708737864,98.74,2.2485,0.0929,344000,0.732064421669107,10.362528071864,0.0393517441860465,,0.0475694229144345,0.00546613916416331,55
"Metro","Pittsburgh, PA",,"PA","Pittsburgh, PA","""Pittsburgh, PA""",22,6.82038834951456,94.04,2.7612,,132000,0.533130236100533,4.76190476190476,0.0285909090909091,,0.0920271280053304,0.0266237807261501,90
"Metro","Portland, OR",,"OR","Portland, OR","""Portland-Vancouver-Hillsboro, OR-WA""",23,9.39320388349515,97.35,3.9333,2.6754,342100,1.00383820490109,14.606365159129,0.054264834843613,,0.0423062787058906,0.0244549194220441,61
"Metro","Charlotte, NC",,"NC","Charlotte, NC","""Charlotte-Concord-Gastonia, NC-SC""",24,7.16019417475728,87.18,6.0348,0.0647,165400,0.669506999391357,7.2632944228275,0.0398851269649334,,0.0921284958982725,0.0342757779879916,77
"Metro","Sacramento, CA",,"CA","Sacramento, CA","""Sacramento--Roseville--Arden-Arcade, CA""",25,7.64563106796117,90.33,5.964,0.7065,347800,0.72400810889082,7.27945712523134,0.051676250718804,,0.0879346211347955,0.0271261759349194,58
"Metro","San Antonio, TX",,"TX","San Antonio, TX","""San Antonio-New Braunfels, TX""",26,7.98543689320388,,,,154400,0.520833333333333,6.33608815426997,0.039630829015544,,0.109753450685365,0.0180958925421309,75
"Metro","Orlando, FL",,"FL","Orlando, FL","""Orlando-Kissimmee-Sanford, FL""",27,6.16504854368932,79.02,,,190800,0.739176346356917,8.28603859250851,0.053658280922432,,0.133888659721521,0.0577568973914897,89
"Metro","Cincinnati, OH",,"OH","Cincinnati, OH","""Cincinnati, OH-KY-IN""",28,4.46601941747573,70.42,4.0387,0.0867,146700,0.617283950617284,5.16129032258065,0.029931833674165,,0.125366180920833,0.0343562631618818,81.5
"Metro","Cleveland, OH",,"OH","Cleveland, OH","""Cleveland-Elyria, OH""",29,1.52912621359223,86.36,5.6304,0.8547,129700,0.386996904024768,3.76,0.0242174248265228,,0.154600806494264,0.0552892076894471,79
"Metro","Kansas City, MO",,"MO","Kansas City, MO","""Kansas City, MO-KS""",30,2.64563106796116,80.95,,,151200,0.26525198938992,5.21920668058455,0.0339021164021165,,0.149560720480949,0.0217702969208501,74
"Metro","Las Vegas, NV",,"NV","Las Vegas, NV","""Las Vegas-Henderson-Paradise, NV""",31,5.65533980582524,,,,209800,0.962463907603465,8.81742738589212,0.0617492850333652,,0.194554835111204,0.068401720121842,71
"Metro","Columbus, OH",,"OH","Columbus, OH","""Columbus, OH""",32,3.88349514563107,86.69,5.7292,0.2147,157700,0.381922342457034,2.80312907431551,0.0315345592897907,,0.102446750422596,0.0344219168102904,68
"Metro","Indianapolis, IN",,"IN","Indianapolis, IN","""Indianapolis-Carmel-Anderson, IN""",33,2.45145631067961,97.87,,,132100,0.227617602427921,0.0757575757575758,0.0370401211203633,,0.152182745375424,0.0349394505315464,86
"Metro","San Jose, CA",,"CA","San Jose, CA","""San Jose-Sunnyvale-Santa Clara, CA""",34,8.03398058252427,98.52,2.6738,0.3159,943800,-0.274725274725275,4.73865275774054,-0.00260118669209575,,0.0244290903346631,0.0151742845936369,50
"Metro","Austin, TX",,"TX","Austin, TX","""Austin-Round Rock, TX""",35,7.81553398058252,90,,,256900,0.312377977352597,8.48817567567568,0.033308680420397,,0.0671038674909994,0.00714343845269723,60
"Metro","Virginia Beach, VA",,"VA","Virginia Beach, VA","""Virginia Beach-Norfolk-Newport News, VA-NC""",36,2.57281553398058,77.32,2.9809,0.3528,216900,0.416666666666667,2.50472589792061,0.0248870447210696,,0.198566649881351,0.0327684505291729,91
"Metro","Nashville, TN",,"TN","Nashville, TN","""Nashville-Davidson--Murfreesboro--Franklin, TN""",37,9.41747572815534,94.09,3.9356,0.0376,201100,0.903161063723031,10.9823399558499,0.0376777722526107,,0.0697594111465999,0.012163397377689,63
"Metro","Providence, RI",,"RI","Providence, RI","""Providence-Warwick, RI-MA""",38,2.59708737864078,84.88,8.3247,6.4973,255300,0.829383886255924,4.93218249075216,0.0436662749706227,,0.114946453453643,0.0577761495821977,86
"Metro","Milwaukee, WI",,"WI","Milwaukee, WI","""Milwaukee-Waukesha-West Allis, WI""",39,6.69902912621359,92.86,1.7015,1.283,205900,1.67901234567901,8.08398950131234,0.0424915007285089,,0.163247282602067,0.0398617733065786,84
"Metro","Jacksonville, FL",,"FL","Jacksonville, FL","""Jacksonville, FL""",40,1.16504854368932,78.64,,,171400,0.351288056206089,6.65836963285625,0.0333897316219369,,0.16334139239699,0.0526589807537905,82
"Metro","Memphis, TN",,"TN","Memphis, TN","""Memphis, TN-MS-AR""",41,4.66019417475728,77.94,9.2208,0.0189,114700,0.702370500438982,3.14748201438849,0.060767218831735,,0.168887380685886,0.0437604210835373,82
"Metro","Oklahoma City, OK",,"OK","Oklahoma City, OK","""Oklahoma City, OK""",42,5.99514563106796,85.71,3.5714,,134800,0.297619047619048,4.17310664605873,0.0270919881305638,,0.0860648388972597,0.0235781720713865,112.5
"Metro","Louisville-Jefferson County, KY",,"KY","Louisville/Jefferson County, KY","""Louisville/Jefferson County, KY-IN""",43,6.55339805825243,92.73,,,140800,0.571428571428571,6.58591975775927,0.0373153409090909,,0.103207592756946,0.0232217548606465,72
"Metro","Hartford, CT",,"CT","Hartford, CT","""Hartford-West Hartford-East Hartford, CT""",44,1.38349514563107,74.14,2.2654,1.354,218300,0.229568411386593,0.460193281178095,0.0139899221255153,,0.145864238477254,0.0583937151663186,104
"Metro","Richmond, VA",,"VA","Richmond, VA","""Richmond, VA""",45,3.66504854368932,81.22,6.7459,0.1245,197100,0.715380684721513,3.62776025236593,0.0292237442922374,,0.137116612198352,0.0296254610734585,76
"Metro","Buffalo, NY",,"NY","Buffalo, NY","""Buffalo-Cheektowaga-Niagara Falls, NY""",46,0.946601941747573,77.78,,,134200,0.149253731343284,2.36460717009916,0.0236587183308494,,0.0595519018260745,0.0459150897714247,88
"Metro","Raleigh, NC",,"NC","Raleigh, NC","""Raleigh, NC""",47,8.59223300970874,90.18,3.0827,,217400,0.741427247451344,6.41213901125795,0.0444250229990801,,0.0672855781842537,0.0210902677503996,63
"Metro","Birmingham, AL",,"AL","Birmingham, AL","""Birmingham-Hoover, AL""",48,2.37864077669903,81.82,,,127700,0.314218381775334,2.32371794871795,0.0372826938136257,,0.129582318848293,0.0327537646332575,89
"Metro","Salt Lake City, UT",,"UT","Salt Lake City, UT","""Salt Lake City, UT""",49,7.76699029126214,,,,243500,0.412371134020619,7.12714474263088,0.0415277207392197,,0.150431435853942,0.0124969076981686,
"Metro","Rochester, NY",,"NY","Rochester, NY","""Rochester, NY""",50,1.57766990291262,50,14.3672,0.0779,126400,0,-0.236779794790845,0.012254746835443,,0.0608531193724066,0.0586892977170519,105
"Metro","Grand Rapids, MI",,"MI","Grand Rapids, MI","""Grand Rapids-Wyoming, MI""",51,9.24757281553398,91.76,,,160200,1.00882723833544,7.37265415549598,0.0390699126092384,,0.0678987748268656,0.0142737236544359,74
"Metro","Tucson, AZ",,"AZ","Tucson, AZ","""Tucson, AZ""",52,3.37378640776699,80.6,9.7937,1.1857,172000,0.526008182349503,4.43230115361263,0.0471918604651163,,0.182933316139848,0.0354656797955767,84
"Metro","Urban Honolulu, HI",,"HI","Urban Honolulu, HI","""Urban Honolulu, HI""",53,7.52427184466019,,,,628900,0.399106002554278,4.59005488109097,0.0336428685005565,,0.0430839299035454,0.0297691373025516,71
"Metro","Tulsa, OK",,"OK","Tulsa, OK","""Tulsa, OK""",54,7.86407766990291,100,2.1116,,124200,0.485436893203883,4.6335299073294,0.029001610305958,,0.0992998597580812,0.0305898031850193,88.5
"Metro","Fresno, CA",,"CA","Fresno, CA","""Fresno, CA""",55,4.51456310679612,84.46,8.974,1.8401,210500,0.669536107125777,7.23382577687213,0.0440570071258908,,0.145217799995727,0.0382493563810224,71
"Metro","Worcester, MA",,"MA","Worcester, MA","""Worcester, MA-CT""",56,1.6747572815534,78.67,9.6866,8.0306,238300,0.548523206751055,5.95820364606492,0.0403566932438104,,0.116906449764554,0.0721062612419519,85
"Metro","Stamford, CT",,"CT","Stamford, CT","""Bridgeport-Stamford-Norwalk, CT""",57,2.06310679611651,71.56,2.1046,1.3631,394700,0.509294626941686,-0.579345088161209,0.0173017481631619,,0.133441316680356,0.0694356555255134,114
"Metro","Albuquerque, NM",,"NM","Albuquerque, NM","""Albuquerque, NM""",58,1.48058252427184,33.33,,,168000,0.238663484486874,3.19410319410319,0.0355297619047619,,0.203757059415229,0.0536766521810189,112.5
"Metro","Albany, NY",,"NY","Albany, NY","""Albany-Schenectady-Troy, NY""",59,1.96601941747573,88.16,5.911,0.582,191400,0.367068694284216,2.18900160170849,0.0190177638453501,,0.109789712781859,0.0603275252583446,101.5
"Metro","Omaha, NE",,"NE","Omaha, NE","""Omaha-Council Bluffs, NE-IA""",60,7.57281553398058,97.37,,,149000,0.880162491536899,5.37482319660537,0.0322147651006712,,0.102774535281019,0.0184859877791564,68
"Metro","New Haven, CT",,"CT","New Haven, CT","""New Haven-Milford, CT""",61,1.55339805825243,62.76,2.8877,0.8008,215500,0.513059701492537,0.748013090229079,0.0199628770301623,,0.190322929401296,0.0657199038671619,109
"Metro","Bakersfield, CA",,"CA","Bakersfield, CA","""Bakersfield, CA""",62,2.01456310679612,80.61,6.8866,1.5829,185100,0.108166576527853,3.63941769316909,0.0320043219881145,,0.173201302993107,0.0352981260647359,80
"Metro","Knoxville, TN",,"TN","Knoxville, TN","""Knoxville, TN""",63,6.43203883495146,89.61,6.1825,,142400,0.707213578500707,5.01474926253687,0.0430898876404495,,0.115772473458006,0.0173578790905419,83
"Metro","Greenville, SC",,"SC","Greenville, SC","""Greenville-Anderson-Mauldin, SC""",64,5.53398058252427,89.28,9.2421,0.0288,148400,0.610169491525424,6.99351117519827,0.0294070080862534,,0.0765405385968495,0.0316125291875189,76
"Metro","Ventura, CA",,"CA","Ventura, CA","""Oxnard-Thousand Oaks-Ventura, CA""",65,7.11165048543689,88.44,4.6431,0.5434,542300,0.537634408602151,4.56999614346317,0.0312520744975107,,0.0672948316131995,0.0333728863838624,70
"Metro","Allentown, PA",,"PA","Allentown, PA","""Allentown-Bethlehem-Easton, PA-NJ""",66,0.728155339805825,62.07,2.0298,,180300,0.278086763070078,0.501672240802676,0.0163727121464226,,0.144797321695559,0.059869130689861,97
"Metro","El Paso, TX",,"TX","El Paso, TX","""El Paso, TX""",67,2.52427184466019,,,,111000,0.2710027100271,1.36986301369863,0.0403963963963965,,0.174287347288705,0.0257566441210631,
"Metro","Baton Rouge, LA",,"LA","Baton Rouge, LA","""Baton Rouge, LA""",68,4.34466019417476,86.9,,,158000,0.381194409148666,2.33160621761658,0.0329936708860759,,0.136955481943704,0.0272758452586098,87
"Metro","Dayton, OH",,"OH","Dayton, OH","""Dayton, OH""",69,1.18932038834951,73.08,10.6572,,106900,0.564440263405456,5.0098231827112,0.0287745556594949,,0.170326578433291,0.0360553665380063,88
"Metro","Columbia, SC",,"SC","Columbia, SC","""Columbia, SC""",70,0.461165048543689,69.17,12.3175,,122400,0.16366612111293,3.03030303030303,0.0374019607843137,,0.13608646434755,0.0514959967763689,91
"Metro","Akron, OH",,"OH","Akron, OH","""Akron, OH""",71,4.24757281553398,76.78,6.6514,0.1161,127800,0.709219858156028,3.06451612903226,0.0296478873239436,,0.126527905845318,0.0367816262696194,88
"Metro","North Port-Sarasota-Bradenton, FL",,"FL","North Port-Sarasota-Bradenton, FL","""North Port-Sarasota-Bradenton, FL""",72,4.80582524271845,85.88,7.0089,0.1658,234700,0.0852878464818763,7.1689497716895,0.00759267149552612,,0.0735107648766294,0.0554636573109628,102
"Metro","Little Rock, AR",,"AR","Little Rock, AR","""Little Rock-North Little Rock-Conway, AR""",73,3.20388349514563,80,11.4229,,130900,0.460475825019186,4.13683373110581,0.0367226890756303,,0.120551184188451,0.03019111626245,89
"Metro","Stockton, CA",,"CA","Stockton, CA","""Stockton-Lodi, CA""",74,7.9368932038835,90.54,8.7323,0.7976,293400,1.03305785123967,11.5165336374002,0.0840593047034766,,0.118548109373924,0.0305600743667209,65
"Metro","Charleston, SC",,"SC","Charleston, SC","""Charleston-North Charleston, SC""",75,5.46116504854369,,,,216600,0.744186046511628,7.01581027667984,0.0297691597414589,,0.0918914377473503,0.0358777953685918,87.5
"Metro","Syracuse, NY",,"NY","Syracuse, NY","""Syracuse, NY""",76,1.33495145631068,87.5,,,122400,0.410172272354389,2.17028380634391,0.0234722222222221,,0.113765752032916,0.0496967276461622,93
"Metro","Colorado Springs, CO",,"CO","Colorado Springs, CO","""Colorado Springs, CO""",77,9.32038834951456,93.92,3.8139,0.0276,240800,0.922045264040235,8.51735015772871,0.0351204318936877,,0.0949751312568796,0.0132280020068496,62
"Metro","Winston-Salem, NC",,"NC","Winston-Salem, NC","""Winston-Salem, NC""",78,5.8495145631068,79.11,6.2813,0.046,128000,0.86682427107959,3.3091202582728,0.0432812499999999,,0.111732986682058,0.0338167313839427,96
"Metro","Springfield, MA",,"MA","Springfield, MA","""Springfield, MA""",79,2.35436893203884,91.49,6.0983,6.0881,203400,0.444444444444444,3.61691288843607,0.0310078662733531,,0.100225990816054,0.0786110871456263,92
"Metro","Fort Myers, FL",,"FL","Fort Myers, FL","""Cape Coral-Fort Myers, FL""",80,9.49029126213592,84.05,,,217100,1.11783884489986,11.5048793014895,0.0549009672961769,,0.0888413794647354,0.0411994456343707,111
"Metro","Boise City, ID",,"ID","Boise City, ID","""Boise City, ID""",81,6.50485436893204,80.76,,,184700,0.380434782608696,9.48429164196799,0.0390416892257714,,0.13315399877684,0.0143756841777733,62
"Metro","Toledo, OH",,"OH","Toledo, OH","""Toledo, OH""",82,2.42718446601942,74.39,6.6327,0.1073,103000,0.48780487804878,5.31697341513292,0.0219902912621359,,0.172256356754735,0.0411039728198379,85.5
"Metro","Madison, WI",,"WI","Madison, WI","""Madison, WI""",83,9.1504854368932,100,2.0461,0.053,220800,0.638103919781221,6.92493946731235,0.0301539855072464,,0.0639042337207794,0.0147061373500411,72.5
"Metro","Lakeland, FL",,"FL","Lakeland, FL","""Lakeland-Winter Haven, FL""",84,5.67961165048544,75.62,,,147800,1.16358658453114,9.15805022156573,0.0611569688768607,,0.159626378935502,0.0605326876513317,93
"Metro","Ogden, UT",,"UT","Ogden, UT","""Ogden-Clearfield, UT""",85,9.51456310679612,,,,212600,0.710563713879678,8.74680306905371,0.044346190028222,,0.120675367012778,0.013589698834969,
"Metro","Daytona Beach, FL",,"FL","Daytona Beach, FL","""Deltona-Daytona Beach-Ormond Beach, FL""",86,6.45631067961165,80,,,167100,0.966767371601208,9.86193293885602,0.0463674446439257,,0.137186442859385,0.058486015068639,98
"Metro","Des Moines, IA",,"IA","Des Moines, IA","""Des Moines-West Des Moines, IA""",87,7.59708737864078,92.59,1.6291,,164700,0.549450549450549,3.32496863237139,0.0333454766241652,,0.0764357869497634,0.0291568984216388,84
"Metro","Jackson, MS",,"MS","Jackson, MS","""Jackson, MS""",88,0.825242718446602,,,,128800,-0.386697602474865,2.79329608938547,0.0404580745341614,,0.17249608169784,0.0434969305559335,
"Metro","Youngstown, OH",,"OH","Youngstown, OH","""Youngstown-Warren-Boardman, OH-PA""",89,1.2621359223301,81.25,,,83700,0.119617224880383,2.32273838630807,0.020489844683393,,0.163824837648682,0.0393591403360315,110
"Metro","Augusta, GA",,"GA","Augusta, GA","""Augusta-Richmond County, GA-SC""",90,3.10679611650485,75,,,106000,0.760456273764259,2.71317829457364,0.0397641509433961,,0.144385607078628,0.0294326956052762,92.5
"Metro","Scranton, PA",,"PA","Scranton, PA","""Scranton--Wilkes-Barre--Hazleton, PA""",91,1.40776699029126,77.94,,,113700,0.441696113074205,2.98913043478261,0.0256640281442393,,0.200793432799206,0.0392362468050714,118
"Metro","Harrisburg, PA",,"PA","Harrisburg, PA","""Harrisburg-Carlisle, PA""",92,2.30582524271845,89.84,,,162200,0.371287128712871,1.56543519098309,0.0195930949445129,,0.0961606237996588,0.027955459643207,85
"Metro","Melbourne, FL",,"FL","Melbourne, FL","""Palm Bay-Melbourne-Titusville, FL""",93,8.44660194174757,87.59,,,169500,1.3755980861244,10.7843137254902,0.0535870206489675,,0.111577026152851,0.0546640438968837,82
"Metro","Chattanooga, TN",,"TN","Chattanooga, TN","""Chattanooga, TN-GA""",94,5.63106796116505,87.82,,,135100,0.37147102526003,4.89130434782609,0.0346336047372318,,0.108340237177124,0.0188797495880742,84
"Metro","Spokane, WA",,"WA","Spokane, WA","""Spokane-Spokane Valley, WA""",95,6.52912621359223,91.86,5.931,2.7458,185700,0.650406504065041,8.72365339578454,0.0410123855681206,,0.0772210539630338,0.0288697788697789,71
"Metro","Provo, UT",,"UT","Provo, UT","""Provo-Orem, UT""",96,9.34466019417476,,,,241500,0.541215653621982,9.27601809954751,0.0425300207039339,,0.130319305263806,0.0108793974013383,
"Metro","Lancaster, PA",,"PA","Lancaster, PA","""Lancaster, PA""",97,4.61165048543689,89.06,2.8104,,186000,0.486223662884927,2.31023102310231,0.0239193548387098,,0.0677089581084143,0.0340551181102362,85
"Metro","Modesto, CA",,"CA","Modesto, CA","""Modesto, CA""",98,7.45145631067961,92.65,8.0102,0.8152,255200,0.591249507292077,10,0.0527625391849529,,0.106649357116181,0.0336835084208771,65
"Metro","Durham, NC",,"NC","Durham, NC","""Durham-Chapel Hill, NC""",99,5.38834951456311,,,,202100,0.148662041625372,6.70538542766631,0.038678871845621,,0.0742353530351085,0.0224573450344934,63
"Metro","Santa Rosa, CA",,"CA","Santa Rosa, CA","""Santa Rosa, CA""",100,8.54368932038835,95.02,3.5717,0.3429,561200,0.663677130044843,6.59069325735992,0.0105488239486815,,0.0411885796115636,0.020425901781834,54
"Metro","Lexington, KY",,"KY","Lexington, KY","""Lexington-Fayette, KY""",101,5.72815533980583,90.31,,,153500,0.458115183246073,4.92139439507861,0.0371270358306188,,0.0991998802020011,0.0204071724755273,69
"Metro","Lafayette, LA",,"LA","Lafayette, LA","""Lafayette, LA""",102,0.58252427184466,,,,134900,0.222882615156018,0.222882615156018,0.027175685693106,,0.174627637711507,0.0278486362621967,
"Metro","Lansing, MI",,"MI","Lansing, MI","""Lansing-East Lansing, MI""",103,2.71844660194175,83.17,,,135800,0.443786982248521,5.68093385214008,0.0322974963181148,,0.180643925179642,0.0207630065973459,85
"Metro","Fayetteville, AR",,"AR","Fayetteville, AR","""Fayetteville-Springdale-Rogers, AR-MO""",104,9.73300970873786,100,,,159700,1.07594936708861,10.8258154059681,0.038246712586099,,0.115365353455312,0.0187242884975136,
"Metro","Pensacola, FL",,"FL","Pensacola, FL","""Pensacola-Ferry Pass-Brent, FL""",105,3.71359223300971,92.86,,,146800,0.754975978037062,4.78229835831549,0.0379972752043596,,0.150192022864477,0.0504322545281363,86
"Metro","Visalia, CA",,"CA","Visalia, CA","""Visalia-Porterville, CA""",106,4.5873786407767,88.05,10.9759,1.8442,178500,0.563380281690141,5.99762470308789,0.0450308123249299,,0.158661186142102,0.0327165062916358,78
"Metro","Shreveport, LA",,"LA","Shreveport, LA","""Shreveport-Bossier City, LA""",107,2.88834951456311,,,,117900,0.51150895140665,3.69393139841689,0.0278880407124682,,0.135979628054607,0.0316041789374199,
"Metro","Springfield, MO",,"MO","Springfield, MO","""Springfield, MO""",108,6.38349514563107,,,,120800,0.415627597672485,3.60205831903945,0.0351655629139074,,0.112823961032214,0.0178711017034185,
"Metro","York, PA",,"PA","York, PA","""York-Hanover, PA""",109,2.40291262135922,80.14,9.4609,0.0597,160500,0.626959247648903,3.21543408360129,0.0299252336448599,,0.130513311916613,0.0473272765687724,89
"Metro","Reno, NV",,"NV","Reno, NV","""Reno, NV""",110,8.81067961165049,81.66,4.6587,0.0631,298700,1.32293080054274,12.1667292527225,0.0513290927351857,,0.0752734268414016,0.0453174647253962,64
"Metro","Asheville, NC",,"NC","Asheville, NC","""Asheville, NC""",111,8.47087378640777,88.67,,,208400,1.01793504604944,9.62651236191478,0.0318234165067179,,0.0547368748158913,0.0214721826570036,87
"Metro","Port St. Lucie, FL",,"FL","Port St. Lucie, FL","""Port St. Lucie, FL""",112,8.25242718446602,79.88,,,190400,0.740740740740741,14.0802875973637,0.0653834033613445,,0.0993535486173681,0.0640712629438548,99
"Metro","Santa Maria-Santa Barbara, CA",,"CA","Santa Maria-Santa Barbara, CA","""Santa Maria-Santa Barbara, CA""",113,5.24271844660194,85.94,3.6236,0.8029,552800,0.253899165759884,2.16226205876917,0.0294048480463096,,0.0932455271286205,0.0321875,77
"Metro","Huntsville, AL",,"AL","Huntsville, AL","""Huntsville, AL""",114,4.07766990291262,81.03,,,152500,0.131319763624425,1.46373918829009,0.0331999999999999,,0.133599912357581,0.022960229602296,111
"Metro","Fort Wayne, IN",,"IN","Fort Wayne, IN","""Fort Wayne, IN""",115,2.33009708737864,,,,108200,0.185185185185185,0.838769804287046,0.0348521256931609,,0.120994533535183,0.030768397986009,
"Metro","Salinas, CA",,"CA","Salinas, CA","""Salinas, CA""",116,9.10194174757282,89.66,5.2142,0.6994,483300,1.08763856933696,11.2057063966866,0.0606683219532382,,0.0909865897242532,0.0324324324324324,72
"Metro","Vallejo, CA",,"CA","Vallejo, CA","""Vallejo-Fairfield, CA""",117,8.56796116504854,91.3,7.0155,0.6585,368700,1.09679188374006,10.4222821203953,0.0656360184431788,,0.103386461254482,0.0348497854077253,59
"Metro","Mobile, AL",,"AL","Mobile, AL","""Mobile, AL""",118,3.00970873786408,,,,105400,0.285442435775452,5.61122244488978,0.0322296015180266,,0.177400455439853,0.036889332003988,102
"Metro","Reading, PA",,"PA","Reading, PA","""Reading, PA""",119,1.11650485436893,80.7,,,162400,0.308832612723904,2.13836477987421,0.0192672413793102,,0.104429867912661,0.0428497676819824,98
"Metro","Brownsville, TX",,"TX","Brownsville, TX","""Brownsville-Harlingen, TX""",120,2.86407766990291,,,,75800,0.397350993377483,0.530503978779841,0.050712401055409,,0.162811754053832,0.0353892821031345,
"Metro","Killeen, TX",,"TX","Killeen, TX","""Killeen-Temple, TX""",121,2.9126213592233,,,,117800,0.340715502555366,2.97202797202797,0.0444651952461799,,0.240961036319585,0.0271527551675306,
"Metro","Canton, OH",,"OH","Canton, OH","""Canton-Massillon, OH""",122,2.18446601941748,,,,113400,0.353982300884956,2.25428313796213,0.0312433862433863,,0.124371690656618,0.0335303160312972,
"Metro","Manchester, NH",,"NH","Manchester, NH","""Manchester-Nashua, NH""",123,5.77669902912621,81.55,,,243200,0.537412153782555,3.35741606459839,0.0278618421052632,,0.0888732833957553,0.0238805970149254,79
"Metro","Salem, OR",,"OR","Salem, OR","""Salem, OR""",124,7.20873786407767,96.41,7.4227,6.2079,221000,1.51584749655489,13.9175257731959,0.0661402714932127,,0.0671470664930965,0.0432955371803616,74
"Metro","Anchorage, AK",,"AK","Anchorage, AK","""Anchorage, AK""",125,5.12135922330097,78.18,,,281000,-0.177619893428064,0.608664518438955,0.0469786476868328,,0.143872265220055,0.0103258523356409,87
"Metro","Davenport, IL",,"IL","Davenport, IL","""Davenport-Moline-Rock Island, IA-IL""",126,4.90291262135922,76.19,,,121800,0.246913580246914,6.8421052631579,0.0319129720853859,,0.111799979058417,0.0218762542827989,86
"Metro","Peoria, IL",,"IL","Peoria, IL","""Peoria, IL""",127,2.74271844660194,74.15,,,114000,-0.175131348511384,-0.175131348511384,0.0289999999999999,,0.111642945753616,0.0243503717586773,105.5
"Metro","Myrtle Beach, SC",,"SC","Myrtle Beach, SC","""Myrtle Beach-Conway-North Myrtle Beach, SC-NC""",128,4.92718446601942,79.21,,,169200,0.23696682464455,4.25138632162662,0.0403782505910166,,0.118620887394743,0.0399617287688227,143
"Metro","Montgomery, AL",,"AL","Montgomery, AL","""Montgomery, AL""",129,1.01941747572816,33.33,,,106300,0.0941619585687382,-2.11786372007366,0.038137347130762,,0.223880575886337,0.0264985932230843,109.5
"Metro","Salisbury, MD",,"MD","Salisbury, MD","""Salisbury, MD-DE""",130,0.364077669902913,,,,184600,0.380641653072322,2.38491403216861,0.0191170097508127,,0.168530696379085,0.0483867744005244,
"Metro","Tallahassee, FL",,"FL","Tallahassee, FL","""Tallahassee, FL""",131,1.45631067961165,82.81,,,151200,0.398406374501992,3.27868852459016,0.0318981481481482,,0.162340131448246,0.052861700828619,88
"Metro","Trenton, NJ",,"NJ","Trenton, NJ","""Trenton, NJ""",132,0.339805825242718,75.62,,,224900,0.35698348951361,0.897263346792283,0.00805246776345037,,0.148833260946816,0.110226820533227,112
"Metro","Fayetteville, NC",,"NC","Fayetteville, NC","""Fayetteville, NC""",133,2.20873786407767,67.65,3.3333,1.1142,126300,0,1.69082125603865,0.0459303246239113,,0.270112290416859,0.0449886104783599,108
"Metro","Hickory, NC",,"NC","Hickory, NC","""Hickory-Lenoir-Morganton, NC""",134,9.07766990291262,100,,,110700,1.0036496350365,9.06403940886699,0.0355555555555556,,0.095404543395467,0.0390600694583226,
"Metro","Eugene, OR",,"OR","Eugene, OR","""Eugene, OR""",135,5.58252427184466,87.69,5.7207,5.9223,238100,0.804403048264183,8.32575068243858,0.0365266694666107,,0.0733029586481343,0.0350118017309205,70
"Metro","Rockford, IL",,"IL","Rockford, IL","""Rockford, IL""",136,1.09223300970874,47.17,,,105000,0.286532951289398,8.47107438016529,0.0374000000000001,,0.21216939365011,0.0475636228893165,82
"Metro","Savannah, GA",,"GA","Savannah, GA","""Savannah, GA""",137,1.43203883495146,66.67,,,162900,0.555555555555556,2.58186397984887,0.0344935543278084,,0.144939425674805,0.0315553189905758,90
"Metro","Ann Arbor, MI",,"MI","Ann Arbor, MI","""Ann Arbor, MI""",138,9.63592233009709,,,,246200,1.1088295687885,8.02983764809127,0.0524451665312753,,0.0782218192024527,0.018492961634005,77
"Metro","Ocala, FL",,"FL","Ocala, FL","""Ocala, FL""",139,3.03398058252427,76.67,,,127900,0.867507886435331,8.20642978003384,0.0486004691164972,,0.168509509066785,0.0540373629766867,78
"Metro","Kalamazoo, MI",,"MI","Kalamazoo, MI","""Kalamazoo-Portage, MI""",140,3.59223300970874,,,,136000,0.3690036900369,4.93827160493827,0.0279558823529411,,0.128411094629013,0.0163469921534438,88
"Metro","Naples, FL",,"FL","Naples, FL","""Naples-Immokalee-Marco Island, FL""",141,8.93203883495146,85.79,,,328700,1.01413644744929,6.37540453074434,0.0364192272588988,,0.0723495096381468,0.0365176745544844,134
"Metro","South Bend, IN",,"IN","South Bend, IN","""South Bend-Mishawaka, IN-MI""",142,0.655339805825243,93.52,,,103600,0,-4.33979686057248,0.0244980694980694,,0.164662364085478,0.0311935639327751,80
"Metro","Spartanburg, SC",,"SC","Spartanburg, SC","""Spartanburg, SC""",143,4.39320388349515,80.82,4.4289,,115600,0.609225413402959,3.3065236818588,0.0387629757785468,,0.0970486020387707,0.0480780108259748,97
"Metro","Evansville, IN",,"IN","Evansville, IN","""Evansville, IN-KY""",144,3.08252427184466,100,,,116500,0.171969045571797,-2.18303946263644,0.0329699570815452,,0.128049458034493,0.0320818746179493,
"Metro","Kingsport, TN",,"TN","Kingsport, TN","""Kingsport-Bristol-Bristol, TN-VA""",145,6.79611650485437,82.52,,,119600,0.419815281276238,4.91228070175439,0.0372658862876254,,0.109713987825389,0.015768448705655,110
"Metro","Roanoke, VA",,"VA","Roanoke, VA","""Roanoke, VA""",146,2.81553398058252,76.67,,,148000,0.0676132521974307,0,0.0281351351351351,,0.120122281716904,0.0211358655949911,148.5
"Metro","Green Bay, WI",,"WI","Green Bay, WI","""Green Bay, WI""",147,8.30097087378641,88.43,1.4152,,155800,0.711053652230123,8.26963168867269,0.0358408215661103,,0.0892987220690282,0.0200999925562262,71
"Metro","Lincoln, NE",,"NE","Lincoln, NE","""Lincoln, NE""",148,7.01456310679612,96.88,2.8215,1.4563,152400,0.19723865877712,4.02730375426621,0.0336023622047243,,0.0600859600562642,0.0128462977492265,69
"Metro","Fort Collins, CO",,"CO","Fort Collins, CO","""Fort Collins, CO""",149,9.90291262135922,99.27,1.962,,322200,1.03480714957667,10.3802672147996,0.038659217877095,,0.0568929122351222,0.0032108455226543,60
"Metro","Utica, NY",,"NY","Utica, NY","""Utica-Rome, NY""",150,5.80097087378641,,,,112300,0.807899461400359,5.1498127340824,0.0354318788958148,,0.130768651398195,0.0548958294538096,136
"Metro","Columbus, GA",,"GA","Columbus, GA","""Columbus, GA-AL""",151,0.412621359223301,,,,103700,0,-2.44590780809031,0.0374059787849566,,0.218953204887279,0.040816572147847,104
"Metro","Boulder, CO",,"CO","Boulder, CO","""Boulder, CO""",152,9.53883495145631,98.68,1.0028,,462700,0.916030534351145,10.0095102234903,0.0249167927382754,,0.0469054499025603,0.00286532951289398,56
"Metro","Erie, PA",,"PA","Erie, PA","""Erie, PA""",153,3.83495145631068,,,,118900,0.252951096121417,1.88517566409597,0.0195626576955426,,0.0785963529941468,0.0247046186895811,95
"Metro","Fort Smith, AR",,"AR","Fort Smith, AR","""Fort Smith, AR-OK""",154,2.16019417475728,82.93,,,99000,-0.100908173562059,2.91060291060291,0.0398181818181818,,0.139472915263538,0.0413101390070183,107.5
"Metro","Duluth, MN",,"MN","Duluth, MN","""Duluth, MN-WI""",155,7.25728155339806,97.73,,,135000,0.972326103216156,7.0578905630452,0.0391407407407407,,0.127158876656816,0.0244997129105892,87
"Metro","Atlantic City, NJ",,"NJ","Atlantic City, NJ","""Atlantic City-Hammonton, NJ""",156,0.121359223300971,,,,175900,-0.283446712018141,-3.72194854953476,-0.0091245025582718,,0.293751735628992,0.135091699754207,162
"Metro","New London, CT",,"CT","New London, CT","""Norwich-New London, CT""",157,0.922330097087379,77.36,1.7869,0.9084,216100,0.278422273781903,-0.184757505773672,0.0138824618232301,,0.177022274325909,0.0643535847970055,109
"Metro","San Luis Obispo, CA",,"CA","San Luis Obispo, CA","""San Luis Obispo-Paso Robles-Arroyo Grande, CA""",158,6.74757281553398,92.25,4.0521,0.309,542500,0.0368799557440531,3.78802372297685,0.0230211981566821,,0.0481857665606511,0.0220014194464159,78
"Metro","Gainesville, FL",,"FL","Gainesville, FL","""Gainesville, FL""",159,2.79126213592233,79.55,,,156500,0.643086816720257,7.63411279229711,0.0280511182108627,,0.138098398230317,0.049137594803793,93
"Metro","Santa Cruz, CA",,"CA","Santa Cruz, CA","""Santa Cruz-Watsonville, CA""",160,7.0873786407767,96.23,4.3629,0.0992,717600,0.363636363636364,5.93445527015058,0.0187904124860647,,0.0407243936843063,0.0268156424581006,60
"Metro","Clarksville, TN",,"TN","Clarksville, TN","""Clarksville, TN-KY""",161,3.3495145631068,80.43,,,137600,0.291545189504373,3.92749244712991,0.0456322674418606,,0.19641009866535,0.0227240746874113,87
"Metro","Merced, CA",,"CA","Merced, CA","""Merced, CA""",162,7.0631067961165,66.67,,1.0538,211900,1.09732824427481,11.8796198521647,0.0568900424728647,,0.137627180232558,0.0316831683168317,72
"Metro","Wilmington, NC",,"NC","Wilmington, NC","""Wilmington, NC""",163,4.83009708737864,84.03,,,201400,0.448877805486284,5.3347280334728,0.0289771598808342,,0.116309010327103,0.0274089004602848,96
"Metro","Kennewick, WA",,"WA","Kennewick, WA","""Kennewick-Richland, WA""",164,9.85436893203883,97.24,,,221500,0.865209471766849,11.0832497492477,0.0626320541760723,,0.0567988070092762,0.0166366101028475,66
"Metro","Greeley, CO",,"CO","Greeley, CO","""Greeley, CO""",165,9.80582524271845,96.92,,,254900,1.15079365079365,10.6817194963092,0.0463201255394272,,0.0654965541177054,0.00832702498107494,56
"Metro","Lynchburg, VA",,"VA","Lynchburg, VA","""Lynchburg, VA""",166,4.5631067961165,100,,,142200,-0.280504908835905,-0.767620376831821,0.0239943741209565,,0.121003765672034,0.01230322928064,108
"Metro","Olympia, WA",,"WA","Olympia, WA","""Olympia-Tumwater, WA""",167,4.05339805825243,83.59,7.6451,3.6568,257400,0.82256169212691,7.74382586856425,0.0396697746697747,,0.0938839432904715,0.0421422300263389,67
"Metro","Amarillo, TX",,"TX","Amarillo, TX","""Amarillo, TX""",168,4.78155339805825,75,,,118400,0.254022015241321,4.59363957597173,0.0372804054054054,,0.115090929567657,0.0161253538951643,
"Metro","Binghamton, NY",,"NY","Binghamton, NY","""Binghamton, NY""",169,0.533980582524272,75,10.8105,0.1814,100100,0.30060120240481,-3.84245917387128,0.00197802197802188,,0.159525706227356,0.0415970474103328,126
"Metro","Hagerstown, MD",,"MD","Hagerstown, MD","""Hagerstown-Martinsburg, MD-WV""",170,0.0728155339805825,,,,157900,0.126823081800888,0.509229789942712,0.0115199493350222,,0.219647614660854,0.0410067235065372,
"Metro","Bremerton, WA",,"WA","Bremerton, WA","""Bremerton-Silverdale, WA""",171,8.49514563106796,,,,301800,0.868983957219251,12.1933085501859,0.0499271040424123,,0.0790485887210815,0.031484794275492,61
"Metro","Laredo, TX",,"TX","Laredo, TX","""Laredo, TX""",172,5.48543689320388,100,,,117100,-0.594227504244482,6.06884057971014,0.0398889837745517,,0.110445020522791,0.0381418092909535,
"Metro","Yakima, WA",,"WA","Yakima, WA","""Yakima, WA""",173,9.27184466019417,97.96,4.6843,,166100,1.46609651802077,10.6595602931379,0.0681577363034316,,0.0853282768428538,0.0255555555555556,70
"Metro","Crestview-Fort Walton Beach-Destin, FL",,"FL","Crestview-Fort Walton Beach-Destin, FL","""Crestview-Fort Walton Beach-Destin, FL""",174,5.94660194174757,,,,217800,1.30232558139535,6.24390243902439,0.0645454545454545,,0.177186873821639,0.0479507969183742,101
"Metro","Topeka, KS",,"KS","Topeka, KS","""Topeka, KS""",175,5.70388349514563,84.62,,,103100,0,6.95020746887967,0.0437730358874879,,0.142817795422873,0.0268331973441428,78
"Metro","Macon, GA",,"GA","Macon, GA","""Macon, GA""",176,1.99029126213592,66.67,,,102400,0.392156862745098,6.44490644490645,0.054697265625,,0.188485382589777,0.0381190544715092,86
"Metro","Champaign-Urbana, IL",,"IL","Champaign-Urbana, IL","""Champaign-Urbana, IL""",177,0.752427184466019,71.01,,,126400,-0.157977883096367,0.636942675159236,0.0246993670886075,,0.121974617495873,0.02482657954032,90
"Metro","Tuscaloosa, AL",,"AL","Tuscaloosa, AL","""Tuscaloosa, AL""",178,0.388349514563107,54.05,,,127600,-1.23839009287926,-14.247311827957,0.0190673981191223,,0.0981170972236324,0.0324500144005106,99
"Metro","College Station, TX",,"TX","College Station, TX","""College Station-Bryan, TX""",179,10,100,,,170400,0.6497341996456,9.93548387096774,0.0461326291079813,,0.082546810409222,0.00565790051205204,
"Metro","Charleston, WV",,"WV","Charleston, WV","""Charleston, WV""",180,9.22330097087379,86.96,,,95600,0.631578947368421,9.88505747126437,0.0384309623430963,,0.126611681248239,0.0177600539192342,129.5
"Metro","Appleton, WI",,"WI","Appleton, WI","""Appleton, WI""",181,7.54854368932039,100,,,151100,0.465425531914894,6.10955056179775,0.0381866313699537,,0.073256196754806,0.0233712191985642,80
"Metro","Chico, CA",,"CA","Chico, CA","""Chico, CA""",182,7.37864077669903,80.43,4.8123,,250700,0.521251002405774,8.24697754749568,0.0410889509373753,,0.107440521291105,0.0272684532204984,71
"Metro","Charlottesville, VA",,"VA","Charlottesville, VA","""Charlottesville, VA""",183,3.22815533980583,77.78,,,235400,0.383795309168444,2.43690165361184,0.0254587935429056,,0.124674851577469,0.0185400362144116,99.5
"Metro","Claremont, NH",,"NH","Claremont, NH","""Claremont-Lebanon, NH-VT""",184,3.15533980582524,81.71,,,181500,0.33167495854063,0.833333333333333,,,0.122509402235237,0.028352255338829,117
"Metro","Cape Cod, MA",,"MA","Cape Cod, MA","""Barnstable Town, MA""",185,1.50485436893204,87.42,,2.3087,376500,0.0531490831783152,4.12057522123894,0.0245365205843293,,0.0603306789860799,0.0720403022670025,99
"Metro","Burlington, VT",,"VT","Burlington, VT","""Burlington-South Burlington, VT""",186,1.72330097087379,85,,,258900,0.0386398763523957,2.53465346534653,0.0277597528003091,,,,91
"Metro","Prescott, AZ",,"AZ","Prescott, AZ","""Prescott, AZ""",187,8.42233009708738,84.28,5.3143,0.744,253600,1.31841789852177,7.59439966058549,0.0349921135646687,,0.0806916426512968,0.0214285714285714,80.5
"Metro","Springfield, IL",,"IL","Springfield, IL","""Springfield, IL""",188,5.92233009708738,79.21,,,122100,0.57660626029654,2.51889168765743,0.0462653562653563,,0.12241010735624,0.0173641815454616,79
"Metro","Las Cruces, NM",,"NM","Las Cruces, NM","""Las Cruces, NM""",189,0.0970873786407767,50,,,134900,-0.295639320029564,-0.954478707782673,0.0330763528539659,,0.230652580498408,0.0348454963839579,
"Metro","Fargo, ND",,"ND","Fargo, ND","""Fargo, ND-MN""",190,8.71359223300971,,,,197500,0.560081466395112,5.72805139186296,0.0268556962025317,,0.0427058721259916,0.00527116093051718,76
"Metro","Houma, LA",,"LA","Houma, LA","""Houma-Thibodaux, LA""",191,1.60194174757282,,,,138400,-0.288184438040346,2.51851851851852,0.0270086705202313,,0.125310744094181,0.0248424653296978,
"Metro","Florence, SC",,"SC","Florence, SC","""Florence, SC""",192,8.66504854368932,,,,104500,1.16166505324298,9.42408376963351,0.0417607655502392,,0.108446682357672,0.0451953921436348,103
"Metro","Medford, OR",,"OR","Medford, OR","""Medford, OR""",193,6.60194174757282,91.6,10.879,1.2374,245600,1.02838338132456,8.81701373504652,0.0506311074918566,,0.0880390561432059,0.0585335797905114,77
"Metro","Lafayette-West Lafayette, IN",,"IN","Lafayette-West Lafayette, IN","""Lafayette-West Lafayette, IN""",194,0.800970873786408,81.25,5.3236,3.5761,122100,0,-5.78703703703704,0.0308681408681408,,0.129780353629526,0.0246420092863332,66
"Metro","Bellingham, WA",,"WA","Bellingham, WA","""Bellingham, WA""",195,8.39805825242718,94.94,2.5021,0.2177,315400,0.381922342457034,10.1256983240223,0.0217882054533924,,0.0652059026789707,0.0180798004987531,72
"Metro","Lake Havasu City, AZ",,"AZ","Lake Havasu City, AZ","""Lake Havasu City-Kingman, AZ""",196,8.51941747572816,83.52,,,175000,0.864553314121038,6.44768856447689,0.0425199999999999,,0.135787434265154,0.0248675091724419,105
"Metro","Saginaw, MI",,"MI","Saginaw, MI","""Saginaw, MI""",197,4.1504854368932,100,,,72600,0,2.8328611898017,0.0426859504132231,,0.19306841679403,0.0284051222351572,
"Metro","Lake Charles, LA",,"LA","Lake Charles, LA","""Lake Charles, LA""",198,7.74271844660194,100,,,159500,-0.3125,9.24657534246575,0.0253103448275862,,0.0865198549014649,0.0218334466557855,87.5
"Metro","Johnson City, TN",,"TN","Johnson City, TN","""Johnson City, TN""",199,5.31553398058252,80,9.1703,0.158,123700,0.161943319838057,1.31040131040131,0.0349797898140662,,0.116863553329211,0.0122160640524553,147
"Metro","Elkhart, IN",,"IN","Elkhart, IN","""Elkhart-Goshen, IN""",200,4.1747572815534,,,,126000,2.4390243902439,1.28617363344051,0.0232380952380953,,0.12520789644949,0.0291654634709789,
"Metro","Yuma, AZ",,"AZ","Yuma, AZ","""Yuma, AZ""",201,5.4126213592233,83.87,11.9732,2.0723,133000,2.07214121258634,5.63939634630659,0.0940300751879699,,0.281699794379712,0.0262773722627737,100
"Metro","Racine, WI",,"WI","Racine, WI","""Racine, WI""",202,1.04368932038835,,,,148100,0.406779661016949,4.81245576786978,0.0332005401755571,,0.261909058101768,0.0347915949018257,85
"Metro","Athens, GA",,"GA","Athens, GA","""Athens-Clarke County, GA""",203,4.44174757281553,90,,,147800,-0.0676132521974307,7.96201607012418,0.0336941813261165,,0.11818600055636,0.0237264056946024,86
"Metro","Torrington, CT",,"CT","Torrington, CT","""Torrington, CT""",204,0.242718446601942,72.09,,,224300,-0.222419928825623,0.223413762287757,,,0.163913861593142,0.0656887755102041,124
"Metro","Hilton Head Island, SC",,"SC","Hilton Head Island, SC","""Hilton Head Island-Bluffton-Beaufort, SC""",205,2.66990291262136,72.5,,,275500,0.0363108206245461,4.15879017013232,,,0.112615405910318,0.0436614563441434,130.5
"Metro","Hilo, HI",,"HI","Hilo, HI","""Hilo, HI""",206,2.98543689320388,,,,326200,0.153515505066012,4.82005141388175,,,0.102215417867435,0.1215859030837,149
"Metro","Panama City, FL",,"FL","Panama City, FL","""Panama City, FL""",207,7.96116504854369,100,,,181700,0.442233278054174,9.12912912912913,0.0532691249312054,,0.138562721692116,0.0493473071021465,105
"Metro","Kingston, NY",,"NY","Kingston, NY","""Kingston, NY""",208,1.14077669902913,62.79,,,188800,-0.0529380624669137,6.06741573033708,0.035603813559322,,0.171726705469037,0.0858015267175573,163
"Metro","Gainesville, GA",,"GA","Gainesville, GA","""Gainesville, GA""",209,3.81067961165049,80,,,161700,0.37243947858473,6.31163708086785,0.0317687074829931,,0.105894672542432,0.019365471775855,79
"Metro","Warner Robins, GA",,"GA","Warner Robins, GA","""Warner Robins, GA""",210,0.509708737864078,63.64,,,111900,0.0894454382826476,0.901713255184851,0.0342984807864164,,0.175540328459219,0.0269507357267149,91
"Metro","Jacksonville, NC",,"NC","Jacksonville, NC","""Jacksonville, NC""",211,0.87378640776699,,,,134000,0.525131282820705,0.67618332081142,0.0376641791044776,,0.355270034843206,0.0480568836582077,
"Metro","Redding, CA",,"CA","Redding, CA","""Redding, CA""",212,6.72330097087379,81.91,8.0444,2.1162,225000,1.03277952402335,9.11736178467507,0.0608177777777779,,0.153186838472158,0.0259106271122794,86
"Metro","Monroe, LA",,"LA","Monroe, LA","""Monroe, LA""",213,5.09708737864078,,,,115800,0.173010380622837,7.42115027829314,0.0332297063903282,,0.127998560562008,0.0240259313680884,
"Metro","Joplin, MO",,"MO","Joplin, MO","""Joplin, MO""",214,1.31067961165049,,,,88300,-0.225988700564972,1.02974828375286,0.0335447338618347,,0.225002787475115,0.0156828287121811,
"Metro","El Centro, CA",,"CA","El Centro, CA","""El Centro, CA""",215,9.19902912621359,,,,184200,0.986842105263158,13.8442521631644,0.100537459283388,,0.161420332152039,0.0314248816185966,73
"Metro","Terre Haute, IN",,"IN","Terre Haute, IN","""Terre Haute, IN""",216,0.606796116504854,,,,75800,-0.131752305665349,-0.263157894736842,0.0312664907651714,,0.178334506004962,0.0238908300186552,
"Metro","Muskegon, MI",,"MI","Muskegon, MI","""Muskegon, MI""",217,8.83495145631068,81.48,,,103800,0.972762645914397,9.03361344537815,0.0430732177263968,,0.101820728291317,0.0348464007336084,96
"Metro","Greenville, NC",,"NC","Greenville, NC","""Greenville, NC""",219,3.39805825242718,,,,114300,0.439367311072056,2.78776978417266,0.0421259842519686,,0.147405364753071,0.0361394557823129,
"Metro","Oshkosh, WI",,"WI","Oshkosh, WI","""Oshkosh-Neenah, WI""",220,4.49029126213592,92.86,,,149100,0.268997982515131,2.47422680412371,0.0296177062374245,,0.0800086730268864,0.01806684733514,82
"Metro","Yuba City, CA",,"CA","Yuba City, CA","""Yuba City, CA""",221,6.28640776699029,91.18,7.5721,0.8574,235200,0.641848523748395,7.00636942675159,0.0569175170068028,,0.12450762492441,0.0343799620795455,65
"Metro","Columbia, MO",,"MO","Columbia, MO","""Columbia, MO""",222,3.3252427184466,,,,151400,0,2.5050778605281,0.0241875825627478,,0.114491005402003,0.00824553366926248,
"Metro","Dover, DE",,"DE","Dover, DE","""Dover, DE""",223,0.436893203883495,100,,,172000,0,0,0.00803488372093031,,0.144804816469217,0.0909334763948498,97
"Metro","Eau Claire, WI",,"WI","Eau Claire, WI","""Eau Claire, WI""",224,7.13592233009709,,,,152500,0.66006600660066,5.24499654934437,0.0326754098360655,,0.0861082587828481,0.0166316746652063,78
"Metro","Janesville, WI",,"WI","Janesville, WI","""Janesville-Beloit, WI""",225,8.61650485436893,100,,,133100,1.99233716475096,14.1509433962264,0.0480465815176558,,0.113901462395543,0.0355368742835308,76
"Metro","Jackson, MI",,"MI","Jackson, MI","""Jackson, MI""",226,2.96116504854369,,,,121200,0.414250207125104,5.57491289198606,0.0227722772277228,,0.169190777576854,0.0193720774883099,94
"Metro","Punta Gorda, FL",,"FL","Punta Gorda, FL","""Punta Gorda, FL""",227,9.87864077669903,100,,,189500,1.06666666666667,11.0785463071512,0.050179419525066,,0.0773638968481375,0.0461694571283612,114
"Metro","Bloomington, IN",,"IN","Bloomington, IN","""Bloomington, IN""",228,3.78640776699029,,,,146200,-0.54421768707483,1.17647058823529,0.045718194254446,,0.1143904290249,0.0239533471456451,
"Metro","Pueblo, CO",,"CO","Pueblo, CO","""Pueblo, CO""",229,6.99029126213592,93.94,7.2832,,131700,0.611153552330023,7.33496332518337,0.0503264996203492,,0.10963423380349,0.023549934583515,69
"Metro","Billings, MT",,"MT","Billings, MT","""Billings, MT""",230,5.97087378640777,,,,202300,0.0494559841740851,6.36172450052576,0.0239792387543252,,0.0913328729281768,0.0103969754253308,
"Metro","Bend, OR",,"OR","Bend, OR","""Bend-Redmond, OR""",231,6.86893203883495,94.67,4.6207,3.5314,324400,1.05919003115265,10.830201571575,0.0204346485819975,,0.0496316401706088,0.0244140625,70
"Metro","Albany, GA",,"GA","Albany, GA","""Albany, GA""",232,0.898058252427185,71.43,,,1e+05,-0.0999000999000999,-0.497512437810945,0.03843,,0.195745332107068,0.0403171741350389,121
"Metro","Vineland, NJ",,"NJ","Vineland, NJ","""Vineland-Bridgeton, NJ""",233,0.485436893203884,50,,,139300,0.505050505050505,4.11061285500747,0.0266547020818377,,0.198652524848242,0.124244459368704,122.5
"Metro","Niles, MI",,"MI","Niles, MI","""Niles-Benton Harbor, MI""",234,3.25242718446602,88.89,,,127100,-0.157109190887667,2.5,0.0267348544453188,,0.125518820666953,0.0182440136830103,91
"Metro","Kahului, HI",,"HI","Kahului, HI","""Kahului-Wailuku-Lahaina, HI""",235,8.95631067961165,,,,579800,1.32820692065711,5.16959912933067,,,0.0672938810686584,0.0811099252934899,130
"Metro","State College, PA",,"PA","State College, PA","""State College, PA""",236,8.7621359223301,96.55,,,217200,0.323325635103926,5.07982583454282,0.0326012891344383,,0.0845520374840267,0.00923593618807724,82
"Metro","Alexandria, LA",,"LA","Alexandria, LA","""Alexandria, LA""",237,9.12621359223301,,,,134100,1.66793025018954,5.25902668759812,0.0490231170768083,,0.149823177483445,0.0169470247194208,
"Metro","Hanford, CA",,"CA","Hanford, CA","""Hanford-Corcoran, CA""",238,3.44660194174757,92.5,11.3647,1.922,173400,0.23121387283237,6.64206642066421,0.0617185697808535,,0.1671834625323,0.0309119010819165,72
"Metro","Burlington, NC",,"NC","Burlington, NC","""Burlington, NC""",239,5,80.56,,,132000,0.763358778625954,4.5958795562599,0.0446666666666666,,0.107727570399476,0.0298885511651469,87
"Metro","Madera, CA",,"CA","Madera, CA","""Madera, CA""",240,6.77184466019417,88.89,9.4065,0.9742,209400,0.964320154291225,7.77148739063304,0.0669961795606495,,0.166363636363636,0.0332072299285414,90.5
"Metro","Texarkana, TX",,"TX","Texarkana, TX","""Texarkana, TX-AR""",241,4.85436893203883,100,,,94300,0.212539851222104,-0.211640211640212,0.0416118769883351,,0.167362849014646,0.0218919104169146,
"Metro","Elizabethtown, KY",,"KY","Elizabethtown, KY","""Elizabethtown-Fort Knox, KY""",242,5.75242718446602,80,,,127300,0.473559589581689,2.74414850686037,0.050612725844462,,0.188803277512907,0.0224688190411361,126
"Metro","Pottsville, PA",,"PA","Pottsville, PA","""Pottsville, PA""",243,1.79611650485437,,,,73200,-0.67842605156038,3.97727272727273,,,0.139070375210006,0.0527964205816555,120
"Metro","Grand Junction, CO",,"CO","Grand Junction, CO","""Grand Junction, CO""",244,4.63592233009709,78.57,6.9429,1.6334,196600,1.07969151670951,7.43169398907104,0.0424567650050864,,0.137977420129714,0.0393454038997214,76
"Metro","Concord, NH",,"NH","Concord, NH","""Concord, NH""",245,4.32038834951456,74.67,,,216000,0.325127728750581,4.70189045079981,,,0.095216719038356,0.0261917234154007,90
"Metro","Santa Fe, NM",,"NM","Santa Fe, NM","""Santa Fe, NM""",246,0.849514563106796,,,,291200,0.275482093663912,3.55618776671408,0.0176064560439559,,0.129518401223108,0.0442664418212479,
"Metro","Hattiesburg, MS",,"MS","Hattiesburg, MS","""Hattiesburg, MS""",247,1.86893203883495,,,,130900,0.153022188217291,1.39426800929512,0.0348892284186402,,0.193446631822889,0.0217555649016255,
"Metro","Dalton, GA",,"GA","Dalton, GA","""Dalton, GA""",248,7.83980582524272,87.5,,,112000,0.538599640933573,6.06060606060606,0.0390714285714286,,0.143170404691928,0.0226226957653056,115
"Metro","Greensboro, NC",,"NC","Greensboro, NC","""Greensboro-High Point, NC""",249,2.47572815533981,,,,121700,0.412541254125412,4.10607356715141,0.0386688578471652,,0.123424155346738,0.0462371442822564,85
"Metro","Midland, TX",,"TX","Midland, TX","""Midland, TX""",250,4.02912621359223,,,,188900,-0.0529100529100529,-0.735680504466632,0.040651138168343,,0.124160238865389,0.0160320641282565,
"Metro","Homosassa Springs, FL",,"FL","Homosassa Springs, FL","""Homosassa Springs, FL""",251,7.33009708737864,,,,129300,0.779423226812159,10.230179028133,,,0.134452882661247,0.0620525059665871,120.5
"Metro","Valdosta, GA",,"GA","Valdosta, GA","""Valdosta, GA""",252,0.315533980582524,64.29,,,116400,-0.171526586620926,-1.10450297366185,0.0314432989690723,,0.234222293940882,0.0371664093683049,122
"Metro","Springfield, OH",,"OH","Springfield, OH","""Springfield, OH""",253,3.47087378640777,,,,95000,0.849256900212314,4.3956043956044,0.0319263157894736,,0.171270442760271,0.0471615720524017,90
"Metro","St. George, UT",,"UT","St. George, UT","""St. George, UT""",254,2.69417475728155,,,,222600,0.134952766531714,4.70366886171214,0.0188903863432166,,0.136886321869257,0.0180283851169927,
"Metro","Vero Beach, FL",,"FL","Vero Beach, FL","""Sebastian-Vero Beach, FL""",255,7.66990291262136,76.7,,,179400,0.72992700729927,9.39024390243902,0.0451337792642141,,0.09793220848145,0.0506134969325153,113
"Metro","Napa, CA",,"CA","Napa, CA","""Napa, CA""",256,6.11650485436893,90.91,4.3401,0.6617,573200,0.157260178228202,8.47842543527631,0.021006629448709,,0.0449446604845947,0.0299500831946755,59
"Metro","Battle Creek, MI",,"MI","Battle Creek, MI","""Battle Creek, MI""",258,6.84466019417476,,,,97100,0.83073727933541,9.34684684684685,0.0353450051493305,,0.220570876703509,0.0255412308440769,120
"Metro","Eureka, CA",,"CA","Eureka, CA","""Eureka-Arcata-Fortuna, CA""",260,6.96601941747573,80.95,,,273300,0.477941176470588,9.10179640718563,,,0.117658749875783,0.0244932432432432,92
"Metro","Flagstaff, AZ",,"AZ","Flagstaff, AZ","""Flagstaff, AZ""",261,4.70873786407767,,,,313000,0.449293966623877,5.85052417991207,0.00566773162939294,,0.0772690577788029,0.0149253731343284,67.5
"Metro","Wausau, WI",,"WI","Wausau, WI","""Wausau, WI""",262,4.75728155339806,,,,136800,0.514327700220426,6.62509742790335,0.0240862573099416,,0.0744218120093359,0.0242337847469708,92
"Metro","La Crosse, WI",,"WI","La Crosse, WI","""La Crosse-Onalaska, WI-MN""",263,6.31067961165049,100,,,140500,0.285510349750178,7.91090629800307,0.0249110320284698,,0.082917912927883,0.0160320641282565,63.5
"Metro","Lebanon, PA",,"PA","Lebanon, PA","""Lebanon, PA""",264,1.84466019417476,,,,155900,0.128452151573539,0.971502590673575,0.0221295702373316,,0.0917957544463569,0.0318181818181818,
"Metro","Idaho Falls, ID",,"ID","Idaho Falls, ID","""Idaho Falls, ID""",265,8.85922330097087,,,,147700,0.544588155207624,7.81021897810219,0.065416384563304,,0.150164387035581,0.020358013743988,
"Metro","Sierra Vista, AZ",,"AZ","Sierra Vista, AZ","""Sierra Vista-Douglas, AZ""",266,0.776699029126214,69.44,,,132600,-0.0753579502637528,0.530705079605762,,,0.310898560898561,0.0282246683601468,117
"Metro","Pittsfield, MA",,"MA","Pittsfield, MA","""Pittsfield, MA""",267,0.558252427184466,80.7,,19.4931,198900,0.454545454545455,-1.38820029747149,0.00762192056309696,,0.118008527715074,0.0425079702444208,114
"Metro","Jackson, TN",,"TN","Jackson, TN","""Jackson, TN""",268,3.56796116504854,66.67,12.0589,0.3306,91500,0.439077936333699,3.85925085130533,0.049103825136612,,0.17673572014848,0.0309912852038047,111
"Metro","Glens Falls, NY",,"NY","Glens Falls, NY","""Glens Falls, NY""",269,0.266990291262136,,,,153000,-0.390625,1.45888594164456,0.0148627450980392,,0.124063816491182,0.066827845965835,136
"Metro","Winchester, VA",,"VA","Winchester, VA","""Winchester, VA-WV""",270,2.76699029126214,88.89,,,206000,0,3.62173038229376,0.0116165048543688,,0.129606028961302,0.0320166131080801,82.5
"Metro","Altoona, PA",,"PA","Altoona, PA","""Altoona, PA""",271,3.61650485436893,,,,113500,-0.959860383944154,6.87382297551789,0.029964757709251,,0.132311108027475,0.0214997378080755,87
"Metro","Sherman, TX",,"TX","Sherman, TX","""Sherman-Denison, TX""",273,9.95145631067961,100,,,127600,1.10935023771791,18.9189189189189,0.0557758620689655,,0.0668142870896313,0.015850144092219,72
"Metro","Staunton, VA",,"VA","Staunton, VA","""Staunton-Waynesboro, VA""",274,3.42233009708738,80,,,172300,0.116211504938989,1.53211549793754,,,0.124608300599131,0.020082906727998,102
"Metro","Muncie, IN",,"IN","Muncie, IN","""Muncie, IN""",275,0.970873786407767,84,,,75600,0,-5.26315789473684,0.0327645502645502,,0.233333333333333,0.0375215146299484,104
"Metro","Mount Vernon, WA",,"WA","Mount Vernon, WA","""Mount Vernon-Anacortes, WA""",276,4.53883495145631,86.84,9.491,0.3958,274100,0.772058823529412,10.1245480112495,0.0185552717986137,,0.0748536381377195,0.0325884543761639,65
"Metro","Albany, OR",,"OR","Albany, OR","""Albany, OR""",277,8.90776699029126,98.18,,,184500,0.764609503003823,9.04255319148936,,,0.0688613231552163,0.0288683602771363,76.5
"Metro","Watertown, NY",,"NY","Watertown, NY","""Watertown-Fort Drum, NY""",278,1.21359223300971,40,,,134500,1.89393939393939,1.66288737717309,,,0.208,0.0478424015009381,123.5
"Metro","Cleveland, TN",,"TN","Cleveland, TN","""Cleveland, TN""",279,4.95145631067961,83.33,11.9554,1.5671,128900,0.467653936087295,5.82922824302135,0.0351823118696664,,0.116794374603868,0.0163996870908499,106
"Metro","Bismarck, ND",,"ND","Bismarck, ND","""Bismarck, ND""",280,7.30582524271845,98.08,,,236700,-0.378787878787879,-7.5390625,0.0336628643852979,,0.0762022644406703,0.00538044453504415,88
"Metro","Morristown, TN",,"TN","Morristown, TN","""Morristown, TN""",281,8.10679611650485,,,,119500,0.67396798652064,5.75221238938053,0.0458912133891214,,0.119559947106891,0.0262426840293162,
"Metro","Kankakee, IL",,"IL","Kankakee, IL","""Kankakee, IL""",282,1.89320388349515,70,,,119700,0.335289186923722,4.45026178010471,0.0326315789473683,,0.172542735042735,0.0539584254754533,119.5
"Metro","Brunswick, GA",,"GA","Brunswick, GA","""Brunswick, GA""",283,6.40776699029126,72.97,,,164600,0.796080832823025,4.90758444869344,0.0328432563791008,,0.132441222832531,0.0196618755218176,130
"Metro","San Angelo, TX",,"TX","San Angelo, TX","""San Angelo, TX""",284,5.07281553398058,,,,125400,-0.0796812749003984,0.400320256204964,0.045311004784689,,0.121808740804846,0.00799289520426288,
"Metro","Holland, MI",,"MI","Holland, MI","""Holland, MI""",285,8.05825242718447,86.75,,,152900,1.12433862433862,8.36286321757619,0.0282472204054938,,0.08590856657155,0.0176678445229682,99
"Metro","Wenatchee, WA",,"WA","Wenatchee, WA","""Wenatchee, WA""",286,6.18932038834951,93.33,,,263200,-0.866290018832392,6.68828536684232,0.0284574468085106,,0.056687295392332,0.0262540066318335,89.5
"Metro","Lawrence, KS",,"KS","Lawrence, KS","""Lawrence, KS""",287,3.54368932038835,,,,166900,0.180072028811525,3.60024829298572,0.0289454763331336,,0.125071387778412,0.020221787345075,
"Metro","Missoula, MT",,"MT","Missoula, MT","""Missoula, MT""",288,3.64077669902913,,,,241000,0.249584026622296,2.42243943901402,0.00530290456431537,,0.100851393188854,0.0130468150422103,
"Metro","Bay City, MI",,"MI","Bay City, MI","""Bay City, MI""",289,3.30097087378641,78.95,,,86600,0.115606936416185,5.73870573870574,0.034757505773672,,0.181288422131148,0.0204874602613917,86
"Metro","Roseburg, OR",,"OR","Roseburg, OR","""Roseburg, OR""",290,3.93203883495146,81.58,,,160000,0.565681961030798,5.82010582010582,,,0.111981044606985,0.0533578656853726,104
"Metro","Sumter, SC",,"SC","Sumter, SC","""Sumter, SC""",291,3.95631067961165,71.43,13.0744,,89000,1.36674259681093,3.12862108922364,0.0481235955056181,,0.165919684474722,0.0437601296596434,144.5
"Metro","Lima, OH",,"OH","Lima, OH","""Lima, OH""",292,4.27184466019417,76.32,,,89700,0.673400673400673,3.10344827586207,0.0326532887402453,,0.128815172320033,0.033245382585752,101
"Metro","Cookeville, TN",,"TN","Cookeville, TN","""Cookeville, TN""",293,4.73300970873786,75,,,119200,0.336700336700337,4.37828371278459,,,0.11237274600399,0.0147000456043908,101.5
"Metro","Cumberland, MD",,"MD","Cumberland, MD","""Cumberland, MD-WV""",295,0.0485436893203883,,,,82700,-1.07655502392344,-6.76437429537768,0.00403869407496971,,0.202096482719971,0.0312045806096207,
"Metro","Longview, WA",,"WA","Longview, WA","""Longview, WA""",296,0.703883495145631,70.73,,,165300,-1.43112701252236,-4.00696864111498,0.0343980641258319,,0.135055536856277,0.026791277258567,80
"Metro","Whitewater, WI",,"WI","Whitewater, WI","""Whitewater-Elkhorn, WI""",297,5.21844660194175,84.21,,,174500,1.04226983207875,7.58323057953144,,,0.112688316036157,0.0350564468211527,102.5
"Metro","Fond du Lac, WI",,"WI","Fond du Lac, WI","""Fond du Lac, WI""",298,6.57766990291262,,,,130600,0.61633281972265,6.69934640522876,0.0323583460949464,,0.128215020576132,0.022567703109328,
"Metro","Ithaca, NY",,"NY","Ithaca, NY","""Ithaca, NY""",299,7.03883495145631,,,,197900,0.354969574036511,3.99369416710457,0.0227387569479536,,0.0509874326750449,0.0140845070422535,97
"Metro","Ashtabula, OH",,"OH","Ashtabula, OH","""Ashtabula, OH""",300,2.54854368932039,85.71,,,83700,1.3317191283293,1.57766990291262,,,0.205865053356861,0.0416326530612245,101
"Metro","Tullahoma, TN",,"TN","Tullahoma, TN","""Tullahoma-Manchester, TN""",301,7.9126213592233,91.67,,,128300,0.469851213782302,9.28449744463373,,,0.105876561809524,0.0138681360836597,90
"Metro","Corning, NY",,"NY","Corning, NY","""Corning, NY""",303,7.28155339805825,,,,88500,1.60734787600459,6.75512665862485,,,0.147782258064516,0.0238744884038199,121
"Metro","Sebring, FL",,"FL","Sebring, FL","""Sebring, FL""",304,5.4368932038835,81.58,,,104000,1.0689990281827,16.7227833894501,,,0.17518406236466,0.069221260815822,106
"Metro","Truckee, CA",,"CA","Truckee, CA","""Truckee-Grass Valley, CA""",305,8.17961165048544,92.31,,,389500,0.645994832041344,3.67314346553101,,,0.0738362760834671,0.0184782608695652,76
"Metro","Grand Forks, ND",,"ND","Grand Forks, ND","""Grand Forks, ND-MN""",306,9.29611650485437,100,,,163800,0.306184935701164,7.90513833992095,0.0357936507936507,,0.0963597430406852,0.00833333333333333,
"Metro","Fairbanks, AK",,"AK","Fairbanks, AK","""Fairbanks, AK""",307,5.02427184466019,84,,,212200,0.141576215195847,2.66086115142719,0.0570452403393025,,0.18818019010883,0.0183016105417277,81.5
"Metro","Ocean City, NJ",,"NJ","Ocean City, NJ","""Ocean City, NJ""",308,1.35922330097087,100,,,339300,0.147579693034238,1.70863309352518,0.0062776304155614,,0.11809553446398,0.10935441370224,
"Metro","Mankato, MN",,"MN","Mankato, MN","""Mankato-North Mankato, MN""",309,8.88349514563107,,,,179900,0.111296605453534,7.72455089820359,0.0284658143413008,,0.0838239058100845,0.00610687022900763,100.5
"Metro","Cape Girardeau, MO",,"MO","Cape Girardeau, MO","""Cape Girardeau, MO-IL""",310,2.03883495145631,,,,134600,-0.296296296296296,-0.0742390497401633,0.0326894502228827,,0.14981368590493,0.0131361971540607,
"Metro","Hot Springs, AR",,"AR","Hot Springs, AR","""Hot Springs, AR""",311,2.13592233009709,70,,,131800,-0.151515151515152,-0.151515151515152,0.0298937784522002,,0.109260850880963,0.0304818092428712,142
"Metro","The Villages, FL",,"FL","The Villages, FL","""The Villages, FL""",313,7.62135922330097,,,,233600,0.214500214500214,-1.01694915254237,,,0.0427222785215211,0.0212234706616729,116
"Metro","New Philadelphia, OH",,"OH","New Philadelphia, OH","""New Philadelphia-Dover, OH""",314,8.98058252427184,,,,116100,0.172562553925798,7.40055504162812,,,0.0728175772371412,0.0219653179190751,90
"Metro","New Castle, PA",,"PA","New Castle, PA","""New Castle, PA""",316,6.94174757281553,87.5,,,94500,0.105932203389831,12.2327790973872,,,0.118039712716519,0.035075161059413,135.5
"Metro","Sevierville, TN",,"TN","Sevierville, TN","""Sevierville, TN""",317,5.26699029126214,75,,,166500,0.604229607250755,5.24652338811631,,,0.0976739177256085,0.0187431091510474,109.5
"Metro","Moses Lake, WA",,"WA","Moses Lake, WA","""Moses Lake, WA""",318,6.91747572815534,,,,130800,1.23839009287926,6.6884176182708,,,0.123096998695085,0.0300353356890459,106
"Metro","Elmira, NY",,"NY","Elmira, NY","""Elmira, NY""",319,3.90776699029126,,,,87500,0.344036697247706,3.55029585798817,0.0289485714285713,,0.130951356005166,0.0361604207758054,126.5
"Metro","Beaver Dam, WI",,"WI","Beaver Dam, WI","""Beaver Dam, WI""",320,2.93689320388349,,,,138600,0.50761421319797,5.23917995444191,,,0.134248255769378,0.0274129069103369,97
"Metro","Ukiah, CA",,"CA","Ukiah, CA","""Ukiah, CA""",321,7.5,71.43,,,362500,0.276625172890733,12.7527216174184,,,0.102681992337165,0.0167910447761194,90
"Metro","Hermiston-Pendleton, OR",,"OR","Hermiston-Pendleton, OR","""Hermiston-Pendleton, OR""",322,7.40291262135922,96.55,,,154400,0.520833333333333,2.93333333333333,,,0.0942630510975835,0.0371819960861057,108
"Metro","Corvallis, OR",,"OR","Corvallis, OR","""Corvallis, OR""",323,9.97572815533981,97.78,1.843,,302100,0.935516204477113,8.20200573065903,0.0557828533598146,,0.0502173415694349,0.00911161731207289,71
"Metro","Kokomo, IN",,"IN","Kokomo, IN","""Kokomo, IN""",327,0.29126213592233,,,,82700,0.121065375302663,-0.958083832335329,0.0332043530834341,,0.218604270637323,0.0363023952095808,
"Metro","Grants Pass, OR",,"OR","Grants Pass, OR","""Grants Pass, OR""",328,7.88834951456311,89.29,,,223900,1.12917795844625,12.2305764411028,,,0.0994413407821229,0.0474406991260924,83
"Metro","Plattsburgh, NY",,"NY","Plattsburgh, NY","""Plattsburgh, NY""",329,1.91747572815534,86.67,,,115300,-0.173160173160173,-1.78875638841567,,,0.111084737716592,0.0373931623931624,124.5
"Metro","Great Falls, MT",,"MT","Great Falls, MT","""Great Falls, MT""",331,6.89320388349515,86.36,,,157100,-0.0636132315521628,4.59387483355526,0.0400318268618713,,0.1264518382674,0.00759668508287293,86
"Metro","Olean, NY",,"NY","Olean, NY","""Olean, NY""",332,0.218446601941748,,,,72900,0,1.67364016736402,,,0.171806768558952,0.04527402700556,130
"Metro","Athens, TX",,"TX","Athens, TX","""Athens, TX""",333,6.6747572815534,88.89,,,145800,-1.41987829614604,3.3309709425939,,,0.0752837618716701,0.0184615384615385,122
"Metro","Oak Harbor, WA",,"WA","Oak Harbor, WA","""Oak Harbor, WA""",334,8.27669902912621,,,,321200,0.879396984924623,13.0985915492958,,,0.0815988058711336,0.0264227642276423,71
"Metro","Keene, NH",,"NH","Keene, NH","""Keene, NH""",337,3.13106796116505,80.65,,,174000,0.636205899363794,1.75438596491228,,,0.133705411307935,0.0263157894736842,100
"Metro","Sandusky, OH",,"OH","Sandusky, OH","""Sandusky, OH""",338,2.23300970873786,81.4,,,120700,1.17351215423303,-0.984413453650533,0.034192212096106,,0.181688725079578,0.0355002305209774,93.5
"Metro","Columbus, IN",,"IN","Columbus, IN","""Columbus, IN""",339,9.36893203883495,,,,145400,0.762300762300762,8.7509349289454,0.0310591471801926,,0.0831088880338592,0.0150462962962963,
"Metro","Centralia, WA",,"WA","Centralia, WA","""Centralia, WA""",340,1.74757281553398,,,,169400,0.0590667454223272,5.54517133956386,,,0.131170662905501,0.0365591397849462,100
"Metro","Helena, MT",,"MT","Helena, MT","""Helena, MT""",342,5.36407766990291,86.67,,,192000,0.104275286757039,4.4613710554951,,,0.115697837686043,0.00970873786407767,71.5
"Metro","Findlay, OH",,"OH","Findlay, OH","""Findlay, OH""",343,9.05339805825243,,,,129000,1.33542812254517,10.0682593856655,,,0.0919662599295717,0.02493321460374,75
"Metro","Palatka, FL",,"FL","Palatka, FL","""Palatka, FL""",344,2.28155339805825,,,,96300,0.103950103950104,9.06002265005663,,,0.244017880620563,0.0657327586206897,146
"Metro","Glenwood Springs, CO",,"CO","Glenwood Springs, CO","""Glenwood Springs, CO""",345,9.61165048543689,100,,,470200,1.0313708637731,8.61630861630862,,,0.0906576779332529,0.0178079183851783,90
"Metro","Key West, FL",,"FL","Key West, FL","""Key West, FL""",346,8.3252427184466,90,,,549500,0.401973323588525,11.6416091019911,,,0.063170997354909,0.0640394088669951,182
"Metro","Greenfield Town, MA",,"MA","Greenfield Town, MA","""Greenfield Town, MA""",347,1.28640776699029,82.76,,11.8962,199800,0.200601805416249,0.100200400801603,,,0.0823045267489712,0.0930555555555556,114
"Metro","Statesboro, GA",,"GA","Statesboro, GA","""Statesboro, GA""",348,1.62621359223301,80,,,135000,0.297176820208024,2.73972602739726,,,0.145490454246215,0.0226244343891403,90
"Metro","Lake City, FL",,"FL","Lake City, FL","""Lake City, FL""",353,2.0873786407767,,,,114600,0.70298769771529,8.72865275142315,,,0.185625774473358,0.061415220293725,98.5
"Metro","Kapaa, HI",,"HI","Kapaa, HI","""Kapaa, HI""",354,5.04854368932039,,,,545200,-1.03467053911781,7.19622493118364,,,0.0504025201260063,0.114583333333333,137.5
"Metro","LaGrange, GA",,"GA","LaGrange, GA","""LaGrange, GA""",355,6.35922330097087,,,,96600,1.7913593256059,3.31550802139037,,,0.156930992736077,0.0308582449373192,102
"Metro","Klamath Falls, OR",,"OR","Klamath Falls, OR","""Klamath Falls, OR""",357,1.82038834951456,83.33,,,149100,0.539447066756575,3.68567454798331,,,0.192750087138376,0.0506329113924051,104
"Metro","Clearlake, CA",,"CA","Clearlake, CA","""Clearlake, CA""",358,8.37378640776699,,,,220000,1.14942528735632,11.4488348530902,,,0.128957707418535,0.0340501792114695,86
"Metro","Red Bluff, CA",,"CA","Red Bluff, CA","""Red Bluff, CA""",360,8.3495145631068,100,,,169100,0.356083086053412,6.01880877742947,,,0.143258426966292,0.0245098039215686,95.5
"Metro","Coos Bay, OR",,"OR","Coos Bay, OR","""Coos Bay, OR""",362,4.87864077669903,85.71,,,177600,0.338983050847458,7.44101633393829,,,0.102951763858891,0.0402097902097902,94
"Metro","Walla Walla, WA",,"WA","Walla Walla, WA","""Walla Walla, WA""",363,9.78155339805825,100,,,195500,0.721277691911386,8.91364902506964,,,0.0741632622332848,0.0123059838929945,83
"Metro","Oneonta, NY",,"NY","Oneonta, NY","""Oneonta, NY""",364,5.55825242718447,,,,119400,0.929839391377853,4.828797190518,,,0.144317498496693,0.0541666666666667,166.5
"Metro","Baraboo, WI",,"WI","Baraboo, WI","""Baraboo, WI""",365,8.78640776699029,,,,172600,0.935672514619883,7.27159726538223,,,0.0912910618792972,0.0097629009762901,88
"Metro","Sturgis, MI",,"MI","Sturgis, MI","""Sturgis, MI""",367,9.56310679611651,,,,111100,1.73992673992674,6.82692307692308,,,0.143835616438356,0.012987012987013,117.5
"Metro","Lewiston, ID",,"ID","Lewiston, ID","""Lewiston, ID-WA""",368,9.5873786407767,0,,,187300,2.0708446866485,8.83207437536316,0.0883182060864922,,0.0872299360462754,0.0124116133564251,
"Metro","Albemarle, NC",,"NC","Albemarle, NC","""Albemarle, NC""",369,9.1747572815534,100,,,126400,0.797448165869218,3.86195562859491,,,0.10079255685734,0.0205128205128205,127
"Metro","Georgetown, SC",,"SC","Georgetown, SC","""Georgetown, SC""",371,2.5,,,,216000,0.371747211895911,2.56410256410256,,,0.107099143206854,0.0571428571428571,135.5
"Metro","Laconia, NH",,"NH","Laconia, NH","""Laconia, NH""",372,3.05825242718447,86.96,,,199700,0.100250626566416,2.04394481349004,,,0.102389516957862,0.0376411543287327,109
"Metro","Batavia, NY",,"NY","Batavia, NY","""Batavia, NY""",373,1.2378640776699,,,,114300,0.0875656742556918,4.0983606557377,,,0.0788623944361649,0.0519685039370079,89
"Metro","Oxford, NC",,"NC","Oxford, NC","""Oxford, NC""",374,1.69902912621359,66.67,,,144900,0.27681660899654,5.99853694220922,,,0.0951214918063665,0.0396039603960396,77.5
"Metro","Dublin, GA",,"GA","Dublin, GA","""Dublin, GA""",377,3.17961165048544,80,,,92300,0.654307524536532,5.00568828213879,,,0.169115246490369,0.0308880308880309,
"Metro","Sanford, NC",,"NC","Sanford, NC","""Sanford, NC""",378,2.11165048543689,87.5,,,120300,-0.331400165700083,2.73270708795901,,,0.0977742448330684,0.032520325203252,99
"Metro","Gloversville, NY",,"NY","Gloversville, NY","""Gloversville, NY""",381,0.169902912621359,85.71,,,104400,0.0958772770853308,2.65486725663717,,,0.204549525344797,0.0910683012259195,119
"Metro","Carson City, NV",,"NV","Carson City, NV","""Carson City, NV""",382,8.68932038834951,100,2.4944,2.7131,244100,1.28630705394191,10.4025327905925,0.100700532568619,,0.0992687385740402,0.0386740331491713,64
"Metro","Calhoun, GA",,"GA","Calhoun, GA","""Calhoun, GA""",383,5.87378640776699,100,,,115000,0.349040139616056,0.524475524475524,,,0.142936906756002,0.0234375,109.5
"Metro","Waycross, GA",,"GA","Waycross, GA","""Waycross, GA""",384,8.22815533980583,100,,,90500,0.891861761426979,7.22748815165877,,,0.152895098197331,0.0319298293525643,
"Metro","Payson, AZ",,"AZ","Payson, AZ","""Payson, AZ""",387,5.33980582524272,,,,170900,0.234604105571848,3.95377128953771,,,0.114087898856111,0.0343007915567282,112.5
"Metro","Galesburg, IL",,"IL","Galesburg, IL","""Galesburg, IL""",388,5.14563106796117,75,,,72400,0.97629009762901,1.68539325842697,,,0.137149199302362,0.0254335260115607,96
"Metro","Athens, TN",,"TN","Athens, TN","""Athens, TN""",390,7.79126213592233,100,,,123300,0.817661488143908,4.49152542372881,,,0.144201228878648,0.0213049267643142,
"Metro","Edwards, CO",,"CO","Edwards, CO","""Edwards, CO""",391,7.18446601941748,90,,,630600,0.190657769304099,3.41095441128239,,,0.0755485893416928,0.012448132780083,112.5
"Metro","Fernley, NV",,"NV","Fernley, NV","""Fernley, NV""",392,8.20388349514563,,,,191700,1.37493389740878,11.9742990654206,,,0.122316200390371,0.050531914893617,76.5
"Metro","Durango, CO",,"CO","Durango, CO","""Durango, CO""",393,6.48058252427184,66.67,,,341500,0.234810683886117,7.38993710691824,,,0.0723320862283984,0.0172413793103448,
"Metro","Bartlesville, OK",,"OK","Bartlesville, OK","""Bartlesville, OK""",394,8.64077669902913,79.17,,,100100,1.00908173562059,6.48936170212766,,,0.117214320745463,0.0167364016736402,90
"Metro","St. Marys, GA",,"GA","St. Marys, GA","""St. Marys, GA""",397,4.68446601941748,66.67,,,154000,0.45662100456621,8.14606741573034,,,0.20188679245283,0.0263381478334749,110.5
"Metro","Amsterdam, NY",,"NY","Amsterdam, NY","""Amsterdam, NY""",398,0.0242718446601942,,,,90900,-0.655737704918033,-2.67665952890792,,,0.221479713603819,0.052801724137931,130
"Metro","Paris, TX",,"TX","Paris, TX","""Paris, TX""",399,7.71844660194175,100,,,79600,0,5.71049136786189,,,0.11968253968254,0.0159151193633952,
"Metro","Corsicana, TX",,"TX","Corsicana, TX","""Corsicana, TX""",401,9.66019417475728,100,,,107700,0.748362956033676,9.78593272171254,,,0.105633802816901,0.019047619047619,92
"Metro","Ardmore, OK",,"OK","Ardmore, OK","""Ardmore, OK""",403,4.29611650485437,93.75,,,96700,-1.12474437627812,-4.25742574257426,,,0.133730373578776,0.0202429149797571,118
"Metro","Nogales, AZ",,"AZ","Nogales, AZ","""Nogales, AZ""",405,3.68932038834951,92.31,,,125000,0.240577385725742,2.96540362438221,,,0.164156626506024,0.035386631716907,143.5
"Metro","Gardnerville Ranchos, NV",,"NV","Gardnerville Ranchos, NV","""Gardnerville Ranchos, NV""",408,7.23300970873786,90.91,,,347000,0.901424832800233,9.46372239747634,,,0.0862857142857143,0.0562913907284768,76.5
"Metro","Tahlequah, OK",,"OK","Tahlequah, OK","""Tahlequah, OK""",409,6.2378640776699,,,,111800,0.0895255147717099,9.28641251221896,,,0.111761263897016,0.031413612565445,123
"Metro","Moultrie, GA",,"GA","Moultrie, GA","""Moultrie, GA""",413,0.194174757281553,60,,,86600,-3.02351623740202,3.0952380952381,,,0.150019432568986,0.0362694300518135,
"Metro","Shelbyville, TN",,"TN","Shelbyville, TN","""Shelbyville, TN""",414,8.7378640776699,87.5,,,132600,1.2987012987013,13.9175257731959,,,0.113086232980333,0.0133779264214047,69.5
"Metro","Thomasville, GA",,"GA","Thomasville, GA","""Thomasville, GA""",415,3.49514563106796,66.67,,,103100,0.487329434697856,3.82678751258812,,,0.178535939052666,0.0296846011131725,136
"Metro","Cornelia, GA",,"GA","Cornelia, GA","""Cornelia, GA""",416,8.13106796116505,88.24,,,131300,0.922367409684858,14.1739130434783,,,0.0949886104783599,0.0455635491606715,99
"Metro","Big Rapids, MI",,"MI","Big Rapids, MI","""Big Rapids, MI""",418,8.08252427184466,,,,102700,0.686274509803922,8.67724867724868,,,0.161638405637525,0.0163487738419619,137.5
"Metro","Seymour, IN",,"IN","Seymour, IN","""Seymour, IN""",420,4.00485436893204,93.33,,,105200,-0.189753320683112,-7.06713780918728,,,0.143195011825414,0.0225225225225225,109
"Metro","Douglas, GA",,"GA","Douglas, GA","""Douglas, GA""",421,6.2621359223301,83.33,,,100600,1.3091641490433,20.6235011990408,,,0.152899824253076,0.0488505747126437,
"Metro","Auburn, IN",,"IN","Auburn, IN","""Auburn, IN""",422,0.995145631067961,100,,,113500,-0.0880281690140845,-4.13851351351351,,,0.170893054024256,0.0354838709677419,
"Metro","Lawrenceburg, TN",,"TN","Lawrenceburg, TN","""Lawrenceburg, TN""",423,9.00485436893204,100,,,99400,0.505561172901921,12.316384180791,,,0.12751677852349,0.0281954887218045,
"Metro","Montrose, CO",,"CO","Montrose, CO","""Montrose, CO""",425,6.6504854368932,88.24,,,204600,0.540540540540541,6.89655172413793,,,0.0913230457880091,0.0249307479224377,71.5
"Metro","Tifton, GA",,"GA","Tifton, GA","""Tifton, GA""",426,5.19417475728155,,,,129600,0.465116279069767,8.18030050083473,,,0.0990869124112276,0.0580204778156997,112.5
"Metro","Urbana, OH",,"OH","Urbana, OH","""Urbana, OH""",427,0.679611650485437,,,,113900,-0.262697022767075,2.152466367713,,,0.156992932105376,0.043656207366985,108.5
"Metro","Berlin, NH",,"NH","Berlin, NH","""Berlin, NH-VT""",431,5.16990291262136,88.46,,,115700,0.696257615317667,5.95238095238095,,,0.189205579138872,0.0384615384615385,169
"Metro","Gainesville, TX",,"TX","Gainesville, TX","""Gainesville, TX""",435,7.47572815533981,87.5,,,130900,0.847457627118644,6.59609120521173,,,0.0977903149976493,0.0336538461538462,81.5
"Metro","Brownwood, TX",,"TX","Brownwood, TX","""Brownwood, TX""",438,1.77184466019417,100,,,80500,-0.739827373612824,1.89873417721519,,,0.139969681657403,0.0397111913357401,
"Metro","Americus, GA",,"GA","Americus, GA","""Americus, GA""",439,6.06796116504854,100,,,80800,1.12640801001252,1,,,0.172495439686204,0.0240551254276021,
"Metro","Easton, MD",,"MD","Easton, MD","""Easton, MD""",440,1.6504854368932,63.64,,,284700,0.317124735729387,3.56493270280102,,,0.113154960981048,0.0558292282430213,144
"Metro","Safford, AZ",,"AZ","Safford, AZ","""Safford, AZ""",441,4.10194174757282,84.62,,,138600,0.434782608695652,0.144508670520231,,,0.176541717049577,0.0251141552511416,115
"Metro","Batesville, AR",,"AR","Batesville, AR","""Batesville, AR""",448,4.19902912621359,85.71,,,93800,0.320855614973262,5.74971815107103,,,0.190377293181031,0.0181818181818182,
"Metro","Vidalia, GA",,"GA","Vidalia, GA","""Vidalia, GA""",449,6.09223300970874,100,,,106500,-0.374181478016838,11.5183246073298,,,0.159783425525907,0.028098578064022,
"Metro","Seneca Falls, NY",,"NY","Seneca Falls, NY","""Seneca Falls, NY""",452,2.25728155339806,90,,,95600,1.05708245243129,-0.520291363163372,,,0.134280353792549,0.0518962075848303,101
"Metro","Sulphur Springs, TX",,"TX","Sulphur Springs, TX","""Sulphur Springs, TX""",453,9.70873786407767,100,,,128100,1.10497237569061,3.80875202593193,,,0.088077336197637,0.0182926829268293,
"Metro","Martin, TN",,"TN","Martin, TN","""Martin, TN""",454,2.62135922330097,90.91,,,76600,0,0.393184796854522,,,0.174010455563854,0.0171673819742489,98
"Metro","Arcadia, FL",,"FL","Arcadia, FL","""Arcadia, FL""",456,6.14077669902913,80,,,110500,2.03139427516159,18.6895810955961,,,0.188248716486024,0.0787878787878788,114
"Metro","Paris, TN",,"TN","Paris, TN","""Paris, TN""",465,9.46601941747573,100,,,94800,0.851063829787234,17.7639751552795,,,0.135071784353941,0.0260303687635575,
"Metro","Dayton, TN",,"TN","Dayton, TN","""Dayton, TN""",466,1.06796116504854,66.67,,,123500,0.0810372771474878,0.898692810457516,,,0.119831814996496,0.0263157894736842,
"Metro","Jesup, GA",,"GA","Jesup, GA","""Jesup, GA""",470,4.36893203883495,100,,,112500,-1.05540897097625,-0.793650793650794,,,0.163863266413456,0.0231788079470199,120
"Metro","Ludington, MI",,"MI","Ludington, MI","""Ludington, MI""",471,9.92718446601942,,,,117000,0.94909404659189,10.377358490566,,,0.121070234113712,0.00552486187845304,120
"Metro","Bainbridge, GA",,"GA","Bainbridge, GA","""Bainbridge, GA""",475,0.145631067961165,87.5,,,94300,-0.736842105263158,-0.422386483632524,,,0.213393870601589,0.050531914893617,
"Metro","Summerville, GA",,"GA","Summerville, GA","""Summerville, GA""",477,7.35436893203883,100,,,74900,-0.398936170212766,13.3131618759455,,,0.183690987124464,0.014018691588785,
"Metro","La Grande, OR",,"OR","La Grande, OR","""La Grande, OR""",478,9.68446601941748,,,,157300,1.28783000643915,6.93405846363018,,,0.0906515580736544,0.0104166666666667,110
"Metro","The Dalles, OR",,"OR","The Dalles, OR","""The Dalles, OR""",482,5.60679611650485,,,,189500,0.477200424178155,9.79142526071842,,,0.0851167315175097,0.0514285714285714,88
"Metro","Fallon, NV",,"NV","Fallon, NV","""Fallon, NV""",483,4.12621359223301,,,,168000,1.14388922335942,9.16179337231969,,,0.136764024107557,0.0610169491525424,67.5
"Metro","Steamboat Springs, CO",,"CO","Steamboat Springs, CO","""Steamboat Springs, CO""",485,9.02912621359223,82.22,,,409000,0.565527415785591,14.4376049244544,,,0.0825688073394495,0.00925925925925926,113
"Metro","Prineville, OR",,"OR","Prineville, OR","""Prineville, OR""",491,9.44174757281553,100,,,225900,2.30978260869565,24.4628099173554,,,0.0808823529411765,0.0738636363636364,95
"Metro","Othello, WA",,"WA","Othello, WA","""Othello, WA""",492,2.83980582524272,83.33,,,134600,-0.370096225018505,3.22085889570552,,,0.11142061281337,0.025,
"Metro","Vineyard Haven, MA",,"MA","Vineyard Haven, MA","""Vineyard Haven, MA""",493,4.97572815533981,93.75,,3.0769,706400,-0.183693655503745,2.88377512379843,,,0.0346358792184725,0.0256410256410256,189.5
"Metro","Sweetwater, TX",,"TX","Sweetwater, TX","""Sweetwater, TX""",494,3.85922330097087,66.67,,,76800,-0.389105058365759,7.56302521008403,,,0.135181975736568,0,
"Metro","Ketchikan, AK",,"AK","Ketchikan, AK","""Ketchikan, AK""",495,7.69417475728155,100,,,231000,0.173460537727667,4.66696873584051,,,0.107942973523422,0.0188679245283019,
"Metro","Jefferson, GA",,"GA","Jefferson, GA","""Jefferson, GA""",,4.22330097087379,100,14.972,0.9668,,,,,,0.0892448512585812,0.0296896086369771,67
"Metro","Sonora, CA",,"CA","Sonora, CA","""Sonora, CA""",,3.98058252427184,77.78,4.5726,1.4422,,,,,,0.113320999074931,0.0346938775510204,93.5
