"RegionName","SizeRank","2010-02","2010-03","2010-04","2010-05","2010-06","2010-07","2010-08","2010-09","2010-10","2010-11","2010-12","2011-01","2011-02","2011-03","2011-04","2011-05","2011-06","2011-07","2011-08","2011-09","2011-10","2011-11","2011-12","2012-01","2012-02","2012-03","2012-04","2012-05","2012-06","2012-07","2012-08","2012-09","2012-10","2012-11","2012-12","2013-01","2013-02","2013-03","2013-04","2013-05","2013-06","2013-07","2013-08","2013-09","2013-10","2013-11","2013-12","2014-01","2014-02","2014-03","2014-04","2014-05","2014-06","2014-07","2014-08","2014-09","2014-10","2014-11","2014-12","2015-01","2015-02","2015-03","2015-04","2015-05","2015-06","2015-07","2015-08","2015-09","2015-10","2015-11","2015-12","2016-01","2016-02","2016-03","2016-04","2016-05","2016-06","2016-07","2016-08","2016-09"
"United States",0,,,,,,,,,,,,,,,,,,,,,,,,,,,,,,,,,,,,,,,,,,,,,,,,,,,,,,1680,1638,1625,1600,1580,1525,1560,1600,1600,1600,1650,1625,1626,1625,1595,1575,1505,1539,1575,1600,1625,1622,1645,1630,1695,1645,1600
"New York, NY",1,,,,,,,,,,,,,,,,,,,,2200,2200,2400,2500,2550,2595,2600,2625,2650,2700,2700,2700,2700,2700,2700,2700,2650,2725.5,2700,2650,2695,2800,2800,2800,2800,2850,2750,2750,2700,2700,2750,2750,2799,2895,2400,2390,2400,2400,2399,2300,2300,2375,2390,2400,2490,2430,2400,2429,2400,2400,2350,2300,2300,2350,2395,2400,2430,2475,2499,2495,2500
"Los Angeles-Long Beach-Anaheim, CA",2,,1807.5,1735,1695,1717.5,1717.5,1675,1650,1600,1600,1650,1425,1450,1450,1400,1395,1375,1365,1395,1380,1350,1375,1350,1395,1395,1412.5,1400,1395,1395,1400,1400,1402.5,1395,1395,1363,1395,1400,1599,1600,1650,1605,1625,1650,1633,1595,1525,1688,1650,1625,1625,1675,1735,1745,1755,1775,1785,1850,1850,1875,1875,1898.5,1895,1898.5,1905,1930,1934.5,1950,1950,1960,1995,1995,2025,2050,2090,2070,2095,2095,2080,2020,2075
"Chicago, IL",3,,1162.5,1300,1295,1206,1125,1175,1295,1395,1399,1400,1333,1298.5,1249,1285,1300,1400,1350,1300,1300,1299,1365,1400,1300,1282,1300,1397.5,1499,1550,1548,1525,1450,1495,1495,1500,1500,1578,1475,1450,1525,1592,1580,1575,1550,1505,1530,1600,1550,1495,1495,1500,1525,1576,1650,1530,1653,1651,1600,1400,1495,1638.5,1507,1500,1550,1550,1540,1500,1625,1674,1747,1644,1580.5,1668,1530,1500,1525,1510,1500,1480,1460
"Dallas-Fort Worth, TX",4,,,,,,,,,,,,,864.5,875,869,865,874.5,895,810,800,786.5,809.5,753,839,950,966,975,975,946,817.5,799,795,795,843,839.5,825,803,874.5,910,900,900,895,955,1019,1013.5,1000,1050,1130,1118,1124,1161,1116,1149,1100,1099,1080,1089,1139,1150,1150,1150,1125,1150,1150,1159,1162,1175,1185.5,1190,1200,1200,1210,1235,1264,1249,1252,1249,1230,1220,1276
"Philadelphia, PA",5,,985,900,950,1050,900,900,950,1000,1072.5,962.5,962.5,950,990,1000,1022.5,1063,1055,1095,1061,995,950,900,952.5,1000,1099,1040,1000,995,975,975,948,923,935,925,921,950,1095,1105,1213,1190,1150,1100,1150,1100,1169,1150,1100,1100,1100,1195,1250,1250,1250,1245.5,1200,1200,1235,1200,1200,1210,1255,1300,1300,1300,1275,1260,1250,1240,1300,1250,1300,1300,1300,1330,1350,1325,1300,1300,1300
"Houston, TX",6,,,,,,,,,,,,,,,,,,,,,,,,,,,,,,,,,,,,,,,,,,,,,,,,,1149,1095,1120,1256,1269,1259,1229,1240.5,1269,1200,1212,1209,1210,1255,1280,1285,1300,1300,1298,1318,1305,1400,1395,1410,1354,1379,1365,1370,1350,1335,1290,1299
"Washington, DC",7,,,,,,,,,,,,,,,,,,,,,,,,,1885,1865.5,1885,1935,1895,1620,1650,1600,1575,1628,1600,1650,1660,1820,1760,1607,1600,1625,1790,1841,1799,1775,1700,1734,1729,1715,1750,1813,1840,1885,1898,1840,1799,1800,1795,1790,1820,1810,1830,1824.5,1825,1815,1822.5,1833,1820,1780,1769,1795,1810,1820,1815,1800,1805,1780,1760,1749
"Miami-Fort Lauderdale, FL",8,,,,,,,,,,,,,,,,1380,1300,1250,1250,1250,1250,1295,1300,1350,1395,1400,1350,1325,1350,1300,1350,1300,1250,1295,1300,1300,1300,1350,1350,1350,1350,1487,1515,1600,1600,1650,1700,1700,1689,1650,1650,1700,1600,1600,1560,1600,1650,1600,1630,1600,1699,1700,1650,1608,1650,1650,1650,1650,1695,1750,1750,1789.5,1800,1850,1799,1773,1750,1707,1700,1779
"Atlanta, GA",9,,,,,,,,,,,,,,,,,,,,,,,,,,,,,,,,,,,,,,,,,,,,,,,,,,1095,1100,1104.5,1122,1129.5,1100,1115,1119,1134,1115,1150,1180,1185,1200,1215.5,1255,1245,1265,1260,1227,1322,1301,1309.5,1300,1315,1325,1192,1276,1262,1260,1299
"Boston, MA",10,,,,,,,,,,,,,,,,,1750,1800,1800,1800,1750,1750,1795,1900,1895,1850,1850,1900,1850,1872.5,1850,1950,1850,1945,1975,2100,2100,1950,1899,1950,1930,2040,2100,2110,2100,2150,2100,2100,2155,2150,2200,2210,2250,2295,2250,2200,2175,2195,2200,2300,2320,2300,2350,2315,2300,2350,2307.5,2300,2295,2275,2300,2450,2500,2495,2450,2425,2500,2400,2400,2400
"San Francisco, CA",11,,,,,,,,,,,,,,,,,,,,,,,,,,,,,,,,,,,,,,,,,,,,,,,,,,2100,2295,2500,2472,2415,2540,2632,2580,2560.5,2608,2627,2678,2650,2700,2800,2800,2838.5,2900,2862,2795,2776,2783.5,2975,2985,3000,2995,2991,2995,2867,2821,2765
"Detroit, MI",12,,,,,,,,,,,,,,,,850,750,697.5,760,680,625,600,640,695,690,670,650,699,650,650,650,650,650,650,600,595,675,749,690,695,690,650,650,722,750,750,775,800,800,800,800,820,800,789,850,840,835,830,850,850,825,875,900,899,899,840,850,850,870,870,886,900,895,900,900,905,861,945,950,945
"Riverside, CA",13,,,,,,,,,,,,,,,,,,,,,,,,,,,,,,,,,,,,,,,1070,1045,1042.5,990,975,871,899,940,900,915,895,900,950,975,950,995,999,995,1000,995,1050,1020,1050,1099.5,1155,1175,1195,1168,1175,1149,1120,1230,1268,1265,1250,1295,1360,1348.5,1300,1385,1370,1255
"Phoenix, AZ",14,,,,,,,,,,,,,,,,,,,,,,,,,742.5,750,747,784,721,650,650,654,649,650,650,650,660,734.5,759,765,819.5,769,755,788,789,769,795,830,835,825,849,849,850,825,850,836.5,830,845,874,879,885,885,909,899,905,905.5,915,919,910,915,1064,1059,1045,1084,1071,1080,1105,1024,1036,1039.5
"Seattle, WA",15,,,,,,,,,,,,,,,,,,,,,,,,,,,,,,,,,,,,,,,,,,,,,,,,,1331,1330,1395,1485,1500,1512,1490,1520,1475,1500,1489,1500,1550,1550,1550,1557,1589,1595,1615,1625,1595,1495,1595,1599,1630,1695,1681.5,1699,1714.5,1664.5,1650,1695
"Minneapolis-St Paul, MN",16,,,,,,,,,,,,,,,,,,,,899,875,900,925,925,935,953,950,950,950,950,975,975,995,995,975,950,950,995,995,985,985,970,987,1040,1029.5,1049,1010,1000,1050,1050,1065,1095,1095,1095,1135,1125,1150,1100,1100,1100,1145.5,1165,1170,1150,1195,1175,1205,1205,1200,1260,1275,1281,1277,1310,1290,1275,1245,1250,1270,1285
"San Diego, CA",17,,,,,,,,,,,,,,,,1250,1250,1267.5,1395,1400,1375,1400,1300,1350,1345,1350,1335,1325,1300,1290,1275,1250,1260,1275,1295,1295,1295,1395,1395,1395,1454,1349,1350,1383.5,1300,1325,1490,1575,1500,1500,1585,1714,1695,1695,1697.5,1675,1700,1749.5,1734.5,1735,1790,1777,1795,1799.5,1820,1830,1861,1885,1865,1826,1795,1805,1829,1882,1895,1855,1875,1981,1868,1920
"St. Louis, MO",18,,,,,,,,,,,,,,,,,,,,625,649.5,650,650,675,675,650,650,650,665,672.5,650,645,625,625,625,625,625,707,750,750,729,730,720.5,700,725,725,750,700,725,750,775,750,725,725,750,725,735,720,740,750,746.5,750,775,795,800,795,780,780,775,804.5,800,800,800,820,845,825,828,825,820,800
"Tampa, FL",19,690,700,725,700,685,700,675,650,700,725,725,699.5,700,700,740,720,700,709,710,720.5,721,700,700,719.5,744,744,740,750,700,725,704.5,725,712,725,725,700,715,813,843,829,835,800,798,795,825,839,850,850,850,850,895,910,908,917,922,930,936.5,945,950,955,987,1000,1039,1051,1039,1005,1020,1020,1010,1123,1114,1120,1145,1145,1155,1145,1175,1165,1134.5,1187
"Baltimore, MD",20,,,,,,,,,,,,,,,,,,,,,,,,,,,,,,,,,,,,,,,,,,,,,,,,,,1350,1376,1389.5,1390,1410,1465.5,1360,1330,1310,1296,1250,1285,1340,1303,1275,1279.5,1289,1300,1290,1285,1300,1286,1295,1299,1325,1350,1305,1310,1295,1275,1270
"Denver, CO",21,,,,,,,,,,,,,,,,,,,,,,,,,,,,,,,,,,,,,,,1100,1069,1050,1095,1135,1145,1099.5,1150,1180,1150,1170,1195,1240,1250,1265,1289,1339,1335,1359,1360,1385,1395,1450,1427,1445,1469.5,1500,1485,1495,1496,1474,1464,1466,1450,1460,1475,1435,1445,1450,1429,1470,1470
"Pittsburgh, PA",22,,,,,,,,,,,,,,,,,,,600,647,620,620,650,695,695,685,663.5,675,707.5,735,735,695,675,670,650,660,700,770,795,795,780,800,842,800,775,695,700,795,795,795,810,875,859,875,909.5,850,900,895,900,900,900,900,932.5,975,950,950,915,900,875,995,950,1050,1035,993.5,1025,1025,950,967,900,900
"Portland, OR",23,,,,,,,,,,,,699,699,725,712.5,725,750,750,775,795,780,757.5,750,775,800,819,803,815,800,799.5,795,795,795,795,804.5,800,800,895,910,950,1020,1000,1025,1025,950,970,995,995,990,999,1045,1075,1099,1152,1127,1140,1125,1150,1145,1155,1195,1199,1200,1207,1290,1350,1350.5,1357,1350,1439.5,1405,1405,1445,1441,1465,1445,1420,1435,1400,1410
"Charlotte, NC",24,,,,,,,,,,,,,,,,,,,,,722,650,599,600,665,760,754,760,695,650,665,699.5,725,725,675,650,687,770,822,840,850,907,880.5,945,900,831,895,925,924.5,895,921,988,1025,989,999,989.5,957,1027,1020,1040,1019,1045,1090.5,1107.5,1095,1080,1090,1100,1089,1125,1100,1120,1199,1275,1204.5,1239,1219,1266,1275,1271
"Sacramento, CA",25,,,,,,,,,,,,850,850,850,850,850,825,875,850,838,825,850,850,879,875,875,884,875,850,850,875,850,850,850,850,850,835,895,950,884,915,915,915,850,830,850,830,895,895,895,895,895,899.5,907.5,995,995,995,990,975,995,999,1025,1060,1095,1072.5,1085,1125,1150,1100,1211.5,1195,1250,1292.5,1295,1300,1345,1299.5,1275,1280,1250
"San Antonio, TX",26,,,,,,,,,,,,,,,,,,,,,,,,,,768,679,725,716,679.5,700,700,716,711.5,706.5,750,745,825,924,840,869,850,830,869,869,875,899,950,950,960,975,975,1028,1015,995,1000,989,995,1028.5,1000,1037,982,960,968,980,988,984,979,973,1012,1019,998,1008,1063,1049,1005,1044,1010,1051,1025
"Orlando, FL",27,,,,,,,,,,,,750,750,750,750,750,750,775,813.5,850,799,775,750,795,850,895,900,937,875,800,800,800,806,825,849.5,875,895,884,870,929.5,960,949,929,949,950,950,960,950,951,954,975,1025,1050,1045,1010,1021,1040,1025,1039,1040,1050,1070,1092,1095,1029,1136,1150,1160,1189.5,1205,1205,1235,1200,1227,1241,1245,1250,1250,1248,1268.5
"Cleveland, OH",28,,,,,,,,,,,800,700,697.5,695,650,625,612.5,600,650,650,650,600,637.5,600,600,619,600,600,647.5,650,622.5,625,625,625,625,625,625,650,650,675,650,675,660,600,619,615,650,640,634.5,640,650,650,650,650,650,650,679,745,755,750,810,866,857.5,875,860,827,825,830,800,800,800,790,800,850,865,850,825,850,825,830
"Kansas City, MO",29,,,,,,,,,,,,750,722.5,715,735,795,750,759,735,744.5,750,750,750,712.5,702.5,705,680,700,714.5,775,767.5,750,750,750,750,725,711,700,675,700,700,725,734,725,727,725,704,715,700,725,746,775,729,750,765,750,749,732,745,750,795,796,805,835,874,880,870,895,850,875,850,850,874,875,889,899,867,895,890.5,925
"Las Vegas, NV",30,,,,,,,,,,,,,,,,,,,,,,,,,,,,,,,,,,,,,,,,,,,,,,,,,,,,,1175,1145,1050,1000,1050,1039,1075,995,1000,1000,1020,1039,1050,1034,1035,995,971,1000,1049,980,999,1055,1049,1025,1125,1202,1200,1196
"Columbus, OH",31,,,,,,,,,,,,,,,,,,,,,,,,649,700,642,630,639,599,612.5,637.5,627,649,649,630,589,549.5,625,689,695,679,649,647,619.5,609,644,665,699,700,725,750,739,727.5,755,755,775,795,800,800,845,856,840,850,860,859,875,870,866,845,895,899,886,864,885,899,900,905,900,903.5,945
"Indianapolis, IN",32,,,,,,,,,,,,,,,,,,,,,,,,,651,679,597,595,595,595,595,595,595,575,575,575,595,670,699,667.5,725,625,625,659,678,650,650,635,650,650,655,695,695,680,700,700,695,700,710,725,730,760,800,800,800,800,789.5,815,810,859,850,845,849,860,900,920,913,887,874,874
"San Jose, CA",33,,,,,,,,,,,,,,,1350,1374,1395,1425,1539.5,1605,1595,1550,1420,1515,1595,1612.5,1600,1635,1600,1550,1578,1585,1595,1595,1600,1625,1595,1875,1895,1976.5,2010.5,2201,2150,2241.5,2105,2069,2260,2292,2215,2200,2300,2401,2507.5,2525,2500,2515,2550,2540,2550,2600,2655,2675,2660,2700,2760,2783,2801,2794,2725,2737,2700,2750,2752,2735.5,2725,2700,2695,2730,2629,2695
"Austin, TX",34,850,850,850,875,900,825,837.5,850,875,875,850,850,847,850,850,875,875,867,800,825,800,900,895,995,1095,1094.5,1050,1075,995,950,950,950,950,948,900,950,924,950,960,975,980,1001,1006,1025,1018,1046,1025,1100,1100,1150,1178,1200,1195,1225,1214,1201,1229.5,1285,1208,1200,1245,1219,1255,1213,1250,1263.5,1300,1317,1319,1265,1250,1269,1275,1300,1299,1300,1297,1258,1259,1269
"Virginia Beach, VA",35,795,795,795,795,797.5,825,850,850,895,925,840,850,850,850,850,890,890,850,842.5,850,825,825,870,850,862.5,850,850,850,850,850,850,850,864,850,850,820,820,925,910,925,995,975,974,890,900,900,929,950,950,950,962.5,965,975,975,957,925,930,930,940,949,949,971,972.5,979,995,995,999,985,979.5,979,979,978,985,999,1013,1014,925,1000,949,969
"Nashville, TN",36,,,,,,,,,,,,699.5,675,675,702,700,714.5,722.5,740,745,739.5,695,700,700,695,697.5,700,695,700,749,744,795,750,750,725,759,750,859,859,880,912,889.5,875,875,850,859,850,895,879.5,893,915,963.5,995,920,970,988,970,1059,995,995,1000,1050,1050,1067,1080,1142.5,1198,1240.5,1250,1279,1330.5,1350,1352,1387.5,1385,1380,1389.5,1538,1400,1410
"Providence, RI",37,,,,,,,,,,,,,950,900,895,900,900,900,895,900,900,950,900,900,950,1000,1045,1000,1000,1000,975,950,950,975,1000,1000,1050,1100,1050,1051.5,1051,1100,1100,1050,1000,960,1000,1000,1000,1005.5,1100,1150,1150,1112.5,1100,1100,1100,1100,1100,1100,1199,1200,1200,1200,1150,1175,1197,1200,1200,1199,1200,1200,1250,1250,1300,1300,1280,1300,1250,1250
"Milwaukee, WI",38,,,,,,,,,,,,,700,720,725,712.5,725,722.5,715,700,695,675,650,670,650,665,725,700,700,700,695,695,700,775,800,715,745,800,785,775,750,772,783,800,750,750,750,795,775,775,795,787.5,790,800,800,815,825,955,977.5,900,890,875,970,950,950,937,895,895,890,950,875,850,881.5,900,880,895,825,850,807.5,869
"Jacksonville, FL",39,,,,,,,,,,,,,,,,,,,,,,,,,,,,,,,,,,,,,,,940,940,940,960,979,994,999,999,1000,1000,1000,1000,1015,1015,1015,1010,1000,1015,1029,1035,1035,1035,1030,1035,1050,1045,1050,999,975,965,988,975,1000,995,995,995,1000,1025,1005,1012.5,1000,1019.5
"Memphis, TN",40,,,,,,,,,,,,,,,,,,,,,,,,,,,,,,,,,,,,,,,800,755,779,705,650,669,695,635,625,600,650,655,675,650,650,675,675,650,695,667.5,700,770,759,715,750,710,715,715,705,750,765,765.5,762.5,800,795,847.5,865,875,843,794,800,815
"Oklahoma City, OK",41,,,,,,,,,,,,,,,,,,,,,,,,,,,,,,,,,,,,,,,,,,719,789,719,725,625,650,675,650,635,635,625,625,625,625,600,600,606,619,600,625,619.5,625,625,630,650,650,675,680,800,835,846,799,850,835,775,790,799,799,800
"Louisville-Jefferson County, KY",42,,,,,,,,,,,,,,,,,,,549.5,575,550,597.5,550,550,575,575,600,590,575,575,575,585,600,595,600,600,600,650,655,675,655,655,650,600,600,595,625,600,660,750,769,799,695,755,745,665,650,650,680,652.5,675,680,725,725,729.5,732,725,725,699,787,775,800,830.5,852,900,874.5,890,898,855,895
"Hartford, CT",43,900,850,900,900,950,906,910,950,950,937.5,900,912,950,967.5,950,950,950,937.5,947,932.5,950,950,975,950,962.5,1000,1000,1000,1000,1000,1000,1000,950,950,975,950,980,1000,990,1000,1000,1050,1097.5,1050,1000,995,1100,1050,1050,1050,1045,1050,1050,1040,1050,1050,1050,1050,1050,1040,1050,1085,1030,1047.5,1025,1075,1100,1100,1100,1100,1100,1100,1100,1149.5,1105,1100,1100,1100,1150,1100
"Richmond, VA",44,,,,,,,,,,,,722.5,725,725,730,735,750,780,795,750,750,799.5,750,750,750,782,830,800,790,717,712.5,740,750,790,790,795,790,887,902,985.5,975,883,899,900,899,869.5,895,949,955,950,975,968,981,945,945,925,900,907,900,929,925,950,950,960,970,995,1055,1050,1007,1075,999,999,999,1012,1066,1050,1050,1049,1049,999
"New Orleans, LA",45,,,,,,,,,,,,900,995,972.5,1000,995,985,950,840,810,840,895,875,925,900,900,897,897,897,875,900,900,900,892.5,875,900,900,955,975,950,929,945,950,1000,1000,990,1050,1100,1000,1100,1170,1200,1200,1150,1100,1150,1150,1185,1150,1100,1050,1100,1250,1350,1300,1400,1400,1295,1200,1200,1250,1295,1300,1300,1300,1350,1350,1288,1200,1315
"Buffalo, NY",46,,,,,,,,,,,,,,,,,,,,,,,,,,,,,,,,,,,600,575,600,650,765,755,772.5,770,770,755,650,700,750,760,760,765,800,755,795,900,862.5,800,815,825,800,795,795,825,890,900,910,910,895,900,875,850,862.5,900,900,975,1020,960,950,909,850,850
"Raleigh, NC",47,,,,,,,,,,,,,,,,,,,,,,,,,,,,,,,,,,,,,,,886,937.5,920,936,951.5,954.5,932,895,899,899,915,903,915,909,909,920,940.5,925,919,910,930,945,970,995,995,999,1001,976,1019,1031,1050,1100,1100,1109,1100,1145,1138.5,1155,1166,1179,1145,1166
"Birmingham, AL",48,,,,,,,,,,,,,,,,,,,,,,,,,,749,650,672,693,665,650,640,675,645,650,675,675,735,745,750,769,750,749,750,745,750,716,700,715,725,737.5,729,745,750,775,775,789.5,795,795,755,750,752.5,770.5,795,820,847.5,837.5,850,849.5,895,815,815,740,725,750,775,800,825,795,815
"Salt Lake City, UT",49,,,,,,,,,,,,,,,,,,725,745,725,710,700,725,750,750,750,750,802.5,730,699,700,700,699.5,735,750,750,762.5,877,880,865,850,847,829,772,772,795,795,795,799,795,800,825,800,800,812,799,800,804,825,825,833,839,849,850,854,860,865,895,895,927,949,942.5,950,930,935,981,925,900,975,949
"Rochester, NY",50,,,,,,,,,,,,,,,,,,,,,,,700,675,697.5,700,700,712.5,700,695,700,737.5,685,747.5,675,675,650,725,769,795,830,837.5,825,795,800,825,800,753,795,810,800,760,795,800,825,795,795,795,780,750,775,800,800,800,800,800,820,795,795,825,777.5,750,800,802.5,810,825,850,860,850,850
"Grand Rapids, MI",51,,,,,,,,,,,,,,,,,,,,,600,600,600,600,582.5,600,600,625,600,650,625,650,627.5,650,625,650,650,650,655,695,700,710,677,666,675,695,695,695,700,695,725,760,800,760,757,760,744,749,739,742,742,750,749,777,769,775,760,750,750,780,767,760,845,900,950,900,950,901,879,900
"Tucson, AZ",52,,,,,,,,,,,,,607.5,600,675,677.5,645,650,650,645,625,600,625,625,625,650,650,650,630,600,600,595,600,625,625,650,650,650,604,600,650,579,599,602,625,625,625,650,650,650,650,650,652,650,650,649,625,625,625,650,650,675,675,650,650,650,635,650,650,709,650,650,650,665,676.5,660,695,699,682,675
"Urban Honolulu, HI",53,,,,,,,,,,,,,,,,,,,,,,,1550,1500,1412.5,1400,1550,1550,1600,1500,1550,1500,1500,1600,1750,1700,1725,1500,1450,1710,1825,1832.5,1905,1725,1545,1600,1600,1600,1550,1500,1595,1700,1700,1660,1650,1600,1650,1762.5,1892.5,1700,1750,1700,1725,1689,1700,1800,1850,1900,1800,1925,1900,1797.5,1937.5,1900,1949,1900,1750,1800,1650,1700
"Tulsa, OK",54,,,,,,,,,,,,,,,,,,,,,,,,,,,,,,,,,,,,,,,,,,,,,812,747.5,815,695,650,650,675,700,695,695,716,705,699,639,739,745,747,775,755,765,760,775,765,745,750,875,865,855,795,795,801,775,795,806,780,795
"Fresno, CA",55,,,,,,,,,,,,,,,,,,,,,,,,,600,600,675,685,675,695,697,695,695,650,650,675,650,669,675,675,675,727,758.5,650,600,675,705,715,725,725,725,700,700,699,675,712.5,695,655,650,650,669,700,725,715,700,700,695,732.5,735,750,760,675,695,675,675,720,700,700,750,745
"Worcester, MA",56,,,,,,,,,,,,,887.5,900,875,850,900,900,875,850,800,850,897.5,950,950,975,950,925,885,900,900,900,900,900,900,925,900,950,1039,1075,1067,1000,1050,999,950,950,990,1050,1000,1000,1000,995,1000,1050,1025,1025,1025,1000,1000,1000,1050,1050,1100,1100,1100,1100,1100,1075,1100,1119,1100,1100,1150,1167,1200,1200,1187,1175,1100,1100
"Stamford, CT",57,,,,,,,,,,,,,,,,,,,,,,,,,,,,,,,,,,,,,,,1700,1675,1800,1900,1850,1650,1650,1550,1666.5,1600,1630.5,1600,1700,1900,1855,1900,1915,1850,1829,1800,1723,1815,1850,1935,1950,1945,1947.5,1950,2000,1995,1940,1950,1904,1902.5,1962,2000,2000,1995,1975,1945,1844,1886
"Albuquerque, NM",58,,,,,,,,,,,,,,,,,,,,,,,,,,,,574,595,575,625,595,595,580,575,595,599,650,695,687,728,695,675,625,625,615,682,650,625,625,650,625,625,625,625,625,650,650,632.5,635,650,635,630,687,689.5,700,709.5,710,700,705,732,789.5,791,799,795,795,750,718,705,776
"Albany, NY",59,,,,,,,,,,,,,,,,,,,,,,,,895,850,900,875,900,975,962.5,875,850,875,850,850,850,840,860,875,920,950,924.5,955,975,1000,975,975,977.5,952,955,955,975,980,995,1000,995,1000,1092.5,1047.5,1022.5,1015,1027.5,1035,1000,1045,1050,1120,1100,1095,1050,1100,1100,1100,1100,1100,1100,1093.5,1050,1035,1069
"Omaha, NE",60,,,,,,,,,,,,,,,,,,,,,,,,599.5,600,662,600,606.5,585,600,597,597,617,597,585,600,600,650,670,655,675,657.5,675,730,765,737.5,735,823,824,823,849,833,840,795,795,795,795,745,780,775,810,835,810,795,805,795,795,800,800,825,810,810,815,840,835,825,850,812.5,790,840
"New Haven, CT",61,900,885,875,900,900,900,950,997.5,950,950,900,900,900,950,995,1000,950,997.5,1000,1000,1000,999.5,950,980,995,1050,1000,1000,1000,995,995,995,1000,1000,995,950,950,1000,1095,1100,1075,1100,1100,1100,1100,1095,1100,1050,1050,1050,1095,1050,1100,1100,1095,1095,1050,1100,1075,1025,1050,1100,1100,1122.5,1150,1150,1150,1115,1100,1150,1145,1100,1115,1175,1200,1200,1195,1200,1200,1150
"Bakersfield, CA",62,,,,,,,,,,,,,,,,,,,,,,,,,,,,,,,,,,,,,,,,,,695,675.5,675,689,695,675,700,725,750,750,750,725,700,725,725,700,700,695,675,700,705.5,700,725,750,725,725,725,700,725,720,700,725,725,725,750,750,725,767.5,775
"Knoxville, TN",63,,,,,,,,,,,,,,,,,,,,,,,,,,,,,,,,,,595,602,650,605,674,673,674,693,773,709,709,683,659.5,655,680,692.5,699,700,717,728.5,750,765,750,745,692.5,700,695,700,722,730,730,760,775,780,785,745,745,725,725,749,730,750,790,763.5,807,750,839
"Ventura, CA",64,,,,,,,,,,,,,,,,,,,,,,,,,,,,,,,,,,,,,,,1595,1524,1527.5,1595,1532.5,1466,1450,1432,1535,1522.5,1496,1493,1595,1650,1625.5,1625,1675,1655,1633,1653,1637.5,1676,1695,1698,1696,1730,1750,1774.5,1769.5,1759.5,1728,1764.5,1725,1774,1795,1813,1820,1845,1825,1785.5,1803,1795
"Allentown, PA",65,,,,,,,,,,,,785,740.5,750,795,800,797.5,795,795,775,795,825,865,812.5,797.5,839.5,877.5,895,880,895,850,850,750,750,850,860,862.5,885,850,895,847.5,855,875,850,850,829,825,850,825,850,850,850,827.5,850,850,875,850,850,850,862.5,875,850,850,875,850,875,859.5,875,857.5,900,950,920,942.5,970,995,1000,985,1000,950,1000
"El Paso, TX",66,,,,,,,,,,,,,,,,,875,825,812.5,850,825,825,800,852.5,857.5,865,795,750,830,865,800,785,795,750,765,750,750,832,825,800,825,795,795,800,795,722,795,775,795,795,795,750,800,800,800,800,825,800,825,825,825,825,842,845,845,795,785,795,798.5,780,775,775,775,800,817,800,800,784,795,795
"McAllen, TX",67,,,,,,,,,,,,,,,,,,,,,,,,,,,,,,,,,,,,,,,,,,,,,,,,,,,,,900,900,872.5,850,850,750,750,745,840,800,850,775,750,750,707.5,750,662.5,650,675,650,650,650,750,775,740,750,745,680
"Columbia, SC",68,,,,,,,,,,,,,,,,,,,,,,,,,,,,,,,,,,,,,,,,,,,,,,,,,,,,,,,,780,770,785,795,800,825,805,795,790,795,795,802.5,795,800,815,800,825,830,875,882.5,940,885,917,925,964
"Greensboro, NC",69,,,,,,,,,,,,,,,,,,,,,,,,,,,,,,,,650,575,542.5,525,525,525,600,599,585,610,635,641.5,695,650,599,565,510,550,565,595,595,595,600,595,570,575,575,600,595,575,595,600,575,587,595,595,648.5,609,638,635,635,650,675,682,699,685,695,695,702
"Akron, OH",70,,,,,,,,,,,,,,,,,,,,,,,,,,,,,,,,,,,,,,,,,,,,,,685,662.5,665,700,720,742.5,635,625,617,600,592.5,625,675,655,690,800,800,797.5,755,775,825,797.5,744,775,795,827.5,790,795,810,840,820,799.5,772.5,725,822.5
"North Port-Sarasota-Bradenton, FL",71,,,,,,,,,,,,,,,,,,,,,,,,,,,,,,,,,,,,,,,,,,,,,,1300,1305.5,1400,1281,1250,1207,1377,1350,1250,1200,1299,1241,1304.5,1300,1350,1350,1300,1300,1250,1295,1270,1300,1350,1329,1347,1378.5,1340,1400,1400,1321,1321.5,1400,1250,1338,1295
"Little Rock, AR",72,,,,,,,,,,,,,,,,,,,,,,,,,,,,,,,,,,,,,,,765,769,773,693.5,650,560,582.5,595,600,600,650,650,650,650,650,675,690,650,650,653.5,650,640,625,650,650,650,627.5,650,664,685,675,679,695,695,695,695,700,700,700,700,704,725
"Stockton, CA",73,,,,,,,,,,,,785,795,825,850,795,750,725,700,725,700,750,775,785,750,750,750,750,700,745,700,700,735,747.5,747.5,750,750,729,700,725,700,700,695,650,675,700,650,660,680,675,675,697,725,730,725,750,750,762.5,750,725,725,725,775,725,735,750,795,775,800,800,775,850,925,950,907.5,915,920,875,925,897.5
"Charleston, SC",74,,,,,,,,,,,,,,900,1000,1000,900,865,900,837,825,825,925,1075,1100,1100,975,988,969,950,995,900,900,915,905,1025,1125,997,992,1021.5,1056,1028,1055,1225,1137.5,1100,1200,1250,1250,1200,1200,1250,1200,1200,1100,1026.5,1200,1197.5,1170,1249,1285,1350,1300,1302,1310,1304,1303.5,1350,1300,1205,1226,1350,1350,1380,1383.5,1350,1375,1365,1282,1370
"Syracuse, NY",75,,,,,,,,,,,,,,,,,,,,,,,,,,,,,,,,,,,750,750,750,775,675,675,685,750,710,750,662.5,675,700,750,750,750,725,700,687.5,700,750,795,750,800,800,785,785,780,815,800,800,822.5,850,850,875,845,817.5,820,850,860,870,900,850,790,800,850
"Colorado Springs, CO",76,,,,,,,,,,,,,625,599.5,594.5,612.5,695,600,650,650,650,625,650,710,735,700,690,710,650,600,600,620,600,600,600,600,650,755,775,795,837,750,730,649,630,650,695,700,699,700,725,699,699,695,695,725,740,700,715,700,700,720,700,700,720,750,750,775,795,800,810,809,845,850,886,880,875,873,795,854.5
"Winston-Salem, NC",77,,,,,,,,,,,,,,,,,,,,,,,,,,,,,,,,,,,,575,612.5,600,625,615,609,628,613,600,575,541,550,525,547,526,525,590,595,575,595,575,585,580,650,645.5,595,600,605,610,605,625,725,695,710,750,875,817,825,810.5,852.5,870,800,828,775,800
"Wichita, KS",78,,,,,,,,,,,,,,,,,,,,,,,,,,,,,,650,615,607.5,615,615,615,615,620,615,615,590,595,560,550,575,575,575,595,617.5,625,625,599.5,550,550,575,595,581.5,675,675,670,650,627.5,625,625,625,599.5,590,577,595,595,595,595,595,595,595,595,589,575,639,595,625
"Springfield, MA",79,,,,,,,,,,,,,,,,,,,,,,,,,,,,,,950,925,900,900,900,900,1000,997.5,850,850,858,875,900,950,900,900,900,900,975,950,950,950,900,925,906.5,950,950,950,950,950,925,900,925,925,950,975,995,1000,1000,1000,1000,1000,975,1000,1050,1050,1015,1000,1050,1025,1043
"Fort Myers, FL",80,,,,,,,,,,,,,,,,,,,,,,,,,,,,,,,,,,,,,,,,,,,,,,,,,,,,,,,,,,850.5,850,857,900,900,918.5,900,914,920,980,975,1094,970.5,1046,1046,1046,1093.5,1133,1110,1175,1200,1173,1200
"Boise City, ID",81,,,,,,,,,,,,,,,,,,,,,,,,595,625,625,635,635,625,640,625,625,625,625,625,625,625,625,635,650,675,650,655,625,625,625,650,625,650,660,650,675,675,675,675,650,675,722.5,700,700,710,735,725,705,700,750,750,750,775,775,770,775,795,785,795,775,750,775,775,795
"Ogden, UT",82,,,,,,,,,,,,,,,,,,,,,,,,,,,,,,,,,642.5,625,635,644.5,650,680,675,749,725,750,750,625,647.5,665,680,632,650,650,650,650,650,697.5,725,695,750,692.5,700,700,725,725,750,708,710,750,799,800,849.5,824,824,829.5,850,895,880,899,855,847,850,920
"Daytona Beach, FL",83,,,,,,,,,,,,,,,,,,,,,,675,685,650,680,725,750,750,749.5,700,725,740,750,750,700,700,750,800,810,835,877.5,835,769.5,875,889,875,790,750,797.5,785,800,797.5,800,780,796,775,750,750,767,750,750,750,850,825,850,800,850,800,825,809,800,873.5,900,947.5,950,941,880,850,900,975
"Des Moines, IA",84,,,,,,,,,,,,,,,,,,,,,,,,,,,,,,,,,,,,,,,,,,,,,,713,685,685,727.5,725,725,730,725,707.5,730,750,815,825,825,815,815,845,855,835,843.5,825,800,825,810,865,860,865,852.5,875,855,859.5,879,855,895,872
"Youngstown, OH",85,,,,,,,,,,,,,,,,,,,,,,,,,,,,,,,,,,,,,,,,,,,,,,,,,,,,,,,,,,,,,,,,,,504.5,509,525,522,560,550,590,550,550,547,550,525,575,565,530
"Augusta, GA",86,,,,,,,,,,,,,,,,,,,,,,,,,,,,,,,,,,,,,,,,,,,,,,,,,,,,,718,689.5,715,695,715,653,715,691.5,645.5,650,685,667,635,650,650,736,749,759,757,745,721.5,763,822.5,745,726,681,700,750
"Scranton, PA",87,,,,,,,,,,,,,595,550,595,595,550,550,585,585,562.5,597.5,600,600,600,575,615,615,600,600,597.5,595,600,575,575,600,600,600,600,595,625,625,625,620,595,650,635,645,645,647.5,650,650,645,650,650,635,650,700,700,700,695,725,750,735,675,725,700,682.5,700,725,700,725,725,750,775,750,750,750,750,742
"Harrisburg, PA",88,,,,,,,,,,,,,,,,,,,,,,,,,,,,,,,,,,,600,655,682.5,682.5,725,815,815,740,725,675,675,695,725,720,700,700,700,750,695,695,700,700,700,715,795,800,840,885,902.5,885,870,835,828,842.5,830,820,795,800,780,815,870,935,888,825,860,885
"Chattanooga, TN",89,,,,,,,,,,,,,,,,,,,,,,,,,,,,,,,,,,,,,,665.5,690,735,740,769,750,695,695,700,700,695,695,695,695,695,750,695,697,695,695,695,750,725,725,725,725,725,725,795,775,795,864.5,882.5,900,850,850,850,847.5,824.5,850,804,804,850
"Spokane, WA",90,,,,,,,,,,,,,,,,,,,,,,,600,630,640,650,650,625,647.5,655,650,675,650,645,695,599.5,685,685,685,675,689,710,690,595,595,595,625,595,595,595,625,625,625,650,675,692.5,680,650,685,675,685,695,695,695,690,685,682.5,685,695,690,744,750,745,770,800,795,795,790,775,795
"Lancaster, PA",91,,,,,,,,,,,,,,,,,,,,,,,,,,,,,,,,,,,,,,850,865,860,785,817.5,895,745,712.5,698,695,795,775,795,822.5,762.5,775,765,820,815,806,790,750,750,785,800,840,800,805,795,795,795,795,805,799,805,820,850,881,895,850,832,795,845
"Modesto, CA",92,,,,,,,,,,,,,,,,,,,,,,695,720,750,747,699.5,695,695,695,695,695,725,695,695,695,725,725,715,750,735,750,700,725,675,695,700,725,725,700,700,715,697.5,725,725,775,700,775,795,812,800,790,790,775,795,800,795,835,850,777.5,825,850,825,899.5,899.5,896,897.5,897.5,900,957,925
"Portland, ME",93,,,,,,,,,,,,,,,,,,,,,,,,,,,,,,,995,1000,1000,1100,1100,1100,1200,1025,1050,1075,1150,970,1100,1000,995,995,925,950,900,925,950,985,1000,1100,1100,1150,1092.5,1050,1055,1075,1250,1300,1325,1297.5,1250,1250,1250,1250,1200,1200,1200,1237.5,1250,1250,1300,1250,1400,1275,1325,1350
"Durham, NC",94,,,,,,,,,,,,,,,,,,,,,,,,,,,,,,,,,,,,,,,,,,,,,985,1039,1106.5,1031,1000,1000,960,890,915,875,845,850,862.5,895,905,920,950,982,910,915,947,974.5,1001.5,1050,1080,1131,1109,1155,1154,1225,1150,1185,1175,1138,1171.5,1152
"Santa Rosa, CA",95,,,,,,,,,,,,,,,,,,,,,,,,,,,,,,,,,,,,,,,,,,,,,,1250,1275,1325,1295,1295,1350,1400,1495,1504,1600,1546.5,1600,1617,1642,1677,1642,1700,1727,1695,1700,1799.5,1769.5,1750,1791,1830,1863,1874,1885,1897.5,1949,1930,1895,1834.5,1825.5,2041
"Lexington, KY",96,,,,,,,,,,,,,,,,,,,,,,,,,,,,,,,,,,769,651.5,690,700,750,720,765,775,718,700,764,789.5,750,750,725,750,750,772,764.5,742,755,775,757,765,725,737.5,720,699,725,750,785,781,750,745,750,750,785,760.5,776,780,785,785,797,815,765,752.5,809
"Lansing, MI",97,,,,,,,,,,,,,,,,,,,621,590,625,600,600,595,600,553.5,550,550,550,600,595,557.5,565,587.5,575,650,650,624.5,639,649,645,630,635,605,609,640,575,600,613,615,617.5,625,650,627,645,650,700,680,702.5,665,675,705,740,726.5,726.5,655,650,650,660,662,675,660,655,660,695,700,740,740,800,692.5
"Fayetteville, AR",98,,,,,,,,,,,,,,,,,650,650,662.5,650,625,650,625,600,600,600,595,595,595,600,625,625,662.5,625,640,640,625,625,625,650,709.5,709.5,719,675,675,645,685,695,697,702,700,675,675,700,675,700,695,722.5,760,800,785,775,770,740.5,721,715,700,715,725,708,725,708,750,800,795,800,768.5,837.5,822,795
"Pensacola, FL",99,,,,,,,,,,,,,,,,,,,,,,,550,575,595,595,592.5,590,595,595,525,520,550,495,495,539,510,575,625,624.5,715,650,650,650,650,650,675,650,650,650,699,723,725,725,725,740,765,723,718,715,740,779,785,780,730,782,790,775,750,856,885,897.5,854,931,921,900,882.5,897,870,900
"Springfield, MO",100,,,,,,,,,,,,,,,,,,,,,,,,,,,,,,,,,,,,,,,,,,450,475,495,550,495,495,495,495,495,495,495,495,495,475,495,500,500,500,495,495,520,525,521.5,505,495,495,495,495,521,519,525,550,550,577,550,575,525,517.5,538
"York, PA",101,,,,,,,,,,,,,,,,,,,,,,,,,,,,,,,,,,,,,,650,680,700,725,797.5,750,695,675,650,675,695,695,695,695,695,675,650,635,650,675,675,650,650,650,675,675,695,675,695,695,675,675,670,650,675,675,695,700,750,695,725,750,695
"Corpus Christi, TX",102,,,,,,,,,,,,,,,,,,,,,,,,,,,,,,,,,,,,,,,,,,,,,,,,,,,995,987,950,895,960,945,959,950,964,950,920,937.5,925,905,925,905,950,979,1000,1050,1067,1100,1096,1100,1100,1048,999,1064,1048.5,1019
"Flint, MI",103,,,,,,,,,,,,,,,,,,,,,,,,,,,,,,,,,,,,,,,,,,,,,,,,,,,,,,,,,,,,,,,,650,625,535,516.5,499,557.5,567.5,550,540,545,545,550,535,529.5,575,550,550
"Asheville, NC",104,,,,,,,,,,,,,,,,,,,,,,,,,,,,,,,,,,,,,,,,,,,,,,,,,,,,,,,,,,,,,,,,,,,,,910,995,955,960,925,995,925,990,915,915,915,925
"Port St. Lucie, FL",105,,,,,,,,,,,,,,,,,,,,,,,,,,,,,,,,,,,,,,,,,,,,,,,,1500,1400,1350,1372.5,1350,1382.5,1300,1300,1320,1304.5,1300,1305,1300,1300,1295,1295,1221.5,1275,1195,1170,1195,1210,1300,1200,1300,1397,1316,1300,1299,1300,1250,1228,1295
"Santa Maria-Santa Barbara, CA",106,,,,,,,,,,,,,,,,,,,,,,,,,,,,,,,,,,,,,,,,,,,,,,,,,,,,,,,,,,,,,,,,1685,1700,1620,1700,1712.5,1725,1825,1845,1750,1700,1802,1823.5,1750,1800,1800.5,1790,1850
"Huntsville, AL",107,,,,,,,,,,,,,,,,,,,,,,,,,,,,,,,,,,,,,,,,,,,,,,,644,550,555,597.5,600,600,600,639.5,650,600,600,600,600,610,535,607.5,600,599.5,614.5,600,600,625,600,614.5,643,649,644,670,672.5,645,650,605,682,622
"Fort Wayne, IN",108,,,,,,,,,,,,,,,,,,,,,,,,,,,,,,,,,,,,,,,559,575,550,559,559,523,450,475,498,510,499,499,520,539,540.5,525,495,527.5,545,525,550,585,585,580,590,600,600,525,537.5,550,575,557.5,595,595,595,647.5,650,585,550,600,550,549
"Salinas, CA",109,,,,,,,,,,,,,,,,,,,,,,,1885,1674,1427.5,1522.5,1522.5,1492.5,1430,1300,1375,1400,1450,1375,1195,1125,1097.5,1160,1078.5,1057,1095,1135,1131.5,1174,1098,1220,1125,1167.5,1100,1150,1195,1175,1157,1224.5,1274.5,1225,1150,1205,1200,1200,1250,1250,1261,1350,1350,1250,1260,1317,1320,1325,1400,1425,1450,1400,1500,1436,1396.5,1450,1392.5,1402.5
"Vallejo, CA",110,,,,,,,,,,,,,900,941,900,900,900,875,920,925,900,875,893,900,900,900,972.5,997.5,950,950,958.5,975,950,900,900,970,1000,1027.5,1005,1050,1095,1045,1025,1000,1000,1050,1100,1025,1000,1000,1025,1100,1200,1100,1220,1200,1250,1250,1250,1250,1305,1323,1338,1302.5,1393,1405,1441,1445,1450,1607.5,1564.5,1569,1616,1595,1614,1550,1547,1595,1595,1604.5
"Brownsville, TX",111,,,,,,,,,,,,,,,,,,,,,,,,,,,,,,,,,,,,,,,,,,,,,,,,700,640,650,730,727.5,750,739.5,750,749.5,745,750,725,725,725,725,725,727.5,725,697,699.5,749,720,700,725,725,700,749,749,720,749,750,770,695
"Killeen, TX",112,,,,,,,,,,,,,625,625,715,715,715,595,585,575,575,575,575,595,595,595,595,625,600,595,595,600,600,625,630,600,600,625,625,600,635,595,595,602.5,600,595,595,595,595,595,595,575,595,595,595,595,595,595,595,595,595,595,595,597,600,595,595,595,599,625,615,622.5,615,625,625,618,620,625,637.5,620
"Canton, OH",113,,,,,,,,,,,,,,,,,,,,,,,,,,,495,495,499.5,495,497,495,495,495,495,495,495,495,500,500,500,500,500,500,495,475,495,495,500,500,500,550,587.5,550,575,599,575,575,550,575,575,525,525,530,540,540,530,547.5,550,560,550,575,597.5,592.5,605,620,610,575,602.5,575
"Beaumont, TX",114,,,,,,,,,,,,,,,,,,,,,,,,,,,,,,595,597.5,572.5,550,550,550,575,595,685,695,750,695,650,640,585,595,600,595,585,580,585,595,650,625,595,625,600,595,595,595,595,600,600,625,650,650,616.5,650,637.5,650,695,700,677.5,675,727,739,710,727,730,675,750
"Manchester, NH",115,,,,,,,,,,,,854.5,899,849,895,839,900,892,877,879,879,925,899,900,929,932,979,950,927,949,962.5,959,959,959,975,950,997,1069,1075,1050,1049,1048,1016,995,995,950,995,999,995,995,999,999.5,1000,1028,1037,1000,1000,1000,1050,1000,1050,1069,1095,1069,1072.5,1077,1117,1100,1075,1027,1032,1069,1095,1150,1195,1175,1134.5,1192.5,1200,1200
"Salem, OR",116,,,,,,,,,,,,,,,,,,,,,,,,650,675,630,615,620,615,625,615,650,650,650,607.5,625,625,650,650,650,660,647.5,625,600,602.5,625,610,615,635,627,625,625,625,650,650,650,650,650,662.5,675,695,675,695,695,675,700,730,750,750,750,750,800,795,795,850,825,885,850,862.5,850
"Anchorage, AK",117,,,,,,,,,,,,,,,,,,,,,,,,,,,,,,,,,,,,,,,,,,,,,1200,1250,1200,1300,1200,1195,1195,1150,1045,1200,1250,1250,1250,1295,1250,1185,1150,1135,1145,1125,1125,1100,1150,1150,1125,1125,1199,1150,1195,1200,1162.5,1150,1125,1195,1150,1070
"Davenport, IL",118,,,,,,,,,,,,,,,,,,,,,,,,,,,,,,,,,,,,,,,,,,,,,,,,,,,,,,750,700,675,695,700,690,650,625,650,675,682.5,695,725,650,675,675,750,700,697.5,700,750,697.5,737.5,700,764,700,734
"Peoria, IL",119,,,,,,,,,,,,,,,,,,,,,,,,,,,,,,,,,,,,,,,,,,,,,,,,,,,,,885,762.5,730,699,649,667,645,650,650,692,700,709,700,659,625,625,625,675,659,650,650,650,660,650,664,697,680,697.5
"Myrtle Beach, SC",120,,,,,,,,,,,,,,,,,,,,,,,,,,,,,,,,,,,700,795,800,800,825,809,850,825,825,832.5,800,850,795,775,800,800,800,797,825,825,937.5,832.5,850,825,825,825,825,825,825,837.5,900,885,865,865,887.5,882.5,880,885,903,924,900,925,950,885,925,970
"Salisbury, MD",121,,,,,,,,,,,,,,,,,,,,,,,,,,,,,,,,,,,,,,,,,,,,,,,,,850,823,830,900,845,816,895,892,820,830,830,900,889,860,898.5,902,850,911,979,1000,975,945,965,921.5,940,940,974,900,910,934.5,884.5,940
"Gulfport, MS",122,,,,,,,,,,,,,,,,,,,,,,,,647.5,650,650,650,650,625,662.5,695,695,695,650,677.5,650,650,650,650,650,650,650,690,700,700,675,699.5,725,700,725,725,704.5,700,725,787.5,725,715,725,725,700,700,700,725,695,695,695,650,650,675,625,650,675,675,675,695,695,695,750,700,710
"Tallahassee, FL",123,,,,,,,,,,,,,,,,,,,,,,,,,,,,,,,,,,,,,,,,,,,,,,,,,,,,,,,,,,,,,,,,,,,,799.5,800,750,777.5,800,800,800,839,825,795,825,725,850
"Trenton, NJ",124,,,,,,,,,,,,,,,,,,,,,,,,,,,,,,,,,,,,,,1050,1150,1275,1330,1400,1425,1367.5,1350,1325,1395,1345,1310,1297.5,1350,1492.5,1500,1520,1502.5,1477.5,1362.5,1300,1322.5,1225,1250,1275,1275,1324,1285,1275,1300,1355,1525,1525,1500,1490,1724,1751,1751,1748,1730,1748,1550,1711.5
"Fayetteville, NC",125,,,,,,,,,,,,,,,,,,,,,,,,,,,,,,,,,,,,,799,850,809,799,850,750,750,700,815,789,759,764.5,777,769,799,809,829,829,809,799,809,809,827,789,789,665,685,695,700,650,625,630,625,625,615,625,650,680,695,685,680,685,679.5,630
"Rockford, IL",126,,,,,,,,,,,,,,,,,,,,,,,,,,,,,,,,,,,,,,,537.5,537.5,600,550,550,550,550,550,550,525,547.5,550,550,567.5,550,550,550,575,575,575,575,585,575,575,600,595,600,595,625,625,625,600,600,600,595,600,595,625,600,600,600,600
"Savannah, GA",127,,,,,,,,,,,,,822.5,825,875,800,825,790,795,895,875,850,825,837.5,899,899,895,825,812.5,900,850,875,900,937.5,975,975,975,895,915,950,1000,950,950,900,889,875,875,914,914,924,950,1070,1060,1049.5,1080,1059,1000,1049,1000,975,956,1050,1075,1115,1050,1035,995,1000,1003,970,970,970,969,1000,1030,999,990.5,955,995,1015
"Ann Arbor, MI",128,,,,,,,,,,,,,,,,,,,,,,,,,,,,,,,,,,,,,,,,,,,,,,,,,,,,,,,,,,,,,,900,1059,1129,1224.5,1200,1172.5,1300,1295,1288.5,1200,1132.5,1049,1050,1149,1150,1199,1125,1195,1250
"Kalamazoo, MI",129,,,,,,,,,,,,,,,,,,,,,,,,,,,,,,,,,,,,,,,,,,,,,,,,,,,,,,,,,775,800,750,725,705,670,695,679,697.5,625,611,618.5,619,625,625,620,625,625,600,615,650,675,720,697.5
"Naples, FL",130,,,,,,,,,,,,,,,,,,,,,,,,,,,,,,,,,,,,,,,,,,,,,,,,,,,,,,,,,2800,3000,2800,3000,2750,2397.5,2395,2100,2400,2500,2300,2000,2000,2100,2100,1941,1830,1637,1612,1639.5,1500,1499,1522,1657
"Evansville, IN",131,,,,,,,,,,,,,,,,,,,,,,,,,,,,,,,,,,,,,,,,,,,,,,,,,,,,,,,,,,,586.5,550,575,595,550,550,564,512.5,525,525,525,537.5,495,525,550,585,600,644,585,635,634.5,604.5
"Roanoke, VA",132,,,,,,,,,,,,,,,,,,,,,,,,,,,,,,,,,,,,,,695,705,695,650,695,692.5,695,695,650,715,697.5,695,675,700,725,725,750,750,750,749,795,730,700,710,725,750,699,699,765,850,789,775,750.5,727.5,751,755,797.5,864.5,838.5,755,808.5,825,859.5
"Green Bay, WI",133,,,,,,,,,,,,,,,,,,,,,,,,,,,,,,,,,,,,,,,,,,,,,,,,,,,,,,,,,,,,,,,,,,,669,669,674.5,697,680,680,662.5,685,742.5,645,675,635,675,692.5
"Lincoln, NE",134,,,,,,,,,,,,,,,,,,,,,,,,,,,,,,,,,,,,,,,,,,,,,,,,,,845,825,850,825,850,820,825,809.5,812.5,799,795,785,780,810,820,835,855,849,795,799,802.5,819,815,825,835,850,849,819.5,795,825,799.5
"Fort Collins, CO",135,,,,,,,,,,,,,,,,,,,,,,,,,,,,,,,,,,,,,,,,,,,,,810,947.5,894.5,850,900,900,895,895,950,980,985,985,995,1092.5,1105,1188,1140,1200,1210,1165,1200,1130,1107.5,1147.5,1188,1201,1182.5,1180,1200,1250,1229,1248,1212.5,1209.5,1205,1225
"Columbus, GA",136,,,,,,,,,,,,,,,,,,,,,,,,,,,,,,,,,,,,,,,,,770,690,612.5,567.5,660,662.5,685,685,675,660,687.5,660,655,745,720,700,737.5,675,685,745,745,724,735,750,775,730,725,675,695,756,765,775,700,750,765,752,736,731,731,677.5
"Boulder, CO",137,,,,,,,,,,,,,,,,,,,,,,,,,,,,,,,,,,,,,,,,,,,,,,,1390,1500,1500,1480,1500,1498,1485,1445,1490,1569,1540,1498,1561,1599.5,1645,1620,1585,1495,1522,1565,1695,1650,1600,1544,1655,1700,1680,1700,1740,1673,1715,1626,1650,1600
"Lubbock, TX",138,,,,,,,,,,,,,,,,,,,,,,,,,,,,,,,,,,,,,,,,,,,650,620,623,645.5,611.5,600,596,596,596,590,595,600,595,595,600,657.5,603.5,632.5,603.5,650,660,675,750,780,750,725,775,710,704,691.5,700,725,725,677.5,750,709,700,656
"Erie, PA",139,,,,,,,,,,,,,,,,,,,,,,,,,,,,,,,,,,,,,,,,,,,,,,,,,650,647.5,645,622.5,650,657.5,700,625,592,650,625,645,612.5,600,600,600,600,600,650,650,600,675,630,650,650,650,700,675,750,700,600,630
"Fort Smith, AR",140,,,,,,,,,,,,,,,,,,,,,,,,,,,,,,,,,,,,,,,,,,,,,,,,,,,,,,,,,,,,,,,,,,,,450,425,425,425,425,425,425,425,425,495,470,495,475
"Duluth, MN",141,,,,,,,,,,,,,,,,,,,,,,,,,,,,,,,,,,,,,,,,,,,,,,,,,,795,795,799,800,795,700,700,774.5,795,781.5,780,764,780,800,835,815,800,830,800,795,760,775,775,785,795,775,780,780,800,825,800
"Atlantic City, NJ",142,,,,,,,,,,,,,,,,,,1200,1100,1000,1050,1050,1175,1300,1397.5,1347.5,1500,1450,1300,1337.5,1300,1200,1300,1200,1375,1300,1400,1350,1300,1350,1250,1400,1350,1250,1200,1200,1250,1387.5,1400,1400,1425,1350,1400,1400,1250,1200,1150,1160,1150,1100,1190,1312.5,1350,1357,1332,1245,1150,1137.5,1100,1085,1050,1050,1150,1200,1105,1160,1150,1155,1065,1150
"New London, CT",143,,,,,,,850,875,887.5,950,897.5,900,900,900,900,900,900,875,875,887,875,900,897.5,875,900,925,910,900,937.5,950,900,887.5,950,950,950,962.5,912.5,900,950,995,1000,975,950,997,975,900,950,950,950,950,950,950,1000,1000,1000,995,995,985,995,950,950,950,950,950,962.5,985,995,1000,1000,1000,1000,995,1000,997,1000,1000,995,975,1050,990
"Gainesville, FL",144,,,,,,,,,,,,,,,,,,,,,,,,,,,,,,600,525,550,575,575,600,622,600,625,625,725,750,700,699,700,700,764,855,800,700,700,700,700,725,700,700,695,690,675,725,700,700,700,745,750,800,800,835,800,850,954.5,949.5,926,918.5,919,895,824,800,834,889,829
"Wilmington, NC",145,,,,,,,,,,,,,,,,,,,,,,,,,,,,,,,,,,,850,899,800,825,840,862.5,950,875,854.5,850,850,875,900,875,850,812.5,799,810,810,875,860,825,842,899,899,925,900,925,925,895,850,899.5,900,925,950,925,992,950,955,975,955,981,1035,995,1080,1040
"Kennewick, WA",146,,,,,,,,,,,,,,,,,,,,,,,,,,,,,,,,,,,,,785,825,850,825,825,850,850,775,725,675,675,775,775,800,800,800,795,812.5,845,797,785,799.5,780,775,799,830,925,925,927.5,925,850,850,775,802.5,850,799.5,855,892.5,912.5,922.5,825,832,845,822
"Greeley, CO",147,,,,,,,,,,,,,,,,,,,,,,,,,,,,,,,,,,,,,,,,,,,,,772.5,812.5,725,750,762.5,750,750,775,750,795,847.5,850,850,862.5,850,822.5,785,825,750,750,825,825,850,895,895,867.5,885,900,900,950,895,900,895,895,900,875
"Lynchburg, VA",148,,,,,,,,,,,,,,,,,,,,,,,,,,,,,,,,,,,,,,,,,649.5,562.5,582.5,535,540,535,562.5,585,587.5,595,550,500,500,525,600,590,537.5,550,550,597.5,597.5,600,595,595,600,625,612.5,592.5,600,600,650,625,695,750,775,763.5,750,775,799,712
"Olympia, WA",149,,,,,,,,,,,,,,,,,,,,,,,,,,,,,,,925,895,950,959.5,929,850,850,895,901,925,970,925,890,895,950,992.5,967,950,975,980,975,950,945,940,945,965,1072,960,950,955,962.5,975,982.5,966,1000,1035,1050,1050,980,1042.5,1050,1009,975,1000,1040,1077,1025,1045,1045,1081
"Amarillo, TX",150,,,,,,,,,,,,,,,,,,,,,,,,,,,,,,,,,,,,,,,,,,,,,,,,,,,,,,,,,,,,,,,,,,625,625,650,650,650,698,738,698,699,752,739,733,665.5,733,669
"Binghamton, NY",151,,,,,,,,,,,,,,,,,,,,,,,,,,,,,,,,,,,,,,,582.5,600,625,600,622.5,615,625,605,600,700,725,750,725,700,662.5,662.5,640,675,650,675,637.5,625,650,675,745,760,807.5,725,685,700,745,725,700,725,725,775,750,832.5,850,795,735,827.5
"Hagerstown, MD",152,,,,,,,,,,,,,,,,,,,,,,,,,,,,,,,,,,,,,,,,,,,,750,750,750,747.5,725,700,725,745,737.5,700,697.5,700,697.5,700,700,700,700,695,695,675,680,675,695,700,700,725,750,712.5,700,695,695,725,695,725,700,675,725
"Bremerton, WA",153,,,,,,,,,,,,,,,,,,,,,,,,845,832.5,837.5,825,795,795,785,775,775,785,795,795,800,800,797.5,795,861.5,975,930,866,800,800,850,850,865,850,850,855,895,895,905,950,895,862.5,892.5,900,907.5,895,912.5,1000,1098,1093.5,1100,1054.5,1113,1095,1205,1212.5,1152.5,1096,1150,1192.5,1200,1150,1205,1125,1152
"Laredo, TX",154,,,,,,,,,,,,,,,,,,,,,,,,,,,,,,,,,,,,,,,,,,,,,,,,,,,,,,,,,,,,,,,,,,725,725,750,750,750,765,757.5,750,750,750,750,750,750,750,765
"Yakima, WA",155,,,,,,,,,,,,,,,,,,,,,,,,,,,,,,692.5,675,680,708,665,660,675,675,675,675,672.5,675,685,672.5,675,675,670,685,675,675,675,675,675,675,695,685,680,637.5,660,637.5,675,667.5,667.5,675,660,695,685,695,710,650,675,625,637.5,675,637.5,625,620,635,625,642.5,650
"Macon, GA",156,,,,,,,,,,,,,,,,,,,,,,,,,,,,,,,,,,,,,,,,,,,,,,521,558,599,600,628.5,650,689,668,667.5,700,689.5,699.5,665,732,718.5,714,713,720,700.5,724.5,740,686,690,673.5,707,737,704.5,707,709,725,659,698,700,642.5,645
"Champaign-Urbana, IL",157,,,,,,,,,,,,,,,,,,,,,,695,595,642.5,650,695,680,650,645,635,635,675,650,637.5,645,650,655,667.5,633,650,650,650,625,677.5,700,705,695,670,697.5,700,700,677.5,680,662.5,625,700,780,775,700,750,750,750,775,700,725,725,730,787.5,765,750,725,707,739,705,720,699,695,660,724,679
"Sioux Falls, SD",158,,,,,,,,,,,,,,,,,,,,,,,,,,,,,,,,,,,,,,,,,,,,,,,,,697.5,700,697.5,630,610,630,675,687.5,714,725,742,760,782.5,795,780,770,749,745,749.5,785,785,850,822.5,815,845,850,805,815,790,815,805,825
"Chico, CA",159,,,,,,,,,,,,,,,,,,,,,,,,,,,,,,,,,,,,,,,790,785,795,750,750,825,795,785,750,800,800,800,800,895,800,825,830,835,800,762.5,750,750,845,827.5,800,800,785,790,800,795,795,795,850,850,895,870,865,900,900,880,875,882.5
"Charlottesville, VA",160,,,,,,,,,,,,,,,,,,,,,,,,,,,,,,,,,,937.5,1002.5,985,950,1010,1000,1025,1099,1100,1017.5,1000,1035,995,995,995,987.5,1000,1000,999,979,977,979,999,999,950,969.5,990,989.5,995,999,999,1000,1049,1050,1050,1132,1082,1100,1075,1075,1100,1050,1100,1067,1008,1075,1140
"Longview, TX",161,,,,,,,,,,,,,,,,,,,,,,,,,,,,,,,,,,,,,,,,,,,,,,,,,697.5,715,715,700,698,700,715,775,767.5,847.5,805.5,922.5,841,950,922.5,960,935,935,895,899,850,845,731,731,745,757.5,840,862.5,826,700,640,739
"Burlington, VT",162,,,,,,,,,,,,,,,,,,,,,,,,,,,,,,,,,,,,,,,,,,,,,,,,,,,,,,,,,,,,,,,,,,,1500,1400,1600,1525,1525,1400,1525,1527.5,1400,1585,1400,1425,1425,1425
"Prescott, AZ",163,,,,,,,,,,,,,,,,,600,597.5,575,595,586,575,597.5,595,575,582,575,575,600,600,625,600,575,575,600,575,575,595,625,630,675,650,650,650,650,670,665,650,650,675,675,685,656,650,650,650,675,650,675,725,700,675,687.5,700,750,750,737.5,750,750,750,725,750,750,705,725,741,795,750,775,795
"Springfield, IL",164,,,,,,,,,,,,,,,,,,,,,,,,,,,,,,,,,,,,,,,,,,,,,,,,,,,,,,,,,,670,685,670,680,650,665,650,625,635,650,647.5,630,600,600,600,650,695,684.5,692.5,650,675,695,650
"Tyler, TX",165,,,,,,,,,,,,,,,,,,,,,,,,,,,,,,,,,,,,,,,,,,,,,,,,,,,,,949,950,874,863,895,894.5,924,924,924,995,950,949,924,877,858,837.5,875,849,803,850,851,850,831,858.5,831,865,850,849.5
"Fargo, ND",166,,,,,,,,,,,,,,,,,,,,,,,,,,,,,,,,,,,,,,,,,,,,,,,,,,,,,,,,,,825,795,795,775,850,790,850,895,767,795,795,850,773.5,702.5,745,705,725,725,725,730,750,760,700
"Lafayette-West Lafayette, IN",167,,,,,,,,,,,,,,,,,,,,595,625,650,650,635,650,625,595,650,682.5,650,620,637.5,650,625,612.5,600,626.5,650,690,649,644.5,600,600,599.5,639,625,625,609.5,619.5,625,635,650,635,595,617.5,642,675,672,659,650,660,663,650,635,645,625,625,625,700,655,650,635,640,645,645,640,625,670,655,680
"Bellingham, WA",168,,,,,,,,,,,,,,,,,,,,,,,,,,,,,,,,,,,,,,,,,,,,,,,,,,,,,,,,,,920,862,820,863.5,870,875,875,850,845,860,895,915,935,900,915,850,857.5,945,910,910,925,950,950
"Lake Havasu City, AZ",169,,,,,,,,,,,,,,,,,,,,,,,,,,,,,,,,,,,,,,,600,592.5,630,620,550,600,599.5,593,600,625,650,650,650,650,637.5,637.5,650,625,605,602.5,602.5,510,520,550,625,637.5,592.5,650,600,590,595,600,600,650,625,650,675,650,587.5,625,650,687.5
"Saginaw, MI",170,,,,,,,,,,,,,,,,,,,,,,,,,,,,,,,,,,,,,,,,,,,,,,,,,,,,,,,,,,,,,,,,,,,536,525,548.5,600,600,595,600,575,575,575,575,645,679,599.5
"Johnson City, TN",171,,,,,,,,,,,,,,,,,,,,,,,,,,,,,,,,,,,,,,,,,,,,,570,650,570,585,575,575,625,575,600,600,600,575,600,625,625,600,600,615,640,650,650,640,625,695,715,695,650,695,675,650,695,750,650,575,597.5,640
"Yuma, AZ",172,,,,,,,,,,,,,,,,,,,,,,,,,,,,,,,,,,,,,,,,,,,,,,,,,,,,,,,,,,,,,,,,,,750,735,650,740,767,753,753,753,753,722.5,753,776,763,763,712.5
"Athens, GA",173,,,,,,,,,,,,,,,,,,,,,,,,,,,,,,,,,,,,,,,,,,,,,,,,,,,,,,,,,,,750,650,677.5,675,675,654.5,650,669,687.5,675,650,650,750,750,700,750,750,750,697.5,685,683,750
"Torrington, CT",174,,,,,,,800,800,887.5,850,787.5,900,900,850,912.5,872.5,850,897.5,812.5,812.5,885,885,900,900,937.5,897.5,895,850,875,895,937.5,950,900,862.5,900,900,925,875,875,850,875,900,900,900,900,900,900,900,900,900,875,850,850,900,900,885,897.5,875,875,875,850,850,872.5,850,855,925,900,900,900,897.5,875,850,850,875,875,850,900,925,875,900
"St. Cloud, MN",175,,,,,,,,,,,,,,,,,,,,,,,,,,,,,,,,,,,,,,,,,,,,,,,,,,,,,,,,,,,,,699,725,685,700,700,680,700,705,705,772.5,729.5,715,725,697,705,732,720,841,825,843.5
"Bloomington, IL",176,,,,,,,,,,,,,,,,,,,,,,,,,,,,,,,,,,,,,,,,,,,,,,,,,,,,,,,,,,,,,,,,615,600,650,572.5,545,545,550,545,550,545,550,545,545,550,552.5,545,550
"Kingston, NY",177,,,,,,,,,,,,,,,,,,,,,,,,,,,,,,,,,,,,950,950,950,1000,1000,1000,1070,1162.5,1200,1200,1200,1100,1100,1100,1100,1100,1200,1125,1100,1200,1200,1000,1100,1125,1100,1150,1175,1200,1200,1140,1175,1150,1200,1200,1195,1130,1100,1100,1150,1200,1200,1100,1150,1175,1150
"Jacksonville, NC",178,,,,,,,,,,,,,,,,,,,,,,,,,,,,,,,,,,,,,,,,,,,550,550,600,675,675,675,650,650,675,587.5,625,660,650,660,650,650,650,650,600,600,625,632.5,625,625,625,625,635,554,545.5,550,575,625,612.5,575,675,600,685,650
"East Stroudsburg, PA",179,,,,,,,,,,,,,,,,,,,,,,,,,,,,,,,,,,,,,,,,,,,,,735,750,750,782.5,782.5,800,825,950,875,875,875,875,875,875,850,825,862.5,825,900,825,850,850,975,972.5,900,995,995,937.5,892.5,927,952,1000,925,900,937.5,895
"Greenville, NC",180,,,,,,,,,,,,,,,,,,,,,,,,,,,,,,,,,,,,,,,,,,,,,,,,,,,,,,,,,,,,,,,,,,,,725,650,650,600,600,595,637.5,650,595,550,495,550,575
"Waterloo, IA",181,,,,,,,,,,,,,,,,,,,,,,,,,,,,,,,,,,,,,,,,,,,,,700,625,632,682.5,675,665,665,630,630,612.5,580,550,550.5,575,597.5,600,617.5,677.5,709.5,709.5,719,650,675,709.5,750,750,725,750,795,770,750,745,650,750,682,650
"Abilene, TX",182,,,,,,,,,,,,,,,,,,,,,,,,,,,,,,,,,,,,,,,,,,,,,,,,,,,,,,,,,,,,,,,,625,625,645,575,625,632.5,650,645,632.5,625,605,640,650,675,682,675,690
"Columbia, MO",183,,,,,,,,,,,,,,,,,,,,,,,,,,,,,,,,,,,,,,,,,,,,,775,785,750,762.5,700,650,650,625,600,650,700,700,650,692.5,650,650,650,640,645,640,650,625,650,675,695,700,695,675,695,695,695,697.5,625,675,647.5,675
"Dover, DE",184,,,,,,,,,,,,,,,,,,,,,,,,,,,,,,,,,,,,,,,,,,,,,,,,,,,,,,,,,,,850,852.5,895,895,910,875,900,895,897.5,885,920,870,865,900,875,940,870,865,855,877.5,930,977.5
"Eau Claire, WI",185,,,,,,,,,,,,,,,,,,,,,,,,,,,,,,,,,,,,,,,,,,,,,,,,,,,,,,,,,,,,,667.5,700,670,665,585,575,575,627.5,650,600,575,622.5,650,657.5,700,660,685,650,580,650
"Bloomington, IN",186,,,,,,,,,,,,,,,,,,,,,,,,,,,,,,,,,,,,,,,,,,,,,,,,,,,,,,,,,,,,,1000,995,995,825,900,797.5,840,950,975,925,942.5,900,870,897.5,927.5,925,935,960,947.5,1010
"Billings, MT",187,,,,,,,,,,,,,,,,,,,,,,,,,,,,,,,,,,,,,,,,,,,,,,,,,,645,645,620,650,645,637,625,625,625,650,650,675,685,695,695,695,695,685,695,695,675,675,675,695,695,700,695,695,675,675,700
"Bend, OR",188,,,,,,,,,,,,,,,,,,,,,,,,,,,,,,,,,,,,,,,,,,,,,,,,,,,,,,,,,,,,925,950,925,895,895,912.5,1050,1050,1037.5,1095,1095,1050,995,995,1025,1195,1250,1150,1195,1150,1197.5
"Albany, GA",189,,,,,,,,,,,,,,,,,,,,,,,,,,,,,,,,,,,,,,,,,,,,,,,,,,,,,,,,,550,550,530,475,500,550,475,495,450,475,485,475,450,450,450,470,475,495,450,450,450,475,425,450
"Iowa City, IA",190,,,,,,,,,,,,,,,,,,,,,,,,,,,,,,,,,,,,,,,,,,,,,,,,,,,,,,,,,,,,710,725,725,725,725,850,860,935,862.5,850,850,875,875,930,960,995,995,955,970,945,965
"Wichita Falls, TX",191,,,,,,,,,,,,,,,,,,,,,,,,,,,,,,,,,,,,,,,,,,,,,,,,,665,665,690,680,650,670,650,650,650,670,665,672.5,725,705,715,747.5,655,675,599,600,575,575,595,592.5,599,599,632,604.5,599,599,625,575
"Elizabethtown, KY",192,,,,,,,,,,,,,,,,,,,,,,,,,,,,,,,,,,,,,,,,,,,,,,,,,,,,,595,575,550,562.5,550,575,575,575,575,575,575,595,595,550,550,525,500,550,550,500,500,500,500,550,525,525,525,505
"Hattiesburg, MS",193,,,,,,,,,,,,,,,,,,,,,,,,,,,,,,,,,,,,,,,,,,,,,,,,,710,710,710,710,705,705,740,740,625,637.5,685,685,700,687.5,640,700,700,700,650,645,650,695,595,642.5,725,725,687.5,725,625,650,750,782.5
"Midland, TX",194,,,,,,,,,,,,,,,,,,,,,,,,,,,,,,,,,,,,,,,,,,,,,,,,,,,,,,,,,,,,,,,,1349.5,1299,1219,1255,1159,1069,1078,1175,1213,1225,1074,1056,995,967.5,908,870,999
"Odessa, TX",195,,,,,,,,,,,,,,,,,,,,,,,,,,,,,,,,,,,,,,,,,,,,,,,,,,,,,,,,,,,,,,,,1299,1202.5,1200,1174.5,1049,949,995,945,947.5,995,899,899,875,897,865.5,820,789
"Napa, CA",196,,,,,,,,,,,,,,,,,,,,,,,,,,,,,,,,,,,,,,,,,,,,,,,,,,,,,,,,,,,,,,,,,,,,,1595,1674.5,1965,1832.5,1787.5,1808,1884.5,1906,1931,1906,1900,1951
"Idaho Falls, ID",197,,,,,,,,,,,,,,,,,,,,,,,,,,,,,,,,,,,,,,,,,,,595,575,625,575,535,575,540,545,545,545,550,550,535,535,525,545,550,535,525,525,500,535,540,550,535,550,545,535,525,495,480,550,540.5,560,525,562.5,575,575
"Lawton, OK",198,,,,,,,,,,,,,,,,,,,,,,,,,,,,,,,,,,,,,,450,450,499,565,567,550,485,450,450,395,450,450,475,495,450,450,450,490,497.5,495,550,537.5,550,550,550,575,575,550,550,550,575,575,575,575,550,579.5,645,600,615,625,689,625,710
"Farmington, NM",199,,,,,,,,,,,,,,,,,,,,,,,,,,,,,,,,,,,,,,,,,,700,650,650,700,700,750,700,675,700,650,650,650,650,675,650,675,662.5,675,687.5,700,700,700,700,700,675,700,700,725,695,650,650,625,625,650,650,700,800,697.5,780
"Morgantown, WV",200,,,,,,,,,,,,,,,,,,,,,,,,,,,,,,,,,,,,,,,,,,,,,,,,,,,,,,800,855,885,787.5,750,750,750,800,750,780,800,849,895,845,845,847,800,800,805,750,800,810,850,890,775,762.5,700
"New Bern, NC",201,,,,,,,,,,,,,,,,,,,,,,,,,,,,,,,,,,,,,,,,,625,650,700,700,662.5,680,675,650,650,650,650,682.5,697.5,655,675,692.5,750,732.5,700,700,700,690,690,690,650,725,690,690,690,690,682.5,650,675,725,695,725,700,712.5,695,650
"Harrisonburg, VA",202,,,,,,,,,,,,,,,,,,,,,,,,,,,,,,,,,,,,,,,,,,,,,,,,,,,,,,,,,,,,,,,,,,785,797.5,865,820,820,775,775,775,777.5,825,751,763,747.5,751,775
"Augusta, ME",203,,,,,,,,,,,,,,,,,,,,,,,,,,,,,,,,,,,,,,,,,,,,,,597.5,625,650,650,675,700,662.5,697.5,695,650,725,750,712.5,737.5,750,725,722.5,700,700,707.5,725,700,705,725,700,705,685,700,700,700,700,707.5,740,707.5,730
"Muncie, IN",204,,,,,,,,,,,,,,,,,,,,,,,,,,,,,,,,,,,,,,,,,,,,,,,,,,,,,,,,,,,,,,,,,,495,546,517.5,525,525,535,550,500,550,525,567.5,600,550,575,500
"Bismarck, ND",205,,,,,,,,,,,,,,,,,,,,,,,,,,,,,,,,,,,,,,,,,,,,,,,,,,,,,,,,,,,,,,,,987.5,1037.5,900,950,950,950,910,890,900,900,900,900,865,900,847.5,825,900
"Lawrence, KS",206,,,,,,,,,,,,,,,,,,,,,,,,,,,,,,,,,,,,,,,,,,,,,,,,595,700,700,700,614.5,607,635,570,600,640,655,650,713,700,655,612,597.5,615,645,655,688,659,655,655,685,700,682.5,680,675,625,642.5,720,620
"Missoula, MT",207,,,,,,,,,,,,,,,,,,,,665,645,595,595,590,599.5,632.5,675,675,695,662.5,650,650,675,685,695,695,702.5,667.5,675,695,750,725,695,700,715,695,695,697.5,725,725,725,750,734,725,735,750,725,700,725,745,725,745,725,725,725,725,745,755,781.5,781.5,752.5,750,775,795,775,795,760,770,745,745
"California-Lexington Park, MD",208,,,,,,,,,,,,,,,,,,,,,,,,,,,,,,,,,,,,,,,,,,975,999,873.5,859.5,899,897.5,975,905,950,975,1037,1034.5,1019,984.5,999.5,1022,1024.5,1025,1025,1007,1017,1039.5,1040,1042,1060,1030,1079.5,1060,1050,1045,1077,1153,1200,1103,1071,1058.5,1073,1110,1070
"Grand Forks, MN",209,,,,,,,,,,,,,,,,,,,,,,,,,,,,,,,,,,,,,,,,,,,,,,,,,,,,,,,,,,,,,,,,,,785,782.5,757.5,765,795,755,750,775,755,800,847.5,747.5,830,782.5,790
"Manhattan, KS",210,,,,,,,,,,,,,,,,,,,,,,,,,,,,,,,,,,,,,,,,,,,,,687.5,755,750,790,800,795,795,790,735,750,770,795,780,783,797,879.5,865,795,795,795,795,795,795,795,795,786,795,800,790,790,790,750,710.5,750,745,725
"Cheyenne, WY",211,,,,,,,,,,,,,,,,,,,,,,,,,,,,,,,,,,,,,,,,,,600,636,662.5,662.5,642,677.5,700,725,737.5,712.5,695,700,675,725,757.5,695,681.5,700,697.5,700,697.5,750,750,737.5,700,715,750,750,750,750,795,750,767.5,750,762.5,725,750,725,700
"Corvallis, OR",212,,,,,,,,,,,,,,,,,,,,,,,,,,,,,,,,,,,,,,,,750,800,750,725,725,725,725,735,725,725,725,750,775,800,795,850,825,900,895,830,870,895,925,925,825,825,825,875,875,977.5,947.5,995,955,995,922.5,950,862.5,825,895,895,895
"Pocatello, ID",213,,,,,,,,,,,,,,,,,,,,,,,,,,,,,,,,,,,,,,,,,,,,,,,,,,,,,,,,437.5,450,475,485,535,550,550,532.5,540,540,550,540,540,550,530,550,550,555,490,525,550,561.5,612.5,550,550
"Hinesville, GA",214,,,,,,,,,,,,,,,,,,,,,,,,,,,,,,,,,,,,,,,,,,,,,,,,,,,,,,,,,725,725,750,750,750,725,650,625,675,662.5,675,675,675,675,700,700,700,700,700,700,675,675,700,695
"Casper, WY",215,,,,,,,,,,,,,,,,,,,,,,,,,,,,,,,,,,,,,,,,,,,,,,,,,,,,,,,,,,,,,,,850,950,950,899.5,850,900,899,899,862.5,874.5,935,835,799,812,897,750,725,829
"Helena, MT",216,,,,,,,,,,,,,,,,,,,,,,,,,,,,,,,,,,,,,,,,,,,,,,,,,,,,,,,,,,,,,,,,,,,715,715,715,750,812.5,750,755,845,750,710,715,710,705,710
"Statesboro, GA",217,,,,,,,,,,,,,,,,,,,,,,,,,,,,,,,,,,,,,,,,,,550,550,530,512.5,596,598,600,600,600,600,600,600,575,575,575,550,600,650,600,550,595,600,550,550,550,550,537.5,550,550,550,550,525,550,600,620,600,550,550,550
"Rolla, MO",218,,,,,,,,,,,,,,,,,,,,,,,,,,,,,,,,,,,,,,,,,,,,,,,,,,,,,,,,,,,,,,,510,495,495,495,525,550,500,475,450,450,475,450,450,450,450,475,495,495
"Lock Haven, PA",219,,,,,,,,,,,,,,,,,,,,,,,,,,,,,,,,,,,,,,,,,,,,,,,,,,,,,,,,,750,750,700,800,760,725,742.5,770,760,750,675,750,750,725,770,750,750,725,750,675,750,742.5,700,812.5
"Junction City, KS",220,,,,,,,,,,,,,,,,,,,,,,,,,,,,,,,,,,,,,,,,,,,,,,,,,,,,,,,,,645,650,685,690,700,695,595,665,650,640,640,635,635,635,600,625,625,600,612.5,625,575,575,650,699
"Williston, ND",221,,,,,,,,,,,,,,,,,,,,,,,,,,,,,,,,,,,,,,,,,,,,,,,,,,,,,,,,,,2575,2750,2495,2450,2350,2200,2100,2150,1995,1995,1762.5,1662.5,1525,1500,1500,1400,1375,1505,1497.5,1590,1630,1590,1545
