"Date","RegionName","State","SizeRank","Zri","MoM","QoQ","YoY","ZriRecordCnt"
2016-09-30,"United States",,0,1409,-0.000709219858156028,-0.00212464589235127,0.0195369030390738,89999638
2016-09-30,"New York, NY","NY",1,2433,-0.002460024600246,-0.00855745721271394,0.0278833967046895,3785890
2016-09-30,"Los Angeles-Long Beach-Anaheim, CA","CA",2,2653,0.00264550264550265,0.0106666666666667,0.0548707753479125,2533743
2016-09-30,"Chicago, IL","IL",3,1660,0,-0.000602046959662854,0.00302114803625378,2806784
2016-09-30,"Dallas-Fort Worth, TX","TX",4,1562,0.00321130378933847,0.00709219858156028,0.0441176470588235,1732713
2016-09-30,"Philadelphia, PA","PA",5,1583,-0.00252047889098929,-0.00565326633165829,0.00892288081580625,1902317
2016-09-30,"Houston, TX","TX",6,1562,-0.00191693290734824,-0.00699300699300699,-0.00127877237851662,1637754
2016-09-30,"Washington, DC","DC",7,2127,-0.000939408172851104,-0.00281293952180028,0.00377536573855592,1784374
2016-09-30,"Miami-Fort Lauderdale, FL","FL",8,1889,0.00105988341282459,0.00318640467339352,0.0488617434758468,1947378
2016-09-30,"Atlanta, GA","GA",9,1317,0.0045766590389016,0.0107444359171144,0.0419303797468355,1745598
2016-09-30,"Boston, MA","MA",10,2340,0,0.0047230571060541,0.0376940133037694,1161985
2016-09-30,"San Francisco, CA","CA",11,3415,-0.00204558737580362,-0.000877706260971328,0.0332829046898638,1096327
2016-09-30,"Detroit, MI","MI",12,1159,-0.000862068965517241,-0.00855431993156544,0.0338983050847458,1558243
2016-09-30,"Riverside, CA","CA",13,1746,0,0,0.0331360946745562,1104453
2016-09-30,"Phoenix, AZ","AZ",14,1316,0.0015220700152207,0.0053475935828877,0.04527402700556,1363008
2016-09-30,"Seattle, WA","WA",15,2125,0.00472813238770686,0.0206532180595581,0.101036269430052,1030447
2016-09-30,"Minneapolis-St Paul, MN","MN",16,1559,0.000641848523748395,0.00128452151573539,0.0263331138907176,1060957
2016-09-30,"San Diego, CA","CA",17,2442,0.000409668168783285,0.00287474332648871,0.0458244111349036,744502
2016-09-30,"St. Louis, MO","MO",18,1149,-0.00519480519480519,-0.0196245733788396,-0.00173761946133797,953444
2016-09-30,"Tampa, FL","FL",19,1343,0,0,0.0330769230769231,970606
2016-09-30,"Baltimore, MD","MD",20,1730,-0.00230680507497117,-0.00574712643678161,0.004062681369704,947169
2016-09-30,"Denver, CO","CO",21,2024,-0.00148001973359645,0.00247647350173353,0.037948717948718,831575
2016-09-30,"Pittsburgh, PA","PA",22,1111,-0.00448028673835125,-0.0220070422535211,-0.00269299820466786,781492
2016-09-30,"Portland, OR","OR",23,1807,0.00556483027267668,0.0151685393258427,0.0781622911694511,662072
2016-09-30,"Charlotte, NC","NC",24,1243,0.0016116035455278,-0.00400641025641026,0.0230452674897119,817869
2016-09-30,"Sacramento, CA","CA",25,1714,0.00645918966529654,0.014801657785672,0.0580246913580247,612380
2016-09-30,"San Antonio, TX","TX",26,1323,0.00151400454201363,0.00303260045489007,0.0137931034482759,604701
2016-09-30,"Orlando, FL","FL",27,1383,0,0.00290065264684554,0.0274888558692422,698872
2016-09-30,"Cincinnati, OH","OH",28,1263,0.000792393026941363,0.00238095238095238,0.011208967173739,635850
2016-09-30,"Cleveland, OH","OH",29,1186,-0.00168350168350168,-0.00252312867956266,0.0136752136752137,648244
2016-09-30,"Kansas City, MO","MO",30,1279,-0.00156128024980484,-0.00929512006196747,0.0264847512038523,614029
2016-09-30,"Las Vegas, NV","NV",31,1242,0.0008058017727639,0,0.0171990171990172,631270
2016-09-30,"Columbus, OH","OH",32,1324,0,0.00379075056861259,0.0327613104524181,580849
2016-09-30,"Indianapolis, IN","IN",33,1200,-0.00249376558603491,-0.000832639467110741,0.00671140939597316,642680
2016-09-30,"San Jose, CA","CA",34,3528,-0.00169779286926995,0.000283527076835838,0.03886925795053,428641
2016-09-30,"Austin, TX","TX",35,1729,-0.00173210161662818,-0.00345821325648415,0.0176574455562095,473432
2016-09-30,"Virginia Beach, VA","VA",36,1429,-0.00209497206703911,-0.00556715379262352,-0.00139762403913347,513856
2016-09-30,"Nashville, TN","TN",37,1458,0.00275103163686382,0.00551724137931034,0.0406852248394004,590472
2016-09-30,"Providence, RI","RI",38,1641,-0.00303766707168894,-0.00485142510612492,0.0366392924826279,405708
2016-09-30,"Milwaukee, WI","WI",39,1432,-0.00417246175243394,-0.0271739130434783,-0.0117322291235335,337835
2016-09-30,"Jacksonville, FL","FL",40,1282,-0.000779423226812159,-0.00155763239875389,0.0158478605388273,453997
2016-09-30,"Memphis, TN","TN",41,1086,-0.00275482093663912,-0.0036697247706422,0.0149532710280374,417926
2016-09-30,"Oklahoma City, OK","OK",42,1128,-0.00529100529100529,-0.016564952048823,-0.0408163265306122,452391
2016-09-30,"Louisville-Jefferson County, KY","KY",43,1131,-0.00088339222614841,-0.00440140845070423,0.021680216802168,521034
2016-09-30,"Hartford, CT","CT",44,1664,0,-0.00120048019207683,0.017737003058104,345606
2016-09-30,"Richmond, VA","VA",45,1347,-0.00296076980014804,-0.0102865540044085,0.00223214285714286,409503
2016-09-30,"New Orleans, LA","LA",46,1384,-0.00717360114777618,-0.0219081272084806,-0.0375521557719054,341982
2016-09-30,"Buffalo, NY","NY",47,1233,-0.0143884892086331,-0.0471406491499227,-0.0229793977812995,297664
2016-09-30,"Raleigh, NC","NC",48,1391,0,-0.00429491768074445,0.0160701241782323,383140
2016-09-30,"Birmingham, AL","AL",49,1056,-0.0075187969924812,-0.0213160333642261,-0.0231267345050879,389921
2016-09-30,"Salt Lake City, UT","UT",50,1495,0.00335570469798658,0.00335570469798658,0.0454545454545455,298829
2016-09-30,"Rochester, NY","NY",51,1409,-0.000709219858156028,-0.00353606789250354,0.0360294117647059,297734
2016-09-30,"Grand Rapids, MI","MI",52,1279,-0.0123552123552124,-0.0184190330007675,0.0398373983739837,328997
2016-09-30,"Tucson, AZ","AZ",53,1130,0.00177304964539007,0.00892857142857143,0.0263396911898274,291106
2016-09-30,"Urban Honolulu, HI","HI",54,2465,-0.00162008910490077,-0.00363783346806791,0.00407331975560081,265939
2016-09-30,"Tulsa, OK","OK",55,1090,-0.00183150183150183,-0.00547445255474453,0.00275988960441582,325501
2016-09-30,"Fresno, CA","CA",56,1260,0.00478468899521531,0.00558659217877095,0.0120481927710843,211464
2016-09-30,"Worcester, MA","MA",57,1625,-0.00428921568627451,-0.00306748466257669,0.0676741130091984,242138
2016-09-30,"Stamford, CT","CT",58,2453,-0.0032507110930516,-0.00968914008881712,-0.0140675241157556,252027
2016-09-30,"Albuquerque, NM","NM",59,1192,-0.0016750418760469,-0.00334448160535117,-0.00251046025104603,275590
2016-09-30,"Albany, NY","NY",60,1555,0.000643500643500643,-0.0101845957988542,-0.00384368994234465,217166
2016-09-30,"Omaha, NE","NE",61,1286,0,0.000778210116731518,0.00783699059561128,429016
2016-09-30,"New Haven, CT","CT",62,1712,-0.00233100233100233,0.00234192037470726,0.0375757575757576,229550
2016-09-30,"Bakersfield, CA","CA",63,1263,-0.00158102766798419,-0.00394321766561514,0.0136436597110754,194913
2016-09-30,"Knoxville, TN","TN",64,1085,-0.00275735294117647,-0.0145322434150772,0.0178236397748593,328090
2016-09-30,"Greenville, SC","SC",65,1198,0.000835421888053467,0,0.0126796280642434,257083
2016-09-30,"Ventura, CA","CA",66,2556,0,-0.0031201248049922,0.0252707581227437,208906
2016-09-30,"Allentown, PA","PA",67,1445,-0.00482093663911846,-0.0123034859876965,0.0154602951510892,248492
2016-09-30,"El Paso, TX","TX",68,999,0.00100200400801603,-0.00794438927507448,-0.054872280037843,193449
2016-09-30,"Baton Rouge, LA","LA",69,1326,-0.00300751879699248,-0.0119225037257824,-0.025,235702
2016-09-30,"Dayton, OH","OH",70,959,0.00104384133611691,-0.00929752066115703,-0.00518672199170124,265671
2016-09-30,"McAllen, TX","TX",71,1001,0.0183112919633774,-0.00398009950248756,0.00401203610832497,172351
2016-09-30,"Columbia, SC","SC",72,1121,-0.00266903914590747,-0.00884173297966401,-0.00620567375886525,255014
2016-09-30,"Akron, OH","OH",73,1143,-0.00867302688638335,-0.00867302688638335,0.000875656742556918,228585
2016-09-30,"North Port-Sarasota-Bradenton, FL","FL",74,1768,0.00169971671388102,0.0143430866322433,0.0131805157593123,307502
2016-09-30,"Little Rock, AR","AR",75,1031,-0.00386473429951691,-0.0190294957183635,-0.00578592092574735,230333
2016-09-30,"Stockton, CA","CA",76,1541,0.0104918032786885,0.0307692307692308,0.0829234012649332,159790
2016-09-30,"Charleston, SC","SC",77,1559,0.00257234726688103,0.00840879689521345,0.0393333333333333,224573
2016-09-30,"Syracuse, NY","NY",78,1373,-0.0057929036929761,-0.0065123010130246,0.021577380952381,176922
2016-09-30,"Colorado Springs, CO","CO",79,1392,0,-0.00357909806728704,0.0318754633061527,206975
2016-09-30,"Winston-Salem, NC","NC",80,1019,-0.0019588638589618,-0.0125968992248062,-0.00293542074363992,233057
2016-09-30,"Wichita, KS","KS",81,990,-0.00100908173562059,-0.0119760479041916,-0.0499040307101727,195932
2016-09-30,"Springfield, MA","MA",82,1535,-0.0115904700579523,-0.0290955091714105,0.00523903077930583,156372
2016-09-30,"Fort Myers, FL","FL",83,1643,0.00305250305250305,0.0110769230769231,0.0668831168831169,302953
2016-09-30,"Boise City, ID","ID",84,1182,0.00254452926208651,0.0145922746781116,0.0581915846016115,187657
2016-09-30,"Toledo, OH","OH",85,974,-0.00915564598168871,-0.021105527638191,-0.0191339375629406,200343
2016-09-30,"Madison, WI","WI",86,1460,0.00689655172413793,0.0167130919220056,-0.011509817197021,206981
2016-09-30,"Lakeland, FL","FL",87,1188,0,-0.00668896321070234,0.0241379310344828,171820
2016-09-30,"Ogden, UT","UT",88,1380,0.00290697674418605,0.01620029455081,0.0631741140215717,173219
2016-09-30,"Daytona Beach, FL","FL",89,1306,0.00461538461538462,0.013188518231187,0.0481540930979133,233575
2016-09-30,"Des Moines, IA","IA",90,1286,-0.00618238021638331,-0.0198170731707317,-0.0257575757575758,196216
2016-09-30,"Jackson, MS","MS",91,1222,-0.00811688311688312,-0.0192616372391653,0.0444444444444444,169987
2016-09-30,"Youngstown, OH","OH",92,799,-0.00374064837905237,-0.0361881785283474,-0.017220172201722,198522
2016-09-30,"Augusta, GA","GA",93,895,-0.00444938820912125,-0.0121412803532009,-0.0229257641921397,222488
2016-09-30,"Scranton, PA","PA",94,986,0.00921187308085977,0.0196483971044467,-0.014985014985015,175703
2016-09-30,"Harrisburg, PA","PA",95,1260,-0.00630914826498423,-0.0163934426229508,-0.00552486187845304,171223
2016-09-30,"Melbourne, FL","FL",96,1310,0.00229533282325937,0.00769230769230769,0.0530546623794212,219607
2016-09-30,"Chattanooga, TN","TN",97,1152,-0.00603968938740293,-0.0145423438836612,0.0276538804638715,186468
2016-09-30,"Spokane, WA","WA",98,1244,0.00161030595813205,0.00647249190938511,0.0506756756756757,156898
2016-09-30,"Provo, UT","UT",99,1403,0.00501432664756447,0.00645624103299857,0.0293470286133529,133192
2016-09-30,"Lancaster, PA","PA",100,1185,-0.00336417157275021,-0.0116763969974979,0.0589812332439678,138807
2016-09-30,"Modesto, CA","CA",101,1347,0.000742942050520059,0.003725782414307,0.0631412786108919,122907
2016-09-30,"Portland, ME","ME",102,1629,-0.00488698839340257,-0.0103280680437424,0.0284090909090909,180108
2016-09-30,"Durham, NC","NC",103,1377,0.00218340611353712,0.00805270863836018,0.0416036308623298,144849
2016-09-30,"Santa Rosa, CA","CA",104,2548,0.000785545954438335,0.000392618767177071,0.0696893366918556,132203
2016-09-30,"Lexington, KY","KY",105,1184,-0.000843881856540084,-0.00420521446593776,0.0524444444444444,147393
2016-09-30,"Lafayette, LA","LA",106,1224,-0.00568643379366369,-0.0192307692307692,-0.0803906836964688,126940
2016-09-30,"Lansing, MI","MI",107,1141,-0.00174978127734033,-0.000875656742556918,0.027002700270027,135240
2016-09-30,"Fayetteville, AR","AR",108,1171,-0.000853242320819113,-0.0101437024513948,0.0418149466192171,127815
2016-09-30,"Pensacola, FL","FL",109,1131,-0.00352422907488987,-0.00527704485488127,0.0189189189189189,159092
2016-09-30,"Visalia, CA","CA",110,1164,0.00172117039586919,-0.0068259385665529,0.0104166666666667,105102
2016-09-30,"Shreveport, LA","LA",111,1049,-0.0177902621722846,-0.0566546762589928,-0.0367309458218549,135164
2016-09-30,"Springfield, MO","MO",112,828,-0.0036101083032491,-0.00838323353293413,0.00607533414337789,102966
2016-09-30,"York, PA","PA",113,1270,-0.00470219435736677,-0.0162664601084431,-0.0170278637770898,134044
2016-09-30,"Corpus Christi, TX","TX",114,1364,0.00441826215022091,-0.00365230094959825,-0.0468204053109713,134287
2016-09-30,"Reno, NV","NV",115,1533,0.0026160889470242,0.0138888888888889,0.0507196710075394,130824
2016-09-30,"Asheville, NC","NC",116,1277,-0.00390015600624025,-0.00545171339563863,0.0433006535947712,163661
2016-09-30,"Port St. Lucie, FL","FL",117,1473,0.00204081632653061,0.00683526999316473,0.050641940085592,177289
2016-09-30,"Huntsville, AL","AL",118,1075,-0.00462962962962963,-0.0200546946216955,-0.0700692041522491,113003
2016-09-30,"Fort Wayne, IN","IN",119,1058,-0.00282752120640905,0.00189393939393939,0.026188166828322,134413
2016-09-30,"Salinas, CA","CA",120,2369,0.00466497031382528,0.0233261339092873,0.114299153339605,78929
2016-09-30,"Vallejo, CA","CA",121,1953,0.00826019617965927,0.015600624024961,0.0516962843295638,115661
2016-09-30,"Mobile, AL","AL",122,917,0.00548245614035088,0,-0.0296296296296296,133885
2016-09-30,"Reading, PA","PA",123,1271,-0.0054773082942097,-0.017014694508894,-0.0400302114803625,110362
2016-09-30,"Brownsville, TX","TX",124,941,-0.00212089077412513,-0.00738396624472574,0.0306681270536692,121149
2016-09-30,"Killeen, TX","TX",125,1035,0.00290697674418605,0.00387972841901067,-0.00289017341040462,108888
2016-09-30,"Canton, OH","OH",126,999,0.00200601805416249,0.0162767039674466,-0.00794438927507448,132110
2016-09-30,"Beaumont, TX","TX",127,1123,-0.00266429840142096,0.0126239855725879,0,127694
2016-09-30,"Manchester, NH","NH",128,1796,-0.00718629076838032,-0.0153508771929825,0.0129723632261703,121437
2016-09-30,"Salem, OR","OR",129,1435,0.00279524807826695,0.0077247191011236,0.0724962630792227,95578
2016-09-30,"Anchorage, AK","AK",130,1945,-0.0071465033180194,-0.0156882591093117,-0.00663942798774259,90083
2016-09-30,"Davenport, IL","IL",131,1067,-0.0183992640294388,-0.0219981668194317,0.0756048387096774,135688
2016-09-30,"Myrtle Beach, SC","SC",132,1227,-0.00324939073923639,-0.00324939073923639,0.0345699831365936,211775
2016-09-30,"Montgomery, AL","AL",133,906,-0.0043956043956044,-0.0226537216828479,-0.0341151385927505,135042
2016-09-30,"Salisbury, MD","MD",134,1288,-0.00463678516228748,-0.019040365575019,-0.00923076923076923,177790
2016-09-30,"Gulfport, MS","MS",135,1017,-0.0107003891050584,-0.0277246653919694,-0.00973709834469328,106746
2016-09-30,"Tallahassee, FL","FL",136,1193,0,0.00336417157275021,0.0050547598989048,96478
2016-09-30,"Trenton, NJ","NJ",137,1852,-0.0021551724137931,-0.00483610961848469,0.00761697497279652,108988
2016-09-30,"Fayetteville, NC","NC",138,885,0,-0.00561797752808989,-0.0155728587319244,105585
2016-09-30,"Hickory, NC","NC",139,921,0,0,0.0371621621621622,160627
2016-09-30,"Huntington, WV","WV",140,904,-0.0055005500550055,-0.00440528634361234,-0.0661157024793388,110651
2016-09-30,"Eugene, OR","OR",141,1305,0.00230414746543779,0.00772200772200772,0.0714285714285714,85472
2016-09-30,"Rockford, IL","IL",142,1128,0.00355871886120996,0.000887311446317658,-0.009657594381036,103249
2016-09-30,"Savannah, GA","GA",143,1260,-0.00395256916996047,-0.00709219858156028,-0.00630914826498423,109877
2016-09-30,"Ann Arbor, MI","MI",144,1703,-0.00467562828755114,-0.00351082504388531,-0.0416432189082724,106918
2016-09-30,"Ocala, FL","FL",145,1058,-0.00188679245283019,-0.00470366886171214,0.0506454816285998,113314
2016-09-30,"Kalamazoo, MI","MI",146,1127,-0.00879507475813544,-0.0208514335360556,0.032051282051282,116775
2016-09-30,"South Bend, IN","IN",147,937,0.0118790496760259,0.00969827586206897,0.0229257641921397,116380
2016-09-30,"Spartanburg, SC","SC",148,1079,-0.00369344413665743,-0.00735970561177553,0.0150517403574788,97575
2016-09-30,"Evansville, IN","IN",149,987,-0.00604229607250755,-0.0351906158357771,-0.0169322709163347,105852
2016-09-30,"Kingsport, TN","TN",150,917,-0.00542299349240781,-0.0192513368983957,-0.0327004219409283,109374
2016-09-30,"Roanoke, VA","VA",151,1141,-0.00609756097560976,-0.0163793103448276,0.0178412132024978,119281
2016-09-30,"Lincoln, NE","NE",152,1277,-0.00156372165754496,-0.00312256049960968,0.00551181102362205,87983
2016-09-30,"Fort Collins, CO","CO",153,1743,-0.00627137970353478,-0.0141402714932127,0.0265017667844523,107611
2016-09-30,"Columbus, GA","GA",154,888,-0.00112485939257593,-0.0133333333333333,-0.0187845303867403,82837
2016-09-30,"Boulder, CO","CO",155,2303,-0.000867678958785249,0.00787746170678337,0.0131984161900572,98956
2016-09-30,"Lubbock, TX","TX",156,1178,0.000849617672047579,-0.00254022015241321,-0.000848176420695505,81527
2016-09-30,"Erie, PA","PA",157,1013,0.00297029702970297,-0.0203094777562863,0.00297029702970297,74293
2016-09-30,"Fort Smith, AR","AR",158,871,0.00114942528735632,-0.0113507377979569,0.00461361014994233,73200
2016-09-30,"Duluth, MN","MN",159,1137,-0.00263157894736842,0.00353045013239188,0.0215633423180593,112900
2016-09-30,"Atlantic City, NJ","NJ",160,1499,-0.00464807436918991,-0.0144641683103222,-0.0470438652256834,105147
2016-09-30,"New London, CT","CT",161,1547,0.000646830530401035,0.000646830530401035,0.0334001336005344,81058
2016-09-30,"San Luis Obispo, CA","CA",162,2349,0.00556506849315068,0.0107573149741824,0.0444642063139173,79659
2016-09-30,"Gainesville, FL","FL",163,1239,-0.0016116035455278,-0.00321802091713596,0.0316402997502082,67367
2016-09-30,"Santa Cruz, CA","CA",164,2967,0.00576271186440678,0.0126279863481229,0.0611587982832618,57096
2016-09-30,"Clarksville, TN","TN",165,993,0.00404448938321537,0.00914634146341463,-0.0245579567779961,82281
2016-09-30,"Cedar Rapids, IA","IA",166,1081,0.000925925925925926,-0.0136861313868613,-0.0509218612818262,98328
2016-09-30,"Merced, CA","CA",167,1162,0.00955690703735882,0.0237885462555066,0.0749306197964847,54302
2016-09-30,"Wilmington, NC","NC",168,1293,0,-0.00154440154440154,0.00700934579439252,105318
2016-09-30,"Kennewick, WA","WA",169,1396,0.00431654676258993,0.00867052023121387,0.0212143379663497,65956
2016-09-30,"Greeley, CO","CO",170,1591,-0.00250783699059561,-0.00250783699059561,0.0473996050032916,83958
2016-09-30,"Waco, TX","TX",171,1176,0.00598802395209581,0.0155440414507772,0.077910174152154,68897
2016-09-30,"Lynchburg, VA","VA",172,1087,-0.000919117647058823,0.00648148148148148,0,74730
2016-09-30,"Olympia, WA","WA",173,1483,0.00135043889264011,0.00474254742547425,0.0341701534170153,83179
2016-09-30,"Amarillo, TX","TX",174,1197,-0.00910596026490066,-0.0228571428571429,0.00335289186923722,76305
2016-09-30,"Binghamton, NY","NY",175,1157,0.00346921075455334,-0.0236286919831224,-0.0406301824212272,62886
2016-09-30,"Hagerstown, MD","MD",176,1187,-0.00335852225020991,-0.0198183319570603,-0.0116569525395504,84003
2016-09-30,"Bremerton, WA","WA",177,1621,0.00371517027863777,0.00871188550093342,0.0587851077726976,76900
2016-09-30,"Yakima, WA","WA",178,1127,-0.000886524822695035,-0.00353669319186561,0.0199095022624434,60619
2016-09-30,"Crestview-Fort Walton Beach-Destin, FL","FL",179,1437,0,0.000696378830083565,0.0256959314775161,114341
2016-09-30,"Topeka, KS","KS",180,970,-0.00102986611740474,-0.0221774193548387,0.00518134715025907,69704
2016-09-30,"Macon, GA","GA",181,988,0.0040650406504065,0.00610997963340122,0.04,56205
2016-09-30,"Champaign-Urbana, IL","IL",182,1132,-0.00875656742556918,-0.0241379310344828,0.0319051959890611,64725
2016-09-30,"Tuscaloosa, AL","AL",183,1135,-0.00525854513584575,-0.0147569444444444,-0.021551724137931,98796
2016-09-30,"College Station, TX","TX",184,1494,-0.00200400801603206,-0.0216110019646365,-0.00598802395209581,49460
2016-09-30,"Sioux Falls, SD","SD",185,1145,-0.00087260034904014,-0.00261324041811847,0.0259856630824373,52924
2016-09-30,"Charleston, WV","WV",186,904,-0.00768386388583974,-0.0248112189859763,-0.0794297352342159,122915
2016-09-30,"Chico, CA","CA",187,1353,0.0044543429844098,0.00520059435364041,0.0257771038665656,56716
2016-09-30,"Charlottesville, VA","VA",188,1447,-0.00069060773480663,-0.00481430536451169,0.00346740638002774,71428
2016-09-30,"Claremont, NH","NH",189,1388,-0.00715307582260372,-0.0163004961020553,0,87335
2016-09-30,"Cape Cod, MA","MA",190,1933,-0.0112531969309463,-0.00360824742268041,0.00939947780678851,140009
2016-09-30,"Longview, TX","TX",191,1229,-0.00566343042071197,-0.018370607028754,0.00490596892886345,49981
2016-09-30,"Burlington, VT","VT",192,1908,-0.0185185185185185,-0.026530612244898,0.0341463414634146,73505
2016-09-30,"Prescott, AZ","AZ",193,1424,0,0.00352360817477097,0.0439882697947214,72372
2016-09-30,"Tyler, TX","TX",194,1236,-0.0032258064516129,-0.0174880763116057,-0.0119904076738609,55671
2016-09-30,"Las Cruces, NM","NM",195,970,-0.00308324768756423,-0.0142276422764228,-0.00614754098360656,50841
2016-09-30,"Fargo, ND","ND",196,1342,0.00449101796407186,0.0105421686746988,0.00149253731343284,48735
2016-09-30,"Houma, LA","LA",197,1142,-0.0230966638152267,-0.0790322580645161,-0.13287775246773,53303
2016-09-30,"Rochester, MN","MN",198,1358,-0.00366837857666911,-0.0102040816326531,0.0256797583081571,74089
2016-09-30,"Florence, SC","SC",199,991,0.00101010101010101,0.00405268490374873,0.0333680917622523,71247
2016-09-30,"Medford, OR","OR",200,1442,-0.00138504155124654,-0.0109739368998628,0.0891238670694864,44954
2016-09-30,"Lafayette-West Lafayette, IN","IN",201,1067,0,-0.0165898617511521,-0.0183992640294388,51972
2016-09-30,"Bellingham, WA","WA",202,1497,0.0128552097428958,0.0149152542372881,0.0295735900962861,64812
2016-09-30,"Lake Havasu City, AZ","AZ",203,1100,-0.00271985494106981,-0.00632339656729901,0.0251630941286114,65664
2016-09-30,"Johnson City, TN","TN",204,960,0.00104275286757039,-0.00723888314374354,0.00628930817610063,83575
2016-09-30,"Elkhart, IN","IN",205,1048,-0.000953288846520496,-0.0214752567693744,-0.0700976042590949,52753
2016-09-30,"Yuma, AZ","AZ",206,887,-0.00112612612612613,-0.0133481646273637,-0.0198895027624309,42732
2016-09-30,"Racine, WI","WI",207,1212,-0.0265060240963855,-0.0434096290449882,0.00580912863070539,57275
2016-09-30,"Athens, GA","GA",208,1159,-0.00172265288544358,-0.00515021459227468,0.0175592625109745,52786
2016-09-30,"Torrington, CT","CT",209,1544,-0.000647249190938511,-0.00387096774193548,-0.0196825396825397,65563
2016-09-30,"St. Cloud, MN","MN",210,1291,0.00859375,0.0262321144674086,0.122608695652174,56387
2016-09-30,"Hilton Head Island, SC","SC",211,1725,0.00174216027874564,-0.00231347599768652,0.00232423009877978,84218
2016-09-30,"Hilo, HI","HI",212,1518,-0.000658327847267939,0.00529801324503311,0.0928725701943845,61123
2016-09-30,"Panama City, FL","FL",213,1316,0.003813882532418,0.00611620795107034,0.0289288506645817,80265
2016-09-30,"Kingston, NY","NY",214,1596,-0.00374531835205993,0.0107663077897403,0.0555555555555556,49835
2016-09-30,"Daphne, AL","AL",215,1405,0.0021398002853067,0.000712250712250712,0.018854242204496,74504
2016-09-30,"Gainesville, GA","GA",216,1239,0.00242718446601942,-0.0016116035455278,0.0114285714285714,51703
2016-09-30,"Warner Robins, GA","GA",217,988,-0.00202020202020202,-0.00202020202020202,0.0175077239958805,55275
2016-09-30,"Blacksburg, VA","VA",218,1181,-0.00589225589225589,-0.0100586756077117,-0.0255775577557756,46368
2016-09-30,"Jacksonville, NC","NC",219,894,-0.00111731843575419,-0.00666666666666667,-0.0438502673796791,56573
2016-09-30,"Redding, CA","CA",220,1277,-0.00312256049960968,-0.00234375,0.00235478806907378,46105
2016-09-30,"Joplin, MO","MO",221,791,-0.00377833753148615,-0.0282555282555283,-0.0365408038976857,26930
2016-09-30,"El Centro, CA","CA",222,1118,-0.0184372256365233,-0.0378657487091222,-0.0158450704225352,33250
2016-09-30,"Terre Haute, IN","IN",223,750,0.00401606425702811,-0.0196078431372549,-0.0221642764015645,56563
2016-09-30,"Muskegon, MI","MI",224,808,0.0319284802043423,0.00497512437810945,-0.0744558991981672,60556
2016-09-30,"East Stroudsburg, PA","PA",225,1195,0.00420168067226891,-0.00416666666666667,-0.0212940212940213,69938
2016-09-30,"Sioux City, IA","IA",226,1039,0,0.0136585365853659,0.0410821643286573,50168
2016-09-30,"Greenville, NC","NC",227,1026,0.00984251968503937,0.0219123505976096,0.027027027027027,49740
2016-09-30,"Oshkosh, WI","WI",228,950,0.00422832980972516,-0.0345528455284553,-0.0461847389558233,31645
2016-09-30,"Yuba City, CA","CA",229,1343,0.0105342362678706,0.0220700152207002,0.0330769230769231,42050
2016-09-30,"Abilene, TX","TX",230,1036,-0.00288739172281039,-0.0105062082139446,-0.0335820895522388,46675
2016-09-30,"Columbia, MO","MO",231,1170,-0.00170648464163823,-0.0143218197135636,0.00343053173241852,39505
2016-09-30,"Dover, DE","DE",232,1267,0.00237341772151899,-0.00860719874804382,0.00555555555555556,42625
2016-09-30,"Eau Claire, WI","WI",233,1137,-0.00263157894736842,-0.0147313691507799,0.135864135864136,44975
2016-09-30,"Jackson, MI","MI",234,858,-0.0126582278481013,-0.0456062291434928,-0.154679802955665,57825
2016-09-30,"Punta Gorda, FL","FL",235,1634,0.00245398773006135,0.0193387398627573,0.0644951140065147,83741
2016-09-30,"Bloomington, IN","IN",236,1189,0,0.00422297297297297,0.0179794520547945,50374
2016-09-30,"Pueblo, CO","CO",237,1084,0.00184842883548983,-0.000921658986175115,0.097165991902834,53910
2016-09-30,"Billings, MT","MT",238,1280,-0.00233826968043648,-0.0062111801242236,0.0264635124298316,50486
2016-09-30,"Bowling Green, KY","KY",239,1091,0.00925069380203515,0.000917431192660551,0.00460405156537753,34367
2016-09-30,"Bend, OR","OR",240,1656,0.00120918984280532,0.00975609756097561,0.035,55901
2016-09-30,"Albany, GA","GA",241,891,-0.00668896321070234,-0.0165562913907285,-0.0336225596529284,34442
2016-09-30,"Vineland, NJ","NJ",242,1232,0.00244100895036615,-0.00484652665589661,0.0249584026622296,42715
2016-09-30,"Ottawa, IL","IL",243,1163,-0.00428082191780822,0.00172265288544358,0.0255731922398589,49968
2016-09-30,"State College, PA","PA",244,1485,-0.0106595602931379,-0.0191545574636724,-0.0287769784172662,29031
2016-09-30,"Alexandria, LA","LA",245,1101,-0.0204626334519573,-0.0384279475982533,-0.009000900090009,34817
2016-09-30,"Decatur, AL","AL",246,863,-0.00346420323325635,-0.0170842824601367,-0.0537280701754386,47577
2016-09-30,"Hanford, CA","CA",247,1168,-0.00595744680851064,-0.00848896434634975,0.0391459074733096,27115
2016-09-30,"Iowa City, IA","IA",248,1434,-0.00278164116828929,-0.0191518467852257,0.0272206303724928,47839
2016-09-30,"Monroe, MI","MI",249,1040,-0.00857959961868446,-0.040590405904059,-0.0519598906107566,56786
2016-09-30,"Wichita Falls, TX","TX",250,893,-0.00445930880713489,-0.0272331154684096,-0.055026455026455,42916
2016-09-30,"Burlington, NC","NC",251,949,0.00211193241816262,0.0160599571734475,0.0149732620320856,48057
2016-09-30,"Madera, CA","CA",252,1199,-0.00166527893422148,-0.00827129859387924,0.0204255319148936,35550
2016-09-30,"Jefferson City, MO","MO",253,902,-0.0077007700770077,-0.0066079295154185,0.0815347721822542,37064
2016-09-30,"Chambersburg, PA","PA",254,1182,0.00767263427109974,0.0260416666666667,0.0224913494809689,40080
2016-09-30,"Texarkana, TX","TX",255,898,0.0158371040723982,0.00335195530726257,-0.00443458980044346,35045
2016-09-30,"Elizabethtown, KY","KY",256,991,0,-0.00601805416248746,-0.0188118811881188,32792
2016-09-30,"Florence, AL","AL",257,875,-0.0179573512906846,-0.0190582959641256,-0.0520043336944745,52047
2016-09-30,"Grand Junction, CO","CO",258,1169,0,-0.00255972696245734,0.000856164383561644,47807
2016-09-30,"Concord, NH","NH",259,1469,-0.00135961930659415,-0.0277961614824619,-0.0277961614824619,46534
2016-09-30,"Dothan, AL","AL",260,890,-0.00224215246636771,-0.0176600441501104,-0.0521831735889244,37354
2016-09-30,"Santa Fe, NM","NM",261,1782,-0.00834724540901502,-0.025164113785558,0.0050761421319797,54147
2016-09-30,"Traverse City, MI","MI",262,1216,-0.00815660685154975,-0.0272,0.0313825275657337,79619
2016-09-30,"Hattiesburg, MS","MS",263,1146,-0.0112165660051769,-0.0337268128161889,-0.00693240901213172,38282
2016-09-30,"Dalton, GA","GA",264,959,-0.0072463768115942,-0.0154004106776181,-0.00104166666666667,35440
2016-09-30,"Greensboro, NC","NC",265,958,-0.00208333333333333,0.0031413612565445,0.00630252100840336,252295
2016-09-30,"Homosassa Springs, FL","FL",266,1103,-0.0116487455197133,-0.0116487455197133,0.13360739979445,55700
2016-09-30,"Auburn, AL","AL",267,1294,-0.0023130300693909,0.00154798761609907,0.0427074939564867,28968
2016-09-30,"Valdosta, GA","GA",268,947,-0.00210748155953635,-0.0125130344108446,-0.0385786802030457,30363
2016-09-30,"Coeur d'Alene, ID","ID",269,1335,0.00602863602110023,0.0152091254752852,0.0528391167192429,51246
2016-09-30,"Springfield, OH","OH",270,815,0.00617283950617284,0.0303413400758533,0.0954301075268817,43979
2016-09-30,"St. George, UT","UT",271,1334,0.000750187546886722,-0.00149700598802395,0.0317092034029389,52627
2016-09-30,"Vero Beach, FL","FL",272,1430,0.00562587904360056,0.0236220472440945,0.0891089108910891,63686
2016-09-30,"Napa, CA","CA",273,2631,-0.00641993957703928,-0.00716981132075472,0.00419847328244275,30195
2016-09-30,"Tupelo, MS","MS",274,1106,0.000904977375565611,0.0212373037857802,0.0573613766730402,33967
2016-09-30,"Battle Creek, MI","MI",275,875,-0.0245261984392419,-0.063169164882227,-0.0789473684210526,42376
2016-09-30,"Eureka, CA","CA",276,1286,0.0031201248049922,-0.0145593869731801,-0.149470899470899,28870
2016-09-30,"Rapid City, SD","SD",277,1312,-0.0127915726109857,-0.0485859318346628,-0.0245353159851301,22888
2016-09-30,"Lumberton, NC","NC",278,814,-0.00610500610500611,-0.0180940892641737,0.001230012300123,16149
2016-09-30,"Wausau, WI","WI",279,1032,0.0177514792899408,0.030969030969031,0.0897571277719113,51110
2016-09-30,"Lebanon, PA","PA",280,1062,-0.0238970588235294,-0.0389140271493213,0.0270793036750484,35753
2016-09-30,"Idaho Falls, ID","ID",281,1063,0.00188501413760603,-0.00093984962406015,0.0340466926070039,38543
2016-09-30,"Sierra Vista, AZ","AZ",282,879,-0.00340136054421769,-0.0112485939257593,-0.0456026058631922,34300
2016-09-30,"Pittsfield, MA","MA",283,1484,0,-0.0230414746543779,0.0171350239890336,45071
2016-09-30,"Lawton, OK","OK",284,695,-0.00429799426934097,-0.0293296089385475,-0.0646029609690444,39175
2016-09-30,"Farmington, NM","NM",285,1172,-0.00170357751277683,-0.0151260504201681,-0.0281923714759536,24025
2016-09-30,"Jackson, TN","TN",286,902,-0.00110741971207087,-0.0109649122807018,0.0636792452830189,53211
2016-09-30,"Morgantown, WV","WV",287,985,-0.0080563947633434,-0.0324165029469548,-0.122103386809269,46381
2016-09-30,"Winchester, VA","VA",288,1328,-0.003003003003003,-0.0104321907600596,-0.0119047619047619,40404
2016-09-30,"New Bern, NC","NC",289,1015,-0.00294695481335953,-0.0107212475633528,-0.0221579961464355,35908
2016-09-30,"Logan, UT","UT",290,1049,0.00671785028790787,0,0.0814432989690722,2233
2016-09-30,"Harrisonburg, VA","VA",291,1131,0,-0.00615114235500879,0.0395220588235294,27555
2016-09-30,"Beckley, WV","WV",292,777,-0.02875,-0.0738974970202622,-0.12989921612542,39566
2016-09-30,"Mansfield, OH","OH",293,814,-0.027479091995221,-0.0355450236966825,0.0955585464333782,38576
2016-09-30,"Weirton, OH","OH",294,710,0.00282485875706215,-0.0247252747252747,-0.0608465608465608,43000
2016-09-30,"Goldsboro, NC","NC",295,818,0.00491400491400491,0.00368098159509202,0.0123762376237624,7630
2016-09-30,"Augusta, ME","ME",296,1119,0.0228519195612431,0.0832526621490804,0.0256645279560037,30054
2016-09-30,"Hammond, LA","LA",297,1238,-0.00482315112540193,-0.00880704563650921,-0.0143312101910828,28734
2016-09-30,"Jonesboro, AR","AR",298,981,-0.0120845921450151,-0.0287128712871287,0.0326315789473684,35087
2016-09-30,"Sherman, TX","TX",299,1065,-0.0138888888888889,-0.0474060822898032,-0.0193370165745856,41005
2016-09-30,"Anniston, AL","AL",300,770,-0.00259067357512953,0,0.00260416666666667,37962
2016-09-30,"Staunton, VA","VA",301,1188,-0.0165562913907285,-0.0364963503649635,-0.0403877221324717,37562
2016-09-30,"Muncie, IN","IN",302,852,-0.00930232558139535,-0.00350877192982456,0.0570719602977668,39053
2016-09-30,"Mount Vernon, WA","WA",303,1465,-0.00543109300746775,-0.0387139107611549,0.0382707299787385,47527
2016-09-30,"Albany, OR","OR",304,1194,-0.00417014178482068,-0.0107705053852527,0.0557029177718833,29065
2016-09-30,"Watertown, NY","NY",305,1189,0.0076271186440678,-0.00251677852348993,-0.0403551251008878,24779
2016-09-30,"Williamsport, PA","PA",306,1017,0.00593471810089021,-0.0135790494665373,-0.0314285714285714,30914
2016-09-30,"Cleveland, TN","TN",307,888,-0.0100334448160535,-0.0553191489361702,-0.0797927461139896,48468
2016-09-30,"Sheboygan, WI","WI",308,1093,-0.00182648401826484,-0.00455373406193078,0.0489443378119002,35808
2016-09-30,"Owensboro, KY","KY",309,929,0.00107758620689655,-0.00853788687299893,0.0141921397379913,31242
2016-09-30,"Dunn, NC","NC",310,1101,-0.00452079566003617,-0.022202486678508,-0.0308098591549296,21074
2016-09-30,"Wooster, OH","OH",311,1158,-0.00429922613929493,-0.00940975192472198,-0.00940975192472198,30680
2016-09-30,"Morristown, TN","TN",312,956,0.00737618545837724,0.00420168067226891,0.0191897654584222,44421
2016-09-30,"Kankakee, IL","IL",313,1158,0.00871080139372822,0.0247787610619469,-0.0169779286926995,33443
2016-09-30,"Brunswick, GA","GA",314,1238,-0.0135458167330677,-0.0174603174603175,-0.0182394924662966,35563
2016-09-30,"San Angelo, TX","TX",315,1173,-0.0200501253132832,-0.0570739549839228,-0.0502024291497976,29313
2016-09-30,"Michigan City, IN","IN",316,1095,0.0129509713228492,0.0320452403393025,0.106060606060606,65606
2016-09-30,"Wenatchee, WA","WA",317,1527,0,0.00992063492063492,0.0876068376068376,38653
2016-09-30,"Lawrence, KS","KS",318,1382,-0.00216606498194946,0.00436046511627907,0.0398796087283672,23817
2016-09-30,"Decatur, IL","IL",319,885,-0.0144766146993318,-0.0411700975081257,-0.0969387755102041,40701
2016-09-30,"Missoula, MT","MT",320,1319,0.00840978593272171,0.0264591439688716,0.0535143769968051,34047
2016-09-30,"Salem, OH","OH",321,854,0.00117233294255569,-0.0115740740740741,-0.0404494382022472,32294
2016-09-30,"Lewiston, ME","ME",322,1125,0,0.0180995475113122,-0.0417376490630324,25943
2016-09-30,"Roseburg, OR","OR",323,939,0.00320512820512821,0.0107642626480086,0.0634201585503964,30473
2016-09-30,"Sumter, SC","SC",324,797,-0.011166253101737,-0.0489260143198091,-0.0828538550057537,48683
2016-09-30,"Meridian, MS","MS",325,1011,-0.0184466019417476,-0.026948989412897,0.011,29257
2016-09-30,"Danville, VA","VA",326,925,-0.00857449088960343,-0.0273396424815983,-0.0159574468085106,35266
2016-09-30,"Lima, OH","OH",327,908,0.00110253583241455,0.00442477876106195,0.00442477876106195,33129
2016-09-30,"Cookeville, TN","TN",328,985,0.00407747196738022,0.0175619834710744,0.0133744855967078,41000
2016-09-30,"California-Lexington Park, MD","MD",329,1559,-0.00255918106206014,-0.0120405576679341,-0.0188797986154814,44757
2016-09-30,"Cumberland, MD","MD",330,1115,-0.00888888888888889,-0.00268336314847943,-0.0321180555555556,43887
2016-09-30,"Longview, WA","WA",331,1268,0.00157977883096367,-0.00782472613458529,0.024232633279483,29581
2016-09-30,"Whitewater, WI","WI",332,1282,-0.00543056633048875,-0.0418535127055306,-0.107863604732081,54401
2016-09-30,"Fond du Lac, WI","WI",333,889,0.00908059023836549,0.0520710059171598,-0.0420258620689655,37142
2016-09-30,"Ithaca, NY","NY",334,1696,-0.0116550116550117,-0.0145264381173736,-0.0185185185185185,17204
2016-09-30,"Ashtabula, OH","OH",335,945,0.00212089077412513,0.00105932203389831,-0.00105708245243129,31614
2016-09-30,"Gettysburg, PA","PA",336,1217,0.00412541254125413,-0.00409165302782324,-0.00245901639344262,42619
2016-09-30,"Pine Bluff, AR","AR",337,781,-0.0138888888888889,-0.0176100628930818,-0.0176100628930818,21581
2016-09-30,"Tullahoma, TN","TN",338,1085,0,0.014018691588785,0.0462873674059788,36365
2016-09-30,"Richmond, KY","KY",339,997,0.0101317122593718,0.00504032258064516,0.101657458563536,23152
2016-09-30,"Adrian, MI","MI",340,974,-0.0220883534136546,-0.026973026973027,-0.0111675126903553,43784
2016-09-30,"Twin Falls, ID","ID",341,1097,0.00182648401826484,-0.00453720508166969,0.0807881773399015,25664
2016-09-30,"Corning, NY","NY",342,1327,-0.00673652694610778,-0.0104399701715138,-0.018491124260355,24722
2016-09-30,"Sebring, FL","FL",343,949,-0.00419727177334732,-0.016580310880829,0.0735294117647059,37268
2016-09-30,"Truckee, CA","CA",344,1884,0.0194805194805195,0.0228013029315961,0.0909090909090909,41108
2016-09-30,"Paducah, KY","KY",345,1003,-0.00199004975124378,-0.0118226600985222,-0.0176297747306562,18421
2016-09-30,"Grand Forks, ND","ND",346,1266,-0.00471698113207547,-0.00938967136150235,0.0292682926829268,13234
2016-09-30,"Mankato, MN","MN",347,1348,0,0,0.0266565118050267,18996
2016-09-30,"Rome, GA","GA",348,1045,-0.00570884871550904,0.00287907869481766,0.0988433228180862,22677
2016-09-30,"Cape Girardeau, MO","MO",349,889,-0.0078125,-0.0209251101321586,-0.0592592592592593,34305
2016-09-30,"Hot Springs, AR","AR",350,1063,0.021133525456292,0.0472906403940887,0.0411361410381978,28368
2016-09-30,"Greenwood, SC","SC",351,1023,0,-0.00389483933787731,-0.0009765625,1416
2016-09-30,"Sunbury, PA","PA",352,1024,0.000977517106549365,-0.00485908649173955,0.00886699507389163,38608
2016-09-30,"Clarksburg, WV","WV",353,942,-0.00946372239747634,-0.0318602261048304,0.0118152524167562,29098
2016-09-30,"Talladega, AL","AL",354,997,0.00201005025125628,-0.00100200400801603,-0.0263671875,22799
2016-09-30,"Dubuque, IA","IA",355,1118,-0.0123674911660777,-0.0192982456140351,-0.0533446232006774,34266
2016-09-30,"Albertville, AL","AL",356,932,-0.00214132762312634,-0.00639658848614072,-0.0301768990634755,32718
2016-09-30,"Manhattan, KS","KS",357,1282,-0.0046583850931677,-0.0153609831029186,0.0015625,20571
2016-09-30,"New Philadelphia, OH","OH",358,1025,0.0009765625,0,0,27891
2016-09-30,"Orangeburg, SC","SC",359,896,-0.00665188470066519,-0.0365591397849462,-0.072463768115942,22798
2016-09-30,"Brainerd, MN","MN",360,1275,0.00235849056603774,0.00157109190887667,0.0315533980582524,42166
2016-09-30,"Kalispell, MT","MT",361,1464,-0.00136425648021828,0.0324400564174894,0.283085013146363,17661
2016-09-30,"Sevierville, TN","TN",362,1140,0.0205908683974933,0.0178571428571429,0.00974313551815766,47440
2016-09-30,"Ames, IA","IA",363,1203,0.000831946755407654,-0.00578512396694215,-0.0913897280966767,27305
2016-09-30,"Bozeman, MT","MT",364,1542,-0.00258732212160414,-0.00451904454486766,0.0805886475122635,18229
2016-09-30,"Moses Lake, WA","WA",365,936,-0.00106723585912487,0.00429184549356223,0.0505050505050505,23503
2016-09-30,"Meadville, PA","PA",366,1038,-0.0104861773117255,-0.0415512465373961,-0.05032021957914,21381
2016-09-30,"Hermiston-Pendleton, OR","OR",367,1130,-0.014821272885789,-0.0374787052810903,0.0531220876048462,19338
2016-09-30,"Zanesville, OH","OH",368,835,0.00360576923076923,0.0121212121212121,0.00240096038415366,26746
2016-09-30,"Corvallis, OR","OR",369,1798,-0.00553097345132743,0.00728291316526611,0.0811785929043896,22445
2016-09-30,"Bloomsburg, PA","PA",370,1150,-0.00173611111111111,-0.0103270223752151,-0.0111779879621668,23315
2016-09-30,"Russellville, AR","AR",371,888,-0.00336700336700337,-0.0166112956810631,-0.00112485939257593,22864
2016-09-30,"Pocatello, ID","ID",372,921,0.00655737704918033,0.00108695652173913,-0.0264270613107822,18799
2016-09-30,"Kokomo, IN","IN",373,854,-0.0104287369640788,-0.024,0.0715181932245922,30977
2016-09-30,"Grants Pass, OR","OR",374,1291,-0.00308880308880309,-0.00385802469135802,0.0949957591178965,27695
2016-09-30,"Huntsville, TX","TX",375,1312,-0.00981132075471698,-0.0037965072133637,0.0139103554868624,9939
2016-09-30,"Plattsburgh, NY","NY",376,1602,0.00881612090680101,-0.00866336633663366,-0.0165745856353591,19412
2016-09-30,"Grand Island, NE","NE",377,1178,-0.00254022015241321,0.00597779675491033,0.00170068027210884,20922
2016-09-30,"DuBois, PA","PA",378,1000,0.00401606425702811,-0.00793650793650794,-0.050332383665717,22270
2016-09-30,"Great Falls, MT","MT",379,1215,-0.00164338537387017,0.00913621262458472,0.0483175150992235,25822
2016-09-30,"Olean, NY","NY",380,1268,-0.0109204368174727,-0.0185758513931889,-0.0635155096011817,22737
2016-09-30,"Auburn, NY","NY",381,1421,-0.00070323488045007,-0.00140548137737175,0.0186379928315412,19849
2016-09-30,"Portsmouth, OH","OH",382,878,0.00572737686139748,0.015028901734104,-0.0233592880978865,16096
2016-09-30,"Oak Harbor, WA","WA",383,1524,0.00927152317880795,0.0207635632953784,0.101156069364162,37138
2016-09-30,"Chillicothe, OH","OH",384,999,0.00200601805416249,0.0121580547112462,0.00100200400801603,18746
2016-09-30,"Hinesville, GA","GA",385,1021,-0.00195503421309873,-0.0229665071770335,-0.0201535508637236,13504
2016-09-30,"Somerset, PA","PA",386,1010,0.000991080277502478,0,0.0285132382892057,16446
2016-09-30,"Stillwater, OK","OK",387,1125,-0.0105540897097625,-0.0225890529973936,0.0245901639344262,13370
2016-09-30,"Quincy, IL","IL",388,1190,-0.00667779632721202,-0.0253890253890254,0.0214592274678112,21752
2016-09-30,"Keene, NH","NH",389,1402,-0.000712758374910905,-0.00918727915194346,0.0346863468634686,17224
2016-09-30,"Sandusky, OH","OH",390,1099,-0.00722673893405601,-0.0248447204968944,-0.0525862068965517,28481
2016-09-30,"Searcy, AR","AR",391,884,0.00226757369614512,0.00683371298405467,-0.0359869138495093,22627
2016-09-30,"Columbus, IN","IN",392,1218,-0.00408830744071954,-0.00895036615134255,0.0637554585152838,26343
2016-09-30,"Roanoke Rapids, NC","NC",393,814,-0.00731707317073171,-0.0251497005988024,-0.038961038961039,13730
2016-09-30,"Centralia, WA","WA",394,1011,-0.0155793573515093,-0.0380589914367269,-0.0146198830409357,22859
2016-09-30,"Casper, WY","WY",395,1220,-0.0129449838187702,-0.037095501183899,-0.0929368029739777,24449
2016-09-30,"Helena, MT","MT",396,1188,0.00337837837837838,0.0102040816326531,-0.0286181520850368,11090
2016-09-30,"Wisconsin Rapids-Marshfield, WI","WI",397,915,-0.00759219088937093,-0.0213903743315508,0.00219058050383352,22621
2016-09-30,"Palatka, FL","FL",398,1058,0.00570342205323194,0.0124401913875598,0.0321951219512195,16812
2016-09-30,"Seneca, SC","SC",399,1043,0.0155793573515093,0.0265748031496063,0.0524722502522704,28168
2016-09-30,"Mount Airy, NC","NC",400,956,-0.00623700623700624,-0.0184804928131417,-0.0194871794871795,11229
2016-09-30,"Key West, FL","FL",401,3158,-0.0183400683866957,-0.0389531345100426,-0.00847723704866562,36982
2016-09-30,"Aberdeen, WA","WA",402,885,-0.00337837837837838,0.00113122171945701,0.00454029511918275,29868
2016-09-30,"Gallup, NM","NM",403,1083,-0.00459558823529412,-0.010054844606947,-0.0118613138686131,3134
2016-09-30,"Port Angeles, WA","WA",404,1337,-0.00298284862043251,-0.0255102040816327,0.0380434782608696,23996
2016-09-30,"Greenfield Town, MA","MA",405,1734,-0.00230149597238205,-0.00172711571675302,0.0212014134275618,22030
2016-09-30,"Muskogee, OK","OK",406,778,-0.0076530612244898,-0.0189155107187894,0.0169934640522876,31801
2016-09-30,"Frankfort, KY","KY",407,985,0.00203458799593082,0.00407747196738022,0.0228452751817238,20311
2016-09-30,"Statesboro, GA","GA",408,1077,-0.00554016620498615,-0.0297297297297297,-0.0593886462882096,14205
2016-09-30,"Marion, IN","IN",409,764,-0.00520833333333333,-0.0129198966408269,0,25185
2016-09-30,"Shawnee, OK","OK",410,865,-0.00230680507497117,-0.0114285714285714,-0.0148063781321185,30007
2016-09-30,"North Wilkesboro, NC","NC",411,999,-0.001998001998002,-0.0029940119760479,0.00100200400801603,16572
2016-09-30,"Richmond, IN","IN",412,787,0,-0.00631313131313131,-0.022360248447205,26290
2016-09-30,"Greeneville, TN","TN",413,808,0.00123915737298637,-0.0170316301703163,-0.0253317249698432,40854
2016-09-30,"Martinsville, VA","VA",414,943,-0.00632244467860906,-0.0367722165474974,-0.062624254473161,21322
2016-09-30,"Forest City, NC","NC",415,895,0.00223964165733483,0.00336322869955157,0.0431235431235431,42607
2016-09-30,"Lake City, FL","FL",416,1132,-0.011353711790393,-0.0190641247833622,-0.0173611111111111,13322
2016-09-30,"LaGrange, GA","GA",417,796,0.00759493670886076,0.00632111251580278,-0.0136307311028501,26237
2016-09-30,"Marion, OH","OH",418,851,-0.00351288056206089,-0.0104651162790698,-0.0252004581901489,19749
2016-09-30,"Morehead City, NC","NC",419,1221,0.00493827160493827,0.00909090909090909,-0.00731707317073171,34371
2016-09-30,"Klamath Falls, OR","OR",420,921,0.00545851528384279,0.0348314606741573,0.0734265734265734,22755
2016-09-30,"Roswell, NM","NM",421,923,-0.0107181136120043,-0.0335078534031414,-0.073293172690763,15189
2016-09-30,"Charleston, IL","IL",422,1239,-0.0103833865814696,-0.0350467289719626,0.0106035889070147,20188
2016-09-30,"Hobbs, NM","NM",423,988,-0.00101112234580384,-0.0139720558882236,-0.05,23617
2016-09-30,"Clearlake, CA","CA",424,1331,0.00757002271006813,0.00757002271006813,0.0918785890073831,20939
2016-09-30,"Hutchinson, KS","KS",425,760,-0.0104166666666667,0.00396301188903567,-0.0428211586901763,21219
2016-09-30,"Faribault, MN","MN",426,1310,0.00460122699386503,0.0108024691358025,0.0339384372533544,34189
2016-09-30,"Elizabeth City, NC","NC",427,1097,0.00365965233302836,-0.0081374321880651,-0.0309187279151943,16838
2016-09-30,"Alamogordo, NM","NM",428,889,0.00112612612612613,-0.00112359550561798,-0.0284153005464481,12865
2016-09-30,"Red Bluff, CA","CA",429,1118,0.00539568345323741,0.0266299357208448,0.0163636363636364,11119
2016-09-30,"Hudson, NY","NY",430,1488,-0.008,-0.039380245319561,-0.0106382978723404,18490
2016-09-30,"Coos Bay, OR","OR",431,1194,0.00420521446593776,0.0248927038626609,0.16147859922179,20154
2016-09-30,"Walla Walla, WA","WA",432,1264,-0.00706991358994501,-0.0171073094867807,-0.0171073094867807,13657
2016-09-30,"Sayre, PA","PA",433,1090,-0.00183150183150183,-0.00728597449908925,-0.0587219343696028,19619
2016-09-30,"Oneonta, NY","NY",434,1192,-0.037156704361874,-0.0976532929598789,-0.147353361945637,16027
2016-09-30,"Baraboo, WI","WI",435,1151,-0.00946643717728055,-0.0327731092436975,-0.00946643717728055,20066
2016-09-30,"Marietta, OH","OH",436,1048,-0.00474833808167141,-0.00663507109004739,-0.0314232902033272,13856
2016-09-30,"Salina, KS","KS",437,857,-0.0183276059564719,-0.0633879781420765,0.0425790754257908,20056
2016-09-30,"Rutland, VT","VT",438,1461,-0.0285904255319149,-0.0664536741214058,-0.01417004048583,20704
2016-09-30,"Big Stone Gap, VA","VA",439,927,0.00870511425462459,0.00870511425462459,-0.0159235668789809,6069
2016-09-30,"Sturgis, MI","MI",440,959,-0.00104166666666667,-0.00208116545265349,0,22191
2016-09-30,"Fremont, OH","OH",441,992,-0.00601202404809619,-0.00899100899100899,-0.0303030303030303,17373
2016-09-30,"Mount Vernon, OH","OH",442,1120,-0.00444444444444444,-0.00444444444444444,0.00178890876565295,13160
2016-09-30,"Lewiston, ID","ID",443,1201,0.00334168755221387,0.0177966101694915,0.0988106129917658,18591
2016-09-30,"Shelton, WA","WA",444,1120,0,-0.00355871886120996,-0.0218340611353712,21316
2016-09-30,"Albemarle, NC","NC",445,1026,0.00293255131964809,0.00293255131964809,0.00785854616895874,20998
2016-09-30,"Enid, OK","OK",446,1026,-0.012512030798845,-0.0293282876064333,-0.0638686131386861,16552
2016-09-30,"Jefferson, GA","GA",447,1293,0.00232558139534884,0.017309205350118,0.0461165048543689,18115
2016-09-30,"Georgetown, SC","SC",448,1407,0.00715819613457409,0.0262582056892779,0.0594879518072289,24577
2016-09-30,"Laconia, NH","NH",449,1386,-0.000720980533525595,0.032017870439315,0.0991276764472641,30942
2016-09-30,"Batavia, NY","NY",450,1407,0.000711237553342817,0.00715819613457409,0.00860215053763441,14914
2016-09-30,"Oxford, NC","NC",451,1119,0.00358744394618834,0.00810810810810811,0.0284926470588235,14848
2016-09-30,"Columbus, MS","MS",452,1136,0.00709219858156028,0.0215827338129496,0.112634671890304,12740
2016-09-30,"Barre, VT","VT",453,1479,-0.00135043889264011,0.00886766712141883,-0.025049439683586,17483
2016-09-30,"Kinston, NC","NC",454,878,-0.00340522133938706,-0.0167973124300112,-0.0123734533183352,10259
2016-09-30,"Sterling, IL","IL",455,1130,-0.00615655233069481,-0.0333618477331052,-0.00440528634361234,21368
2016-09-30,"Palestine, TX","TX",456,1157,-0.00601374570446736,-0.0203217612193057,0.0470588235294118,8313
2016-09-30,"Dublin, GA","GA",457,926,0,-0.0043010752688172,-0.00856531049250535,13942
2016-09-30,"Vicksburg, MS","MS",458,1049,-0.0187090739008419,-0.0437556973564266,-0.0600358422939068,12789
2016-09-30,"Point Pleasant, WV","WV",459,908,-0.00981461286804798,-0.0257510729613734,-0.0590673575129534,16199
2016-09-30,"Sanford, NC","NC",460,963,-0.0082389289392379,-0.00721649484536082,0.00521920668058455,20228
2016-09-30,"Fergus Falls, MN","MN",461,1302,-0.00988593155893536,-0.0217881292261458,0.0163934426229508,29278
2016-09-30,"Tiffin, OH","OH",462,941,-0.00106157112526539,-0.00317796610169492,-0.0115546218487395,16574
2016-09-30,"Fairmont, WV","WV",463,884,-0.0122905027932961,-0.0412147505422994,-0.0575692963752665,18319
2016-09-30,"Crossville, TN","TN",464,904,0.00556173526140156,0.0111856823266219,0.0402761795166858,63061
2016-09-30,"Picayune, MS","MS",465,1157,-0.00771869639794168,-0.0178268251273345,0.0113636363636364,7574
2016-09-30,"Gloversville, NY","NY",466,1439,-0.0184174624829468,-0.0283592167454423,0.00699790062981106,14991
2016-09-30,"Sonora, CA","CA",467,1392,0.0108932461873638,0.0197802197802198,0.0481927710843374,19555
2016-09-30,"Carson City, NV","NV",468,1364,0.0126206384558278,0.0396341463414634,0.0894568690095847,13876
2016-09-30,"Calhoun, GA","GA",469,1024,-0.00389105058365759,-0.0115830115830116,0.0438328236493374,15384
2016-09-30,"Milledgeville, GA","GA",470,997,-0.00894632206759443,-0.0225490196078431,-0.0118929633300297,9028
2016-09-30,"Waycross, GA","GA",471,889,-0.00336322869955157,-0.0133185349611543,-0.053248136315229,11661
2016-09-30,"Morgan City, LA","LA",472,1196,-0.00911350455675228,-0.0172555464256368,-0.152974504249292,10694
2016-09-30,"Eagle Pass, TX","TX",473,1139,-0.00349956255468067,-0.0189491817398794,-0.0078397212543554,11606
2016-09-30,"Ontario, OR","OR",474,1088,0.00184162062615101,0.010213556174559,0.0890890890890891,13654
2016-09-30,"Carlsbad, NM","NM",475,1149,0.007011393514461,0.0195208518189885,0.0880681818181818,13108
2016-09-30,"Payson, AZ","AZ",476,1186,0.00168918918918919,0.00253592561284869,0.0331010452961672,19007
2016-09-30,"McComb, MS","MS",477,904,0.00332963374028857,0.00444444444444444,-0.0382978723404255,8052
2016-09-30,"Rochelle, IL","IL",478,1322,-0.00973782771535581,-0.0207407407407407,0.00227445034116755,17060
2016-09-30,"Scottsboro, AL","AL",479,930,-0.0106382978723404,-0.0342679127725857,-0.0158730158730159,7430
2016-09-30,"Danville, KY","KY",480,897,-0.00222469410456062,-0.0142857142857143,0.00335570469798658,12432
2016-09-30,"Greenville, OH","OH",481,1073,-0.00923361034164358,-0.0200913242009132,-0.0402504472271914,13705
2016-09-30,"Warrensburg, MO","MO",482,1134,-0.00176056338028169,-0.00351493848857645,0.0413223140495868,10814
2016-09-30,"Fort Polk South, LA","LA",483,1093,0.000915750915750916,0.0111008325624422,0.0479386385426654,9874
2016-09-30,"Fort Leonard Wood, MO","MO",484,979,0,-0.0190380761523046,-0.0640535372848948,5102
2016-09-30,"Glasgow, KY","KY",485,906,0.00554938956714761,-0.00657894736842105,0.0100334448160535,11257
2016-09-30,"Athens, TN","TN",486,1032,0.00291545189504373,0.0217821782178218,0.0584615384615385,17551
2016-09-30,"Edwards, CO","CO",487,3447,0.00378567268491555,0.0198224852071006,0.0956770502225048,27866
2016-09-30,"Fernley, NV","NV",488,1160,0.00694444444444444,0.0256410256410256,0.137254901960784,14020
2016-09-30,"Mason City, IA","IA",489,949,-0.0114583333333333,-0.00939457202505219,-0.0732421875,21918
2016-09-30,"Winona, MN","MN",490,1210,-0.00656814449917898,-0.034317637669593,-0.016260162601626,15949
2016-09-30,"Platteville, WI","WI",491,1032,-0.0114942528735632,-0.0470914127423823,-0.0702702702702703,10093
2016-09-30,"Boone, NC","NC",492,1269,0.00395569620253165,0.0176423416198877,-0.00392464678178964,22986
2016-09-30,"Bartlesville, OK","OK",493,953,-0.0103842159916926,-0.0295315682281059,-0.0215605749486653,21105
2016-09-30,"Jacksonville, TX","TX",494,1172,-0.00424808836023789,-0.0167785234899329,0.0427046263345196,7551
2016-09-30,"Elko, NV","NV",495,1356,-0.00440528634361234,-0.0416961130742049,-0.102581072137657,7818
2016-09-30,"Rexburg, ID","ID",496,962,-0.00310880829015544,-0.038961038961039,-0.030241935483871,13266
2016-09-30,"St. Marys, GA","GA",497,1133,0.00265486725663717,0.00800711743772242,0.0356489945155393,12526
2016-09-30,"Ozark, AL","AL",498,845,-0.00236127508854782,-0.0197215777262181,-0.043035107587769,13385
2016-09-30,"Amsterdam, NY","NY",499,1400,-0.00709219858156028,-0.0154711673699015,-0.0119971771347918,11104
2016-09-30,"Enterprise, AL","AL",500,886,0.00453514739229025,0.0102622576966933,-0.0285087719298246,17352
2016-09-30,"Kerrville, TX","TX",501,1403,0.00645624103299857,0.00573476702508961,0.0233406272793581,10409
2016-09-30,"New Castle, IN","IN",502,783,-0.00381679389312977,-0.0138539042821159,0,16406
2016-09-30,"Sidney, OH","OH",503,1122,-0.00443655723158829,-0.00443655723158829,-0.00355239786856128,12504
2016-09-30,"Cortland, NY","NY",504,1405,-0.00354609929078014,-0.000711237553342817,0.0240524781341108,10637
2016-09-30,"Clinton, IA","IA",505,981,-0.00909090909090909,-0.0363457760314342,-0.0814606741573034,18148
2016-09-30,"Del Rio, TX","TX",506,1188,-0.0050251256281407,-0.0198019801980198,0.0223752151462995,9379
2016-09-30,"Washington, NC","NC",507,1030,-0.00770712909441233,-0.0328638497652582,-0.0754039497307002,2770
2016-09-30,"Corsicana, TX","TX",508,1209,0.0075,0.0263157894736842,0.128851540616246,10221
2016-09-30,"Burlington, IA","IA",509,937,-0.0063626723223754,-0.0229405630865485,-0.0487309644670051,15529
2016-09-30,"Cadillac, MI","MI",510,884,-0.0111856823266219,-0.0144927536231884,0.0137614678899083,17727
2016-09-30,"Ardmore, OK","OK",511,887,-0.00560538116591928,-0.0155382907880133,-0.0421166306695464,19851
2016-09-30,"Kendallville, IN","IN",512,1029,-0.00387221684414327,-0.00387221684414327,0.0208333333333333,13899
2016-09-30,"Nogales, AZ","AZ",513,985,0.00203458799593082,-0.00202634245187437,0.00101626016260163,12660
2016-09-30,"Oxford, MS","MS",514,1336,-0.0140221402214022,-0.0219619326500732,-0.0169242089771891,10789
2016-09-30,"Gardnerville Ranchos, NV","NV",515,1680,0.00900900900900901,0.0181818181818182,0.0700636942675159,19101
2016-09-30,"Tahlequah, OK","OK",516,935,0.0108108108108108,0.0263446761800219,-0.0330920372285419,14459
2016-09-30,"Canon City, CO","CO",517,1153,-0.00603448275862069,-0.0119965724078835,0.132612966601179,14429
2016-09-30,"Ruston, LA","LA",518,1299,-0.00459770114942529,-0.0121673003802281,-0.0420353982300885,7748
2016-09-30,"Lewistown, PA","PA",519,1018,-0.00196078431372549,-0.0029382957884427,-0.0183220829315333,6975
2016-09-30,"Rockingham, NC","NC",520,853,-0.00117096018735363,-0.00350467289719626,0,410
2016-09-30,"Blytheville, AR","AR",521,777,-0.0012853470437018,-0.0263157894736842,-0.0880281690140845,7878
2016-09-30,"Red Wing, MN","MN",522,1337,-0.00149365197908887,-0.00742390497401633,0.00677710843373494,16079
2016-09-30,"Bedford, IN","IN",523,835,-0.0035799522673031,-0.0153301886792453,-0.0391254315304948,15743
2016-09-30,"Newport, OR","OR",524,1306,-0.000765110941086458,-0.00152905198776758,0.015552099533437,21661
2016-09-30,"Bellefontaine, OH","OH",525,1045,-0.00476190476190476,0,0.00287907869481766,15349
2016-09-30,"McAlester, OK","OK",526,883,-0.00450958286358512,-0.00338600451467269,-0.0253863134657837,14573
2016-09-30,"Blackfoot, ID","ID",527,989,0.00202634245187437,-0.00101010101010101,0.0388655462184874,11065
2016-09-30,"Henderson, NC","NC",528,911,-0.00328227571115974,-0.00870511425462459,0.0495391705069124,5275
2016-09-30,"Coldwater, MI","MI",529,958,0.00630252100840336,0.0169851380042463,0.0137566137566138,17004
2016-09-30,"Rolla, MO","MO",530,742,0.0027027027027027,-0.00934579439252336,0.0192307692307692,12896
2016-09-30,"Shelbyville, TN","TN",531,1102,0.00364298724954463,0.015668202764977,0.076171875,14285
2016-09-30,"Duncan, OK","OK",532,778,-0.00638569604086846,-0.0262828535669587,-0.0671462829736211,17246
2016-09-30,"Pullman, WA","WA",533,1264,0,0.0152610441767068,0.0812660393498717,6752
2016-09-30,"Bemidji, MN","MN",534,1245,-0.00559105431309904,-0.0227629513343799,-0.00160384923817161,9628
2016-09-30,"Pahrump, NV","NV",535,1202,-0.0033167495854063,-0.00414250207125104,0.0362068965517241,7947
2016-09-30,"Menomonie, WI","WI",536,1103,0.00363967242948135,-0.00898472596585804,0.0279589934762349,13163
2016-09-30,"Rock Springs, WY","WY",537,1331,-0.00745712155108128,-0.0546875,-0.0140740740740741,10953
2016-09-30,"Bucyrus, OH","OH",538,833,0.00120192307692308,0.00240673886883273,0.00482509047044632,15161
2016-09-30,"Bradford, PA","PA",539,999,-0.0049800796812749,-0.00695825049701789,0.0235655737704918,12493
2016-09-30,"Bardstown, KY","KY",540,1006,-0.00396039603960396,-0.00984251968503937,0.0151362260343088,12284
2016-09-30,"Cornelia, GA","GA",541,1067,0.00376293508936971,-0.00559179869524697,0.0369290573372206,20503
2016-09-30,"Muscatine, IA","IA",542,1123,-0.00707338638373121,-0.0251736111111111,-0.0368782161234991,12110
2016-09-30,"Alma, MI","MI",543,823,0.00365853658536585,0.01230012300123,0.00365853658536585,11135
2016-09-30,"Durant, OK","OK",544,912,0.00551267916207277,0.00662251655629139,0.0224215246636771,10325
2016-09-30,"Seymour, IN","IN",545,1005,0.003996003996004,0.0223804679552391,-0.0195121951219512,12464
2016-09-30,"Willmar, MN","MN",546,1269,-0.00781860828772478,-0.013986013986014,0.0160128102481986,13144
2016-09-30,"Auburn, IN","IN",547,1066,-0.00280636108512629,0,0.0309477756286267,10750
2016-09-30,"Paragould, AR","AR",548,908,-0.0021978021978022,-0.0141150922909881,0.0509259259259259,12733
2016-09-30,"Warren, PA","PA",549,1038,0,0.00386847195357834,-0.000962463907603465,11562
2016-09-30,"Mountain Home, AR","AR",550,984,0.00408163265306122,0.00716479017400205,0.0336134453781513,13213
2016-09-30,"Cedartown, GA","GA",551,903,0,-0.00769230769230769,-0.00986842105263158,14166
2016-09-30,"Port Clinton, OH","OH",552,1192,-0.000838222967309304,-0.00251046025104603,0,21813
2016-09-30,"El Campo, TX","TX",553,1280,-0.0015600624024961,-0.00311526479750779,0.00946372239747634,11879
2016-09-30,"Montrose, CO","CO",554,1150,0.00524475524475524,-0.0162532078699743,-0.00690846286701209,12083
2016-09-30,"Ellensburg, WA","WA",555,1391,0.0138483965014577,0.0303703703703704,0.0749613601236476,14714
2016-09-30,"Sandpoint, ID","ID",556,1299,0.0108949416342412,0.0212264150943396,0.0673788003286771,16382
2016-09-30,"Alice, TX","TX",557,1092,-0.00546448087431694,-0.0171017101710171,-0.0353356890459364,5204
2016-09-30,"Celina, OH","OH",558,1132,-0.00788781770376862,-0.0207612456747405,-0.0582362728785358,10810
2016-09-30,"Garden City, KS","KS",559,1059,-0.000943396226415094,-0.00656660412757974,-0.0203515263644773,9065
2016-09-30,"Marshalltown, IA","IA",560,957,-0.0113636363636364,-0.0184615384615385,-0.0496524329692155,16032
2016-09-30,"Cullowhee, NC","NC",561,1233,-0.0064464141821112,-0.0120192307692308,0.0292153589315526,16299
2016-09-30,"Espanola, NM","NM",562,1135,-0.00263620386643234,-0.0274207369323051,-0.024914089347079,580
2016-09-30,"Riverton, WY","WY",563,1137,-0.0273738237810094,-0.0687960687960688,-0.0517097581317765,9796
2016-09-30,"Tifton, GA","GA",564,1023,-0.00195121951219512,-0.00389483933787731,-0.0247855100095329,8067
2016-09-30,"Urbana, OH","OH",565,1048,-0.00663507109004739,-0.00851466414380322,-0.00474833808167141,11326
2016-09-30,"Okeechobee, FL","FL",566,1236,0.000809716599190283,0.0048780487804878,0.0600343053173242,7681
2016-09-30,"Selinsgrove, PA","PA",567,1207,-0.00412541254125413,-0.00740131578947368,-0.000827814569536424,8808
2016-09-30,"Natchitoches, LA","LA",568,1201,-0.00825763831544178,-0.0195918367346939,0.0126475548060708,7103
2016-09-30,"Berlin, NH","NH",569,1202,0.00923593618807725,0.0169204737732657,0.0987202925045704,15763
2016-09-30,"Lock Haven, PA","PA",570,884,-0.0166852057842047,-0.0615711252653928,-0.116,8935
2016-09-30,"Clewiston, FL","FL",571,1213,0.00413907284768212,0.0159128978224456,0.0584642233856894,5965
2016-09-30,"Pittsburg, KS","KS",572,644,0.00311526479750779,-0.0301204819277108,-0.182741116751269,12532
2016-09-30,"Logansport, IN","IN",573,769,-0.00259403372243839,-0.00774193548387097,0.0185430463576159,12207
2016-09-30,"Pontiac, IL","IL",574,1135,0.000881834215167548,-0.0147569444444444,-0.0282534246575342,12301
2016-09-30,"Mount Vernon, IL","IL",575,1076,-0.0137488542621448,-0.0452528837622005,-0.0128440366972477,11433
2016-09-30,"Houghton, MI","MI",576,896,-0.0121278941565601,-0.00775193798449612,0.0528789659224442,17814
2016-09-30,"Sault Ste. Marie, MI","MI",577,917,-0.00650054171180932,0.0188888888888889,0.0291806958473625,14449
2016-09-30,"Gainesville, TX","TX",578,1284,-0.0015552099533437,-0.00233100233100233,0.0346494762288477,10490
2016-09-30,"Kill Devil Hills, NC","NC",579,1447,-0.00412938747419133,-0.0143051771117166,0.014726507713885,11334
2016-09-30,"Crawfordsville, IN","IN",580,1013,0.00396432111000991,0.0109780439121757,0.0305188199389624,15958
2016-09-30,"Brownwood, TX","TX",581,910,-0.00328587075575027,-0.0130151843817787,-0.00979325353645267,13382
2016-09-30,"Stephenville, TX","TX",582,1282,-0.00233463035019455,-0.00773993808049536,0.0182684670373312,5497
2016-09-30,"Easton, MD","MD",583,1515,0.0133779264214047,0.0053085600530856,-0.109347442680776,18325
2016-09-30,"North Platte, NE","NE",584,1201,0,0.0117944397641112,0.00586264656616415,9747
2016-09-30,"Newberry, SC","SC",585,999,-0.00597014925373134,-0.001,-0.0792626728110599,18157
2016-09-30,"Ada, OK","OK",586,863,0.00582750582750583,0.00582750582750583,-0.0303370786516854,10629
2016-09-30,"Moscow, ID","ID",587,1232,0.0131578947368421,0.0467289719626168,0.0912311780336581,8821
2016-09-30,"Safford, AZ","AZ",588,1039,-0.000961538461538462,-0.0114176974310181,0.00775945683802134,6739
2016-09-30,"Murray, KY","KY",589,1008,0.00498504486540379,0.00598802395209581,-0.0107948969578018,6264
2016-09-30,"Huntington, IN","IN",590,898,-0.00883002207505519,-0.0131868131868132,0,12827
2016-09-30,"Mayfield, KY","KY",591,801,0.0113636363636364,0.00754716981132076,0.0484293193717278,554
2016-09-30,"Escanaba, MI","MI",592,916,-0.011866235167206,-0.00326441784548422,0.0540851553509781,21477
2016-09-30,"Astoria, OR","OR",593,1495,-0.0053226879574185,-0.00333333333333333,0.0543018335684062,15188
2016-09-30,"Peru, IN","IN",594,768,0,0,0.0131926121372032,10903
2016-09-30,"Coshocton, OH","OH",595,928,0,0.00760043431053203,-0.0117145899893504,7881
2016-09-30,"Newton, IA","IA",596,1094,-0.00905797101449275,-0.0205908683974933,-0.031858407079646,11973
2016-09-30,"Fremont, NE","NE",597,1153,-0.00431778929188256,-0.000866551126516464,0.0331541218637993,9662
2016-09-30,"Hutchinson, MN","MN",598,1229,-0.0032441200324412,-0.0136436597110754,0.0123558484349259,10972
2016-09-30,"Batesville, AR","AR",599,856,-0.00811123986095017,-0.0294784580498866,-0.0149597238204833,8233
2016-09-30,"Owatonna, MN","MN",600,1259,0.00318725099601594,0.000794912559618442,0.00159108989657916,12472
2016-09-30,"Vidalia, GA","GA",601,978,-0.00305810397553517,-0.00911854103343465,0.00928792569659443,6658
2016-09-30,"Summit Park, UT","UT",602,3143,-0.00158831003811944,-0.00695102685624013,0.0905621096460791,22458
2016-09-30,"Laramie, WY","WY",603,1234,0.00899427636958299,0.00406834825061025,-0.021411578112609,9916
2016-09-30,"Big Spring, TX","TX",604,1076,-0.00829493087557604,-0.0227066303360581,-0.0927487352445194,9855
2016-09-30,"Laurinburg, NC","NC",605,822,-0.00121506682867558,-0.017921146953405,0.00858895705521472,5492
2016-09-30,"Dixon, IL","IL",606,1178,-0.0125733445096396,-0.0383673469387755,-0.0304526748971193,10928
2016-09-30,"Alexandria, MN","MN",607,1346,0,0.00673148840688108,0.049103663289166,11222
2016-09-30,"De Ridder, LA","LA",608,1200,-0.00826446280991736,-0.0306946688206785,0.0291595197255575,7493
2016-09-30,"Lebanon, MO","MO",609,817,-0.0096969696969697,-0.0296912114014252,-0.0399529964747356,6775
2016-09-30,"Coffeyville, KS","KS",610,675,-0.00442477876106195,0.00596125186289121,-0.0519662921348315,12000
2016-09-30,"Seneca Falls, NY","NY",611,1355,-0.00513950073421439,-0.0123906705539359,-0.0145454545454545,8846
2016-09-30,"Sulphur Springs, TX","TX",612,1332,-0.00448430493273543,-0.014792899408284,-0.0198675496688742,6397
2016-09-30,"Martin, TN","TN",613,861,-0.00577367205542725,-0.0182440136830103,-0.0204778156996587,11786
2016-09-30,"Susanville, CA","CA",614,1218,0.00495049504950495,0.00995024875621891,0.0463917525773196,8173
2016-09-30,"Arcadia, FL","FL",615,1237,0.0032441200324412,0.0139344262295082,0.0599828620394173,6230
2016-09-30,"Junction City, KS","KS",616,1119,-0.00797872340425532,-0.0106100795755968,-0.06438127090301,8634
2016-09-30,"Butte, MT","MT",617,822,0.00488997555012225,-0.00484261501210654,-0.00963855421686747,11062
2016-09-30,"Angola, IN","IN",618,1142,-0.00262008733624454,-0.00522648083623693,0.0477064220183486,11731
2016-09-30,"Brenham, TX","TX",619,1421,-0.00210674157303371,-0.00698812019566737,0.0056617126680821,7835
2016-09-30,"Emporia, KS","KS",620,795,0.00505689001264223,0.00632911392405063,-0.0281173594132029,9002
2016-09-30,"Jackson, OH","OH",621,876,0.00343642611683849,0.00689655172413793,-0.0234113712374582,4745
2016-09-30,"Frankfort, IN","IN",622,904,-0.00110497237569061,0.00556173526140156,0.0390804597701149,11608
2016-09-30,"Taos, NM","NM",623,1248,0.0105263157894737,0.0263157894736842,0.0348258706467662,13973
2016-09-30,"Malvern, AR","AR",624,890,-0.0089086859688196,-0.00780379041248606,0.0348837209302326,7721
2016-09-30,"Troy, AL","AL",625,1023,-0.00872093023255814,-0.0135004821600771,0.0557275541795666,5453
2016-09-30,"Cambridge, MD","MD",626,1310,-0.00907715582450832,-0.0223880597014925,0,20114
2016-09-30,"Kingsville, TX","TX",627,1105,0,-0.0054005400540054,-0.0116279069767442,5716
2016-09-30,"Madison, IN","IN",628,894,-0.0132450331125828,-0.0335135135135135,-0.0418006430868167,8729
2016-09-30,"Hastings, NE","NE",629,1146,0.00174825174825175,0.0026246719160105,0.00526315789473684,7385
2016-09-30,"Albert Lea, MN","MN",630,1099,0.00182315405651778,0.00548947849954254,0.0701071080817916,12244
2016-09-30,"Lincoln, IL","IL",631,1025,-0.005819592628516,-0.0275142314990512,-0.0429505135387488,7609
2016-09-30,"Jesup, GA","GA",632,987,-0.00202224469160768,-0.00903614457831325,-0.0436046511627907,5956
2016-09-30,"Alpena, MI","MI",633,886,-0.00561167227833894,-0.00112739571589628,0.0338389731621937,14104
2016-09-30,"Silver City, NM","NM",634,994,0.00607287449392712,0.00913705583756345,-0.0168150346191889,7187
2016-09-30,"Las Vegas, NM","NM",635,1089,-0.01,-0.036283185840708,0.00833333333333333,573
2016-09-30,"McPherson, KS","KS",636,1043,0,-0.00855513307984791,-0.0113744075829384,8736
2016-09-30,"Washington Court House, OH","OH",637,978,0.00824742268041237,0.0240837696335078,-0.022977022977023,6839
2016-09-30,"Van Wert, OH","OH",638,915,-0.00218102508178844,-0.00218102508178844,-0.00326797385620915,8791
2016-09-30,"Ludington, MI","MI",639,988,-0.0149551345962114,-0.020812685827552,0.0455026455026455,15067
2016-09-30,"Hays, KS","KS",640,1173,0.000853242320819113,0.000853242320819113,0.0343915343915344,8101
2016-09-30,"Great Bend, KS","KS",641,754,-0.00789473684210526,-0.00396301188903567,-0.0245795601552393,9378
2016-09-30,"Weatherford, OK","OK",642,1019,-0.0183044315992293,-0.0422932330827068,-0.0926090828138914,8395
2016-09-30,"Grants, NM","NM",643,995,-0.00599400599400599,-0.0245098039215686,-0.0138751238850347,3864
2016-09-30,"Thomaston, GA","GA",644,864,0,0.00348432055749129,0.00934579439252336,8766
2016-09-30,"Mountain Home, ID","ID",645,924,-0.00538213132400431,-0.0263435194942044,-0.0294117647058823,8868
2016-09-30,"Altus, OK","OK",646,747,-0.00532623169107856,-0.0222513089005236,-0.0447570332480818,9065
2016-09-30,"Boone, IA","IA",647,1117,-0.00711111111111111,-0.0175901495162709,-0.00356824264049955,9375
2016-09-30,"Toccoa, GA","GA",648,959,-0.00311850311850312,-0.011340206185567,0.025668449197861,7009
2016-09-30,"Ottawa, KS","KS",649,915,0,-0.0150699677072121,0.0223463687150838,6571
2016-09-30,"Marshall, MN","MN",650,1169,-0.0118343195266272,-0.0298755186721992,0.00171379605826907,7659
2016-09-30,"La Grande, OR","OR",651,1241,-0.00560897435897436,-0.0266666666666667,0.0499153976311337,6593
2016-09-30,"Greensburg, IN","IN",652,1016,-0.00684261974584555,-0.00489715964740451,-0.0126336248785228,7984
2016-09-30,"Mexico, MO","MO",653,886,0,-0.00783874580067189,0.00339750849377123,6545
2016-09-30,"Moberly, MO","MO",654,824,-0.00483091787439614,-0.0119904076738609,-0.0178784266984505,6295
2016-09-30,"The Dalles, OR","OR",655,1280,0,-0.0046656298600311,0.0158730158730159,7401
2016-09-30,"Deming, NM","NM",656,873,-0.0157835400225479,-0.0406593406593407,-0.03,4001
2016-09-30,"Fallon, NV","NV",657,1178,-0.000848176420695505,-0.00506756756756757,0.07974335472044,5297
2016-09-30,"Fredericksburg, TX","TX",658,1783,-0.00167973124300112,-0.00944444444444444,0.0644776119402985,4182
2016-09-30,"Campbellsville, KY","KY",659,890,0.00225225225225225,-0.00335946248600224,0.0113636363636364,6421
2016-09-30,"Connersville, IN","IN",660,729,-0.00545702592087312,-0.0148648648648649,-0.0108548168249661,7983
2016-09-30,"Spearfish, SD","SD",661,1312,-0.0164917541229385,-0.0444282592862345,0.0412698412698413,5291
2016-09-30,"Steamboat Springs, CO","CO",662,2122,0.00283553875236295,0.019702066314272,0.0898818695428865,16758
2016-09-30,"Cordele, GA","GA",663,895,-0.00665926748057714,-0.0143171806167401,-0.0261153427638738,4519
2016-09-30,"Wahpeton, MN","MN",664,887,-0.0155382907880133,-0.0263446761800219,-0.0410810810810811,7736
2016-09-30,"Sterling, CO","CO",665,1209,-0.00738916256157635,-0.000826446280991736,-0.0138662316476346,5170
2016-09-30,"Pampa, TX","TX",666,1035,-0.0133460438512869,-0.0398886827458256,-0.084070796460177,5840
2016-09-30,"Brookings, OR","OR",667,1443,-0.00688231245698555,-0.00551343900758098,0.0874152223059533,7302
2016-09-30,"Hood River, OR","OR",668,1673,0.00299760191846523,-0.0118133490844654,0.0595313489550348,6671
2016-09-30,"Beatrice, NE","NE",669,1080,0.00185528756957328,0,0.0526315789473684,6008
2016-09-30,"Elk City, OK","OK",670,910,-0.0140845070422535,-0.0236051502145923,-0.117361784675073,6255
2016-09-30,"Dumas, TX","TX",671,1097,-0.00543970988213962,-0.0257548845470693,0.012927054478301,5276
2016-09-30,"Price, UT","UT",672,888,-0.0198675496688742,-0.0701570680628272,-0.273916598528209,7023
2016-09-30,"Worthington, MN","MN",673,1110,-0.0150842945874002,-0.0431034482758621,0.002710027100271,5467
2016-09-30,"Prineville, OR","OR",674,1373,0.00512445095168375,0.0315552216378663,0.103697749196141,5559
2016-09-30,"Woodward, OK","OK",675,886,-0.0133630289532294,-0.0359085963003264,-0.0847107438016529,6736
2016-09-30,"Othello, WA","WA",676,1155,0.00173460537727667,-0.0119760479041916,0.0212201591511936,3153
2016-09-30,"Los Alamos, NM","NM",677,1399,-0.000714285714285714,-0.0127028934368384,0.00214899713467049,6239
2016-09-30,"Atchison, KS","KS",678,834,-0.00239234449760766,-0.0153482880755608,0.0158343483556638,5372
2016-09-30,"Snyder, TX","TX",679,983,0,0,-0.0150300601202405,4708
2016-09-30,"Fairfield, IA","IA",680,1080,-0.000925069380203515,-0.010989010989011,0.026615969581749,3590
2016-09-30,"Winnemucca, NV","NV",681,1212,0,-0.00328947368421053,0.0202020202020202,2067
2016-09-30,"Sweetwater, TX","TX",682,1001,-0.0176643768400393,-0.0328502415458937,-0.078268876611418,5241
2016-09-30,"Andrews, TX","TX",683,1339,-0.00593912397921307,-0.0183284457478006,0.0237003058103976,3389
2016-09-30,"Craig, CO","CO",684,1227,-0.00405844155844156,-0.0184,0.025062656641604,3782
2016-09-30,"Pecos, TX","TX",685,983,-0.0140421263791374,-0.0419103313840156,-0.0682464454976303,2332
2016-09-30,"Vernon, TX","TX",686,1044,-0.018796992481203,-0.0448307410795974,-0.0628366247755835,3944
