"RegionID","Date","RegionName","State","SizeRank","Zhvi","MoM","QoQ","YoY","5Year","10Year","PeakMonth","PeakQuarter","PeakZHVI","PctFallFromPeak","LastTimeAtCurrZHVI"
102001,2016-09-30,"United States",,0,189400,0.00530785562632696,0.0155495978552279,0.0551532033426184,0.0430639194445164,-0.00290959667616675,"2007-04","2007-Q2",196600,-0.0366225839267548,"2006-02"
394913,2016-09-30,"New York, NY","NY",1,390500,0.00205286117526302,0.00592478104070067,0.0325224748810153,0.0216738807175327,-0.0130240089404683,"2006-09","2006-Q3",445200,-0.122866127583109,"2005-02"
753899,2016-09-30,"Los Angeles-Long Beach-Anaheim, CA","CA",2,578200,0.00434253951710961,0.0127868278157296,0.0535714285714286,0.0819942938656402,-0.00419093015298511,"2006-07","2006-Q3",604000,-0.0427152317880795,"2005-11"
394463,2016-09-30,"Chicago, IL","IL",3,202200,0.00497017892644135,0.018639798488665,0.046583850931677,0.0312083278038926,-0.0189768935681939,"2007-03","2007-Q1",247000,-0.181376518218623,"2003-05"
394514,2016-09-30,"Dallas-Fort Worth, TX","TX",4,196200,0.00925925925925926,0.0320883745397159,0.119224187107815,0.0789201334798815,0.030276426148468,"2016-09","2016-Q3",196200,0,"2016-09"
394974,2016-09-30,"Philadelphia, PA","PA",5,211500,0.00666349357448834,0.0173160173160173,0.0347358121330724,0.014202669871576,-0.00860869210025772,"2006-09","2006-Q3",230600,-0.082827406764961,"2005-08"
394692,2016-09-30,"Houston, TX","TX",6,174800,0.00459770114942529,0.010989010989011,0.0697674418604651,0.06597628134698,0.023698165031151,"2016-09","2016-Q3",174800,0,"2016-09"
395209,2016-09-30,"Washington, DC","DC",7,371700,0.0048661800486618,0.0108784335055752,0.0253793103448276,0.0361689990189602,-0.0123773383956384,"2006-04","2006-Q2",427700,-0.130932896890344,"2005-03"
394856,2016-09-30,"Miami-Fort Lauderdale, FL","FL",8,240600,0.00711594809543742,0.0238297872340426,0.0857400722021661,0.115018417421479,-0.0232141333640496,"2006-07","2006-Q3",305100,-0.211406096361849,"2005-03"
394347,2016-09-30,"Atlanta, GA","GA",9,169600,0.0077243018419489,0.0204572803850782,0.0754597336715282,0.0644635956571873,-0.00244325931868161,"2006-11","2006-Q4",174500,-0.028080229226361,"2006-01"
394404,2016-09-30,"Boston, MA","MA",10,400600,0.00577454180266131,0.0195978620514126,0.0558777016341592,0.0498532613807856,0.00879863998633112,"2016-09","2016-Q3",400600,0,"2016-09"
395057,2016-09-30,"San Francisco, CA","CA",11,812600,0.00407759792413197,0.0104451628948023,0.0568344388086877,0.113644117892932,0.0158286487583648,"2016-09","2016-Q3",812600,0,"2016-09"
394532,2016-09-30,"Detroit, MI","MI",12,130500,0.00850077279752705,0.0259433962264151,0.0714285714285714,0.10813301857342,-0.0139610787327789,"2005-06","2005-Q2",157100,-0.169318905155952,"2000-02"
395025,2016-09-30,"Riverside, CA","CA",13,315200,0.00574345883854499,0.0207253886010363,0.0695622667119104,0.110541810625395,-0.0243944393883022,"2006-08","2006-Q3",403900,-0.219608814062887,"2004-11"
394976,2016-09-30,"Phoenix, AZ","AZ",14,224500,0.00537393640841917,0.0162969669533726,0.0715990453460621,0.116666696941772,-0.0182126320530084,"2006-04","2006-Q2",273600,-0.179459064327485,"2005-06"
395078,2016-09-30,"Seattle, WA","WA",15,401100,0.00854915765652502,0.0276710222905457,0.113548028872848,0.0878283193358225,0.00972520720386161,"2016-09","2016-Q3",401100,0,"2016-09"
394865,2016-09-30,"Minneapolis-St Paul, MN","MN",16,230200,0.00524017467248908,0.0140969162995595,0.0593649332719742,0.0598999942373084,-0.00336853941831738,"2006-05","2006-Q2",240500,-0.0428274428274428,"2005-02"
395056,2016-09-30,"San Diego, CA","CA",17,518800,0.00484214603912454,0.0150655449031501,0.0512664640324215,0.0876135090368,-0.00205823414321127,"2006-04","2006-Q2",543700,-0.0457973146956042,"2004-12"
395121,2016-09-30,"St. Louis, MO","MO",18,145600,0.00831024930747922,0.0196078431372549,0.0612244897959184,0.0204250165236175,-0.00623666885576502,"2007-05","2007-Q2",158900,-0.0837004405286344,"2005-03"
395148,2016-09-30,"Tampa, FL","FL",19,172000,0.0082063305978898,0.0256410256410256,0.0983397190293742,0.0888108178431835,-0.0215197263922176,"2006-08","2006-Q3",214200,-0.197012138188609,"2005-05"
394358,2016-09-30,"Baltimore, MD","MD",20,253200,0.00316957210776545,0.0103750997605746,0.0251012145748988,0.0193173501152246,-0.0130009436291102,"2006-11","2006-Q4",289100,-0.124178484953303,"2005-07"
394530,2016-09-30,"Denver, CO","CO",21,344000,0.00732064421669107,0.0235049092531985,0.10362528071864,0.100099868183486,0.0387967479131714,"2016-09","2016-Q3",344000,0,"2016-09"
394982,2016-09-30,"Pittsburgh, PA","PA",22,132000,0.00533130236100533,0.0107197549770291,0.0476190476190476,0.0324862619926234,0.0239308339104372,"2016-09","2016-Q3",132000,0,"2016-09"
394998,2016-09-30,"Portland, OR","OR",23,342100,0.0100383820490109,0.0407666565257073,0.14606365159129,0.0929072078391542,0.0188589582382246,"2016-09","2016-Q3",342100,0,"2016-09"
394458,2016-09-30,"Charlotte, NC","NC",24,165400,0.00669506999391357,0.0197287299630086,0.072632944228275,0.0400715327584984,0.0117944276508115,"2016-09","2016-Q3",165400,0,"2016-09"
395045,2016-09-30,"Sacramento, CA","CA",25,347800,0.0072400810889082,0.0211391661773341,0.0727945712523134,0.105434484380709,-0.0136395088343462,"2005-12","2005-Q4",420800,-0.173479087452471,"2004-09"
395055,2016-09-30,"San Antonio, TX","TX",26,154400,0.00520833333333333,0.0137885751805647,0.0633608815426997,0.0424853291962526,0.0206154928320237,"2016-09","2016-Q3",154400,0,"2016-09"
394943,2016-09-30,"Orlando, FL","FL",27,190800,0.00739176346356917,0.0219603642206749,0.0828603859250851,0.090188038857576,-0.0287014161052909,"2006-07","2006-Q3",256200,-0.255269320843091,"2005-05"
394466,2016-09-30,"Cincinnati, OH","OH",28,146700,0.00617283950617284,0.0138217000691085,0.0516129032258065,0.0260489510212085,0.0016508831465667,"2016-09","2016-Q3",146700,0,"2016-09"
394475,2016-09-30,"Cleveland, OH","OH",29,129700,0.00386996904024768,0.00855365474339036,0.0376,0.0189151405851311,-0.0102668675722197,"2006-03","2006-Q1",145400,-0.107977991746905,"2002-07"
394735,2016-09-30,"Kansas City, MO","MO",30,151200,0.0026525198938992,0.0120481927710843,0.0521920668058455,0.0239886801787226,0.00489093819851183,"2005-06","2005-Q2",159500,-0.0520376175548589,"2003-08"
394775,2016-09-30,"Las Vegas, NV","NV",31,209800,0.00962463907603465,0.0279274865262126,0.0881742738589212,0.125046572000114,-0.0359949559869017,"2006-05","2006-Q2",304700,-0.311453889071218,"2004-04"
394492,2016-09-30,"Columbus, OH","OH",32,157700,0.00381922342457034,0.00766773162939297,0.0280312907431551,0.0373215336134611,0.00684564206839289,"2016-09","2016-Q3",157700,0,"2016-09"
394705,2016-09-30,"Indianapolis, IN","IN",33,132100,0.00227617602427921,0.0130368098159509,0.000757575757575758,0.00966061950699393,-0.00194718895184587,"2003-11","2003-Q4",139900,-0.0557541100786276,
395059,2016-09-30,"San Jose, CA","CA",34,943800,-0.00274725274725275,-0.0036947112847039,0.0473865275774054,0.110198032756506,0.0264423356202794,"2016-07","2016-Q3",947800,-0.00422029964127453,"2016-05"
394355,2016-09-30,"Austin, TX","TX",35,256900,0.00312377977352597,0.0134122287968442,0.0848817567567568,0.0810430055467937,0.0391959116236447,"2016-09","2016-Q3",256900,0,"2016-09"
395194,2016-09-30,"Virginia Beach, VA","VA",36,216900,0.00416666666666667,0.0140252454417952,0.0250472589792061,0.0122395674745306,-0.0086138652410126,"2007-07","2007-Q3",241200,-0.100746268656716,"2005-10"
394902,2016-09-30,"Nashville, TN","TN",37,201100,0.00903161063723031,0.0318111852231914,0.109823399558499,0.0630933522316905,0.0277807009836306,"2016-09","2016-Q3",201100,0,"2016-09"
395005,2016-09-30,"Providence, RI","RI",38,255300,0.00829383886255924,0.0199760287654814,0.0493218249075216,0.0273306585018656,-0.014915860164006,"2005-11","2005-Q4",300700,-0.15098104423013,"2004-01"
394862,2016-09-30,"Milwaukee, WI","WI",39,205900,0.0167901234567901,0.0451776649746193,0.0808398950131234,0.0288569092519644,0.00196373447753717,"2016-09","2016-Q3",205900,0,"2016-09"
394714,2016-09-30,"Jacksonville, FL","FL",40,171400,0.00351288056206089,0.0136014192785334,0.0665836963285625,0.0544282015103883,-0.0190733641211307,"2006-11","2006-Q4",208500,-0.177937649880096,"2005-05"
394849,2016-09-30,"Memphis, TN","TN",41,114700,0.00702370500438982,0.0177462289263531,0.0314748201438849,0.0184116230560629,,"2016-09","2016-Q3",114700,0,"2016-09"
394935,2016-09-30,"Oklahoma City, OK","OK",42,134800,0.00297619047619048,0.00672143390589993,0.0417310664605873,0.031386830208185,0.0267742158996425,"2016-09","2016-Q3",134800,0,"2016-09"
394807,2016-09-30,"Louisville-Jefferson County, KY","KY",43,140800,0.00571428571428571,0.0151405912040375,0.0658591975775927,0.0273998752934501,0.0137723193241606,"2016-09","2016-Q3",140800,0,"2016-09"
394669,2016-09-30,"Hartford, CT","CT",44,218300,0.00229568411386593,0.00552740672501152,0.00460193281178095,-0.00118678442957953,-0.0154578184461359,"2007-05","2007-Q2",256600,-0.149259547934528,"2004-08"
395022,2016-09-30,"Richmond, VA","VA",45,197100,0.00715380684721512,0.0196585618210036,0.0362776025236593,0.0254804149164465,-0.00328829259205832,"2007-10","2007-Q4",211600,-0.0685255198487713,"2006-05"
394425,2016-09-30,"Buffalo, NY","NY",46,134200,0.00149253731343284,0.00750750750750751,0.0236460717009916,0.0251958349127352,,"2016-09","2016-Q3",134200,0,"2016-09"
395012,2016-09-30,"Raleigh, NC","NC",47,217400,0.00741427247451344,0.0206572769953052,0.0641213901125795,0.0426827574396247,0.0179321124878018,"2016-09","2016-Q3",217400,0,"2016-09"
394388,2016-09-30,"Birmingham, AL","AL",48,127700,0.00314218381775334,0.004720692368214,0.0232371794871795,0.0148953008435702,-0.00231939180363383,"2009-11","2009-Q4",135600,-0.058259587020649,"2005-12"
395053,2016-09-30,"Salt Lake City, UT","UT",49,243500,0.00412371134020619,0.0150062526052522,0.0712714474263088,0.0558061775320939,0.00842705125770227,"2008-01","2008-Q1",271000,-0.101476014760148,"2007-01"
395031,2016-09-30,"Rochester, NY","NY",50,126400,0,-0.00236779794790845,-0.00236779794790845,0.012308873841091,0.0102017046101599,"2016-04","2016-Q2",127700,-0.0101801096319499,"2015-08"
394640,2016-09-30,"Grand Rapids, MI","MI",51,160200,0.0100882723833544,0.0262652146060218,0.0737265415549598,0.061263212285114,0.00781642214698519,"2016-09","2016-Q3",160200,0,"2016-09"
395167,2016-09-30,"Tucson, AZ","AZ",52,172000,0.00526008182349503,0.0111699000587889,0.0443230115361263,0.0409907485760368,-0.0304379331155359,"2006-05","2006-Q2",236500,-0.272727272727273,"2005-01"
753924,2016-09-30,"Urban Honolulu, HI","HI",53,628900,0.00399106002554278,0.0169793014230272,0.0459005488109097,0.0524287245590749,0.0145147627400144,"2016-09","2016-Q3",628900,0,"2016-09"
395169,2016-09-30,"Tulsa, OK","OK",54,124200,0.00485436893203883,0.0130505709624796,0.046335299073294,0.029877006732876,,"2016-09","2016-Q3",124200,0,"2016-09"
394619,2016-09-30,"Fresno, CA","CA",55,210500,0.00669536107125777,0.0228377065111759,0.0723382577687213,0.08607594984544,-0.0303211824043078,"2006-04","2006-Q2",293800,-0.283526208304969,"2004-09"
395238,2016-09-30,"Worcester, MA","MA",56,238300,0.00548523206751055,0.015771526001705,0.0595820364606492,0.0249245628463712,-0.0114554094247781,"2006-01","2006-Q1",273300,-0.128064398097329,"2004-03"
394415,2016-09-30,"Stamford, CT","CT",57,394700,0.00509294626941686,0.00868898543317148,-0.00579345088161209,0.00873722311284797,-0.0216151498475168,"2006-04","2006-Q2",496300,-0.204714890187387,"2003-11"
394312,2016-09-30,"Albuquerque, NM","NM",58,168000,0.00238663484486874,0.0102224894768491,0.0319410319410319,0.0056911291788706,-0.00786324192251975,"2009-05","2009-Q2",196500,-0.145038167938931,"2006-02"
394308,2016-09-30,"Albany, NY","NY",59,191400,0.00367068694284216,0.00842992623814542,0.0218900160170849,0.00945794853901649,0.000156875080871366,"2007-09","2007-Q3",194900,-0.0179579271421242,"2007-01"
394938,2016-09-30,"Omaha, NE","NE",60,149000,0.00880162491536899,0.0177595628415301,0.0537482319660537,0.032793278805453,0.0106671431834175,"2016-09","2016-Q3",149000,0,"2016-09"
394908,2016-09-30,"New Haven, CT","CT",61,215500,0.00513059701492537,0.012687969924812,0.00748013090229079,-0.00157030148758497,-0.0214570546028832,"2006-04","2006-Q2",272100,-0.208011760382212,"2004-03"
394357,2016-09-30,"Bakersfield, CA","CA",62,185100,0.00108166576527853,0.00488599348534202,0.0363941769316909,0.0887400767552508,-0.0362966459059075,"2006-06","2006-Q2",270800,-0.316469719350074,"2004-12"
394753,2016-09-30,"Knoxville, TN","TN",63,142400,0.00707213578500707,0.01932712956335,0.0501474926253687,0.0234771406650021,0.0131179209756449,"2016-09","2016-Q3",142400,0,"2016-09"
394653,2016-09-30,"Greenville, SC","SC",64,148400,0.00610169491525424,0.0206327372764787,0.0699351117519827,0.035080894624282,0.0174707464257575,"2016-09","2016-Q3",148400,0,"2016-09"
394952,2016-09-30,"Ventura, CA","CA",65,542300,0.00537634408602151,0.0136448598130841,0.0456999614346317,0.0725937161713568,-0.0140772046515371,"2006-05","2006-Q2",632200,-0.142201834862385,"2005-01"
394318,2016-09-30,"Allentown, PA","PA",66,180300,0.00278086763070078,0.00782560089435439,0.00501672240802676,0.000555555898396287,-0.01943607756973,"2007-06","2007-Q2",220400,-0.181941923774955,"2005-01"
394561,2016-09-30,"El Paso, TX","TX",67,111000,0.002710027100271,0.00817438692098093,0.0136986301369863,0.0016295578054133,0.00209603433375416,"2008-01","2008-Q1",119900,-0.0742285237698082,"2006-11"
394367,2016-09-30,"Baton Rouge, LA","LA",68,158000,0.00381194409148666,0.00829610721123165,0.0233160621761658,0.0231733475648732,0.0178338971515397,"2016-09","2016-Q3",158000,0,"2016-09"
394521,2016-09-30,"Dayton, OH","OH",69,106900,0.00564440263405456,0.0180952380952381,0.050098231827112,0.01302927674048,-0.00924112962816748,"2008-02","2008-Q1",117500,-0.0902127659574468,"2003-04"
394486,2016-09-30,"Columbia, SC","SC",70,122400,0.0016366612111293,0.0057518488085456,0.0303030303030303,0.0109730914892607,0.00123382177832809,"2009-11","2009-Q4",125500,-0.0247011952191235,"2009-02"
394304,2016-09-30,"Akron, OH","OH",71,127800,0.00709219858156028,0.0158982511923688,0.0306451612903226,0.0192129782384447,-0.0038304146842012,"2007-04","2007-Q2",133800,-0.0448430493273543,"2003-07"
753906,2016-09-30,"North Port-Sarasota-Bradenton, FL","FL",72,234700,0.000852878464818763,0.0116379310344828,0.071689497716895,0.098541821459021,-0.0206306693354122,"2006-02","2006-Q1",303100,-0.225668096337842,"2005-02"
394798,2016-09-30,"Little Rock, AR","AR",73,130900,0.00460475825019187,0.0123743232791957,0.0413683373110581,0.0151826619939937,0.0130343708512517,"2016-09","2016-Q3",130900,0,"2016-09"
395134,2016-09-30,"Stockton, CA","CA",74,293400,0.0103305785123967,0.0334624867911236,0.115165336374002,0.14042355547024,-0.0292725792736909,"2006-04","2006-Q2",411100,-0.286305035271224,"2004-08"
394457,2016-09-30,"Charleston, SC","SC",75,216600,0.00744186046511628,0.0212164073550212,0.0701581027667984,0.0471912411899966,0.00420457489458537,"2016-09","2016-Q3",216600,0,"2016-09"
395143,2016-09-30,"Syracuse, NY","NY",76,122400,0.00410172272354389,0.0057518488085456,0.0217028380634391,0.00854825230393241,0.0106468108222377,"2016-09","2016-Q3",122400,0,"2016-09"
394484,2016-09-30,"Colorado Springs, CO","CO",77,240800,0.00922045264040235,0.0255536626916525,0.0851735015772871,0.0528876264726803,0.0169225337986669,"2016-09","2016-Q3",240800,0,"2016-09"
395235,2016-09-30,"Winston-Salem, NC","NC",78,128000,0.0086682427107959,0.0174880763116057,0.033091202582728,0.0103114593179361,0.00253498846189704,"2016-09","2016-Q3",128000,0,"2016-09"
395115,2016-09-30,"Springfield, MA","MA",79,203400,0.00444444444444444,0.0099304865938431,0.0361691288843607,0.0124477326575061,-0.00603837328957146,"2006-08","2006-Q3",216300,-0.0596393897364771,"2005-07"
394440,2016-09-30,"Fort Myers, FL","FL",80,217100,0.0111783884489986,0.031353919239905,0.115048793014895,0.107668404284233,-0.0260228536649735,"2006-04","2006-Q2",291800,-0.255997258396162,"2005-03"
394399,2016-09-30,"Boise City, ID","ID",81,184700,0.00380434782608696,0.0187534473248759,0.0948429164196799,0.0843543787105137,-0.00546295951005271,"2007-07","2007-Q3",207600,-0.110308285163776,"2006-06"
395160,2016-09-30,"Toledo, OH","OH",82,103000,0.0048780487804878,0.0187932739861523,0.0531697341513292,0.0175905052378611,-0.0109598128042786,"2006-07","2006-Q3",115700,-0.109766637856526,"2002-03"
394816,2016-09-30,"Madison, WI","WI",83,220800,0.00638103919781222,0.0203327171903882,0.0692493946731235,0.0342308446661661,0.0111119424834609,"2016-09","2016-Q3",220800,0,"2016-09"
394766,2016-09-30,"Lakeland, FL","FL",84,147800,0.0116358658453114,0.0342897130860742,0.0915805022156573,0.0933435809359109,-0.0268332312756544,"2006-10","2006-Q4",194100,-0.238536836682123,"2005-06"
394931,2016-09-30,"Ogden, UT","UT",85,212600,0.00710563713879678,0.021133525456292,0.0874680306905371,0.0467249597680928,0.0102964536894239,"2008-06","2008-Q2",230100,-0.0760538896132116,"2007-05"
394528,2016-09-30,"Daytona Beach, FL","FL",86,167100,0.00966767371601208,0.0333951762523191,0.0986193293885602,0.081574654712687,-0.0345873140132386,"2006-08","2006-Q3",238600,-0.299664710813076,"2004-10"
394531,2016-09-30,"Des Moines, IA","IA",87,164700,0.00549450549450549,0.0160394818013572,0.0332496863237139,0.0292356360650878,0.0179921713373523,"2016-09","2016-Q3",164700,0,"2016-09"
394711,2016-09-30,"Jackson, MS","MS",88,128800,-0.00386697602474865,-0.020532319391635,0.0279329608938547,0.0194032180986781,0.0481223894689577,"2009-11","2009-Q4",134600,-0.0430906389301634,"2009-06"
395245,2016-09-30,"Youngstown, OH","OH",89,83700,0.00119617224880383,0.00480192076830732,0.0232273838630807,0.0170910287571777,-0.00454384739158431,"2006-04","2006-Q2",90400,-0.0741150442477876,"2005-05"
394352,2016-09-30,"Augusta, GA","GA",90,106000,0.00760456273764258,0.0143540669856459,0.0271317829457364,0.0170665746188907,0.0131699296332768,"2016-09","2016-Q3",106000,0,"2016-09"
395075,2016-09-30,"Scranton, PA","PA",91,113700,0.00441696113074205,0.0133689839572193,0.0298913043478261,0.00774030462354691,0.00340503795027014,"2007-08","2007-Q3",118000,-0.0364406779661017,"2007-03"
394666,2016-09-30,"Harrisburg, PA","PA",92,162200,0.00371287128712871,0.0105919003115265,0.0156543519098309,0.00886214512178807,0.00281752655930401,"2008-03","2008-Q1",164800,-0.0157766990291262,"2007-05"
394957,2016-09-30,"Melbourne, FL","FL",93,169500,0.013755980861244,0.0354306658521686,0.107843137254902,0.0917165852580535,-0.0249396521391722,"2006-02","2006-Q1",227300,-0.254289485261769,"2004-10"
394460,2016-09-30,"Chattanooga, TN","TN",94,135100,0.0037147102526003,0.020392749244713,0.0489130434782609,0.0267405854117349,0.00992097729352248,"2016-09","2016-Q3",135100,0,"2016-09"
395113,2016-09-30,"Spokane, WA","WA",95,185700,0.00650406504065041,0.0186505759736698,0.0872365339578454,0.037338466894008,0.00681862860829274,"2016-09","2016-Q3",185700,0,"2016-09"
395006,2016-09-30,"Provo, UT","UT",96,241500,0.00541215653621982,0.0241730279898219,0.0927601809954751,0.0625592549697838,0.0128272733602914,"2008-02","2008-Q1",259000,-0.0675675675675676,"2007-05"
394768,2016-09-30,"Lancaster, PA","PA",97,186000,0.00486223662884927,0.0130718954248366,0.0231023102310231,0.0131948151786621,0.00113609908247558,"2007-10","2007-Q4",189100,-0.0163934426229508,"2007-04"
394871,2016-09-30,"Modesto, CA","CA",98,255200,0.00591249507292077,0.0282030620467365,0.1,0.142672761194396,-0.0310948538775534,"2006-04","2006-Q2",362100,-0.295222314277824,"2004-07"
394549,2016-09-30,"Durham, NC","NC",99,202100,0.00148662041625372,0.0150678051230537,0.0670538542766631,0.0283925229768058,0.0126083331251092,"2016-09","2016-Q3",202100,0,"2016-09"
395068,2016-09-30,"Santa Rosa, CA","CA",100,561200,0.00663677130044843,0.0222222222222222,0.0659069325735992,0.108900016661413,-0.00261696062373007,"2005-12","2005-Q4",594800,-0.0564895763281775,"2005-06"
394792,2016-09-30,"Lexington, KY","KY",101,153500,0.00458115183246073,0.0111989459815547,0.0492139439507861,0.026779570561464,0.0118067511209494,"2016-09","2016-Q3",153500,0,"2016-09"
394761,2016-09-30,"Lafayette, LA","LA",102,134900,0.00222882615156018,-0.00808823529411765,0.00222882615156018,0.00374823105612232,0.0101019555504869,"2009-11","2009-Q4",148500,-0.0915824915824916,"2009-08"
394770,2016-09-30,"Lansing, MI","MI",103,135800,0.00443786982248521,0.0126771066368382,0.0568093385214008,0.0413426229473259,-0.00963150213205854,"2005-12","2005-Q4",152800,-0.111256544502618,"2002-11"
394590,2016-09-30,"Fayetteville, AR","AR",104,159700,0.0107594936708861,0.0383615084525358,0.108258154059681,0.054813530015418,0.00736556576195557,"2016-09","2016-Q3",159700,0,"2016-09"
394971,2016-09-30,"Pensacola, FL","FL",105,146800,0.00754975978037062,0.0152143845089903,0.0478229835831549,0.0310295249748531,-0.011319393480091,"2006-05","2006-Q2",166200,-0.116726835138387,"2005-04"
395195,2016-09-30,"Visalia, CA","CA",106,178500,0.00563380281690141,0.0182544209925841,0.0599762470308789,0.0824779102240414,-0.0282766538175756,"2006-07","2006-Q3",240700,-0.258412962193602,"2005-01"
395096,2016-09-30,"Shreveport, LA","LA",107,117900,0.0051150895140665,0.0111492281303602,0.0369393139841689,0.0117700129888278,,"2016-09","2016-Q3",117900,0,"2016-09"
395116,2016-09-30,"Springfield, MO","MO",108,120800,0.00415627597672485,0.0125733445096396,0.0360205831903945,0.0177998006230766,0.00209343964304121,"2009-05","2009-Q2",124100,-0.0265914585012087,"2009-01"
395244,2016-09-30,"York, PA","PA",109,160500,0.00626959247648903,0.0216422660725652,0.0321543408360129,0.0117421241027507,-0.00962589239344791,"2007-08","2007-Q3",180700,-0.111787493082457,"2005-09"
395019,2016-09-30,"Reno, NV","NV",110,298700,0.0132293080054274,0.0414923291492329,0.121667292527225,0.139611548555328,-0.0124305313814659,"2006-03","2006-Q1",354400,-0.157167042889391,"2004-12"
394338,2016-09-30,"Asheville, NC","NC",111,208400,0.0101793504604944,0.0316831683168317,0.0962651236191478,0.0479375726711588,0.0151535612546714,"2016-09","2016-Q3",208400,0,"2016-09"
394995,2016-09-30,"Port St. Lucie, FL","FL",112,190400,0.00740740740740741,0.0236559139784946,0.140802875973637,0.111961585938579,-0.0272542942537398,"2006-03","2006-Q1",258800,-0.264296754250386,"2004-09"
753917,2016-09-30,"Santa Maria-Santa Barbara, CA","CA",113,552800,0.00253899165759884,0.00490819850936193,0.0216226205876917,0.0746974089857264,-0.0152612308671046,"2006-01","2006-Q1",684800,-0.192757009345794,"2004-06"
394698,2016-09-30,"Huntsville, AL","AL",114,152500,0.00131319763624425,0.00793126239259749,0.0146373918829009,0.00505950480179163,-0.00168911924313397,"2008-11","2008-Q4",164900,-0.0751970891449363,"2006-08"
394612,2016-09-30,"Fort Wayne, IN","IN",115,108200,0.00185185185185185,-0.0127737226277372,0.00838769804287046,0.0160904148100205,-0.000919546647465852,"2016-04","2016-Q2",110400,-0.0199275362318841,"2015-11"
395050,2016-09-30,"Salinas, CA","CA",116,483300,0.0108763856933696,0.0391313695979359,0.112057063966866,0.106029698950087,-0.0332701778571568,"2006-04","2006-Q2",696800,-0.306400688863375,"2004-05"
395183,2016-09-30,"Vallejo, CA","CA",117,368700,0.0109679188374006,0.0319059613769941,0.104222821203953,0.130696499158056,-0.0235037568653752,"2006-04","2006-Q2",477000,-0.227044025157233,"2004-08"
394870,2016-09-30,"Mobile, AL","AL",118,105400,0.00285442435775452,0.0115163147792706,0.0561122244488978,0.00325739800227431,-0.0100478434920397,"2008-06","2008-Q2",122800,-0.141693811074919,"2006-01"
395015,2016-09-30,"Reading, PA","PA",119,162400,0.00308832612723904,0.015,0.0213836477987421,0.00310758012454926,-0.00636038998491495,"2007-06","2007-Q2",177400,-0.084554678692221,"2006-03"
394421,2016-09-30,"Brownsville, TX","TX",120,75800,0.00397350993377483,0.0120160213618158,0.00530503978779841,0.0117486481165741,0.00571659961764559,"2014-03","2014-Q1",76500,-0.00915032679738562,"2014-03"
394746,2016-09-30,"Killeen, TX","TX",121,117800,0.00340715502555366,0.00683760683760684,0.0297202797202797,0.0128767505059559,0.00119628857503162,"2007-12","2007-Q4",118200,-0.00338409475465313,"2007-10"
394439,2016-09-30,"Canton, OH","OH",122,113400,0.00353982300884956,0.008,0.0225428313796213,0.0334455427900808,-0.00514251274028099,"2006-08","2006-Q3",119600,-0.0518394648829431,"2004-07"
394820,2016-09-30,"Manchester, NH","NH",123,243200,0.00537412153782555,0.0158730158730159,0.0335741606459838,0.0348664855933043,-0.00700068444299007,"2006-04","2006-Q2",267400,-0.0905011219147345,"2004-08"
395048,2016-09-30,"Salem, OR","OR",124,221000,0.0151584749655489,0.0468972051160587,0.139175257731959,0.0640828700342431,0.010693425516445,"2016-09","2016-Q3",221000,0,"2016-09"
394327,2016-09-30,"Anchorage, AK","AK",125,281000,-0.00177619893428064,-0.00706713780918728,0.00608664518438955,0.0239820596263463,-0.000319721756734448,"2008-06","2008-Q2",287300,-0.0219282979463975,"2006-09"
394520,2016-09-30,"Davenport, IL","IL",126,121800,0.00246913580246914,0.0141548709408826,0.068421052631579,0.0275969457019294,0.0145668492641808,"2016-09","2016-Q3",121800,0,"2016-09"
394972,2016-09-30,"Peoria, IL","IL",127,114000,-0.00175131348511384,-0.00436681222707424,-0.00175131348511384,0.00498600226106838,0.00449512953653741,"2016-04","2016-Q2",115000,-0.00869565217391304,"2015-07"
394898,2016-09-30,"Myrtle Beach, SC","SC",128,169200,0.0023696682464455,0.00774270399047052,0.0425138632162662,0.0222102501013035,-0.0301911594072272,"2006-10","2006-Q4",230500,-0.265943600867679,"2005-03"
394875,2016-09-30,"Montgomery, AL","AL",129,106300,0.000941619585687382,-0.00468164794007491,-0.0211786372007366,-0.0140621849845588,-0.00903565587825006,"2009-11","2009-Q4",138800,-0.234149855907781,"2005-03"
395051,2016-09-30,"Salisbury, MD","MD",130,184600,0.00380641653072322,0.00984682713347921,0.0238491403216861,0.0135336708272149,-0.0248417524849285,"2006-04","2006-Q2",240900,-0.233706932337069,"2004-08"
395146,2016-09-30,"Tallahassee, FL","FL",131,151200,0.00398406374501992,0.0154466084620551,0.0327868852459016,0.0163839619646322,-0.0182615711080534,"2006-12","2006-Q4",182300,-0.170597915523862,"2005-02"
395164,2016-09-30,"Trenton, NJ","NJ",132,224900,0.0035698348951361,0.00178173719376392,0.00897263346792283,0.00542282144245854,-0.0209029965440707,"2006-06","2006-Q2",278600,-0.192749461593683,"2004-06"
394589,2016-09-30,"Fayetteville, NC","NC",133,126300,0,0.0128307939053729,0.0169082125603865,-0.00773488104251163,,"2011-09","2011-Q3",131300,-0.0380807311500381,
394679,2016-09-30,"Hickory, NC","NC",134,110700,0.010036496350365,0.0240518038852914,0.0906403940886699,0.0295492738371419,0.0154122572519442,"2016-09","2016-Q3",110700,0,"2016-09"
394576,2016-09-30,"Eugene, OR","OR",135,238100,0.00804403048264183,0.022766323024055,0.0832575068243858,0.0477159160269489,0.0033799248283326,"2016-09","2016-Q3",238100,0,"2016-09"
395033,2016-09-30,"Rockford, IL","IL",136,105000,0.00286532951289398,0.0144927536231884,0.0847107438016529,0.00288189218056623,-0.0232146836384068,"2008-02","2008-Q1",135700,-0.22623434045689,"2002-06"
395070,2016-09-30,"Savannah, GA","GA",137,162900,0.00555555555555556,0.0130597014925373,0.0258186397984887,0.0294423206405363,-0.00337421790715831,"2007-05","2007-Q2",171500,-0.0501457725947522,"2006-01"
394332,2016-09-30,"Ann Arbor, MI","MI",138,246200,0.011088295687885,0.040574809805579,0.0802983764809127,0.0691937930629227,0.00891060177769276,"2016-09","2016-Q3",246200,0,"2016-09"
394927,2016-09-30,"Ocala, FL","FL",139,127900,0.00867507886435331,0.0331179321486268,0.0820642978003384,0.0690426062053955,-0.0331630182672846,"2006-12","2006-Q4",180100,-0.289838978345364,"2005-02"
394732,2016-09-30,"Kalamazoo, MI","MI",140,136000,0.003690036900369,0.0187265917602996,0.0493827160493827,0.0420252853465721,0.00283791511048159,"2016-09","2016-Q3",136000,0,"2016-09"
394901,2016-09-30,"Naples, FL","FL",141,328700,0.0101413644744929,0.0268666041861918,0.0637540453074434,0.0919827281726011,-0.0261888255841918,"2006-08","2006-Q3",428700,-0.233263354327035,"2005-04"
395107,2016-09-30,"South Bend, IN","IN",142,103600,0,-0.00384615384615385,-0.0433979686057248,0.00973758137902547,-0.00181571190613738,"2009-05","2009-Q2",116200,-0.108433734939759,"2008-01"
395109,2016-09-30,"Spartanburg, SC","SC",143,115600,0.00609225413402959,0.0140350877192982,0.033065236818588,0.0105323970784648,0.00571173942806502,"2016-09","2016-Q3",115600,0,"2016-09"
394579,2016-09-30,"Evansville, IN","IN",144,116500,0.00171969045571797,-0.000857632933104631,-0.0218303946263644,0.013026152626771,0.00713947539814952,"2015-11","2015-Q4",119800,-0.0275459098497496,"2015-05"
394747,2016-09-30,"Kingsport, TN","TN",145,119600,0.00419815281276238,0.0152801358234295,0.0491228070175439,0.0219421018596202,0.0113837993579731,"2016-09","2016-Q3",119600,0,"2016-09"
395028,2016-09-30,"Roanoke, VA","VA",146,148000,0.000676132521974307,0.002710027100271,0,0.0081694369466192,0.000406311923224933,"2009-01","2009-Q1",156900,-0.0567240280433397,"2006-11"
394646,2016-09-30,"Green Bay, WI","WI",147,155800,0.00711053652230123,0.0209698558322412,0.0826963168867269,0.0259022911061937,0.00755777951458469,"2016-09","2016-Q3",155800,0,"2016-09"
394796,2016-09-30,"Lincoln, NE","NE",148,152400,0.0019723865877712,0.00527704485488127,0.0402730375426621,0.032942134747213,0.0155567077153431,"2016-09","2016-Q3",152400,0,"2016-09"
394602,2016-09-30,"Fort Collins, CO","CO",149,322200,0.0103480714957667,0.0320307495195388,0.103802672147996,0.0825633622524437,0.0378585038901942,"2016-09","2016-Q3",322200,0,"2016-09"
395179,2016-09-30,"Utica, NY","NY",150,112300,0.00807899461400359,0.016289592760181,0.051498127340824,0.0271967903370425,0.0169775230701052,"2016-09","2016-Q3",112300,0,"2016-09"
394488,2016-09-30,"Columbus, GA","GA",151,103700,0,-0.00955109837631328,-0.0244590780809031,-0.00845986248738861,-0.00478941591351001,"2008-05","2008-Q2",117100,-0.114432109308284,"2005-08"
394405,2016-09-30,"Boulder, CO","CO",152,462700,0.00916030534351145,0.0328125,0.100095102234903,0.0856474805635499,0.0403945993589447,"2016-09","2016-Q3",462700,0,"2016-09"
394572,2016-09-30,"Erie, PA","PA",153,118900,0.00252951096121417,0.00677392040643522,0.0188517566409597,0.0175390177612682,0.0143604762631115,"2016-09","2016-Q3",118900,0,"2016-09"
394609,2016-09-30,"Fort Smith, AR","AR",154,99000,-0.00100908173562059,-0.00201612903225806,0.0291060291060291,0.0121476158461951,0.0169297991138551,"2016-03","2016-Q1",99300,-0.00302114803625378,"2016-02"
394543,2016-09-30,"Duluth, MN","MN",155,135000,0.00972326103216156,0.0289634146341463,0.070578905630452,0.0257236822679645,0.0150218830244864,"2016-09","2016-Q3",135000,0,"2016-09"
394348,2016-09-30,"Atlantic City, NJ","NJ",156,175900,-0.00283446712018141,-0.0117977528089888,-0.0372194854953476,-0.0257427990287082,-0.0452186136354665,"2006-05","2006-Q2",280200,-0.372234118486795,"2003-08"
394924,2016-09-30,"New London, CT","CT",157,216100,0.00278422273781903,0.00887021475256769,-0.00184757505773672,-0.00348025662852403,-0.0213310826489947,"2006-12","2006-Q4",268800,-0.196056547619048,"2004-05"
395061,2016-09-30,"San Luis Obispo, CA","CA",158,542500,0.000368799557440531,0.00481570661233562,0.0378802372297685,0.0700525691998324,-0.00957698717514821,"2006-04","2006-Q2",621400,-0.126971355004828,"2005-02"
394622,2016-09-30,"Gainesville, FL","FL",159,156500,0.00643086816720257,0.0208741030658839,0.0763411279229711,0.0247381708341177,-0.0204911577953782,"2006-11","2006-Q4",193700,-0.192049561177078,"2005-05"
395065,2016-09-30,"Santa Cruz, CA","CA",160,717600,0.00363636363636364,0.00885702235343737,0.0593445527015058,0.0791556959787751,0.000839988087849353,"2006-03","2006-Q1",735100,-0.0238062848592028,"2005-10"
394471,2016-09-30,"Clarksville, TN","TN",161,137600,0.00291545189504373,0.0102790014684288,0.0392749244712991,0.0155230870800946,0.023573877061811,"2016-09","2016-Q3",137600,0,"2016-09"
394851,2016-09-30,"Merced, CA","CA",162,211900,0.0109732824427481,0.0402552773686794,0.118796198521647,0.139491497195941,-0.0446829597684627,"2006-02","2006-Q1",345500,-0.386685962373372,"2004-04"
395229,2016-09-30,"Wilmington, NC","NC",163,201400,0.00448877805486284,0.0146095717884131,0.053347280334728,0.0346017709615509,-0.0138747228737436,"2007-02","2007-Q1",232400,-0.133390705679862,"2005-11"
394741,2016-09-30,"Kennewick, WA","WA",164,221500,0.00865209471766849,0.0311918063314711,0.110832497492477,0.0588735053460894,0.0442192527671337,"2016-09","2016-Q3",221500,0,"2016-09"
394645,2016-09-30,"Greeley, CO","CO",165,254900,0.0115079365079365,0.0319838056680162,0.106817194963092,0.103895310543837,0.0339765674987229,"2016-09","2016-Q3",254900,0,"2016-09"
394811,2016-09-30,"Lynchburg, VA","VA",166,142200,-0.00280504908835905,-0.00698324022346369,-0.00767620376831821,0.00806788543831805,0.00373230692948878,"2009-08","2009-Q3",162400,-0.124384236453202,"2007-05"
394937,2016-09-30,"Olympia, WA","WA",167,257400,0.0082256169212691,0.0242737763629129,0.0774382586856425,0.0302186322624682,-0.00115809041235371,"2007-05","2007-Q2",265800,-0.0316027088036117,"2006-07"
394323,2016-09-30,"Amarillo, TX","TX",168,118400,0.00254022015241321,0.011965811965812,0.0459363957597173,0.0198831017109444,0.00979854850930839,"2016-09","2016-Q3",118400,0,"2016-09"
394387,2016-09-30,"Binghamton, NY","NY",169,100100,0.0030060120240481,0.00907258064516129,-0.0384245917387128,-0.00818664057231067,0.00315082422620372,"2010-02","2010-Q1",109100,-0.0824931255728689,"2007-02"
394660,2016-09-30,"Hagerstown, MD","MD",170,157900,0.00126823081800888,-0.000632911392405063,0.00509229789942712,0.0130341429633563,-0.0312041155380747,"2007-02","2007-Q1",220700,-0.284549161758043,"2004-07"
394412,2016-09-30,"Bremerton, WA","WA",171,301800,0.00868983957219251,0.0321477428180575,0.121933085501859,0.0468913194083358,-0.00261281879644504,"2007-06","2007-Q2",311800,-0.032071840923669,"2006-05"
394772,2016-09-30,"Laredo, TX","TX",172,117100,-0.00594227504244482,0.00342759211653813,0.0606884057971014,0.0460418421120146,0.0128142963302449,"2016-08","2016-Q3",117800,-0.00594227504244482,"2016-07"
395240,2016-09-30,"Yakima, WA","WA",173,166100,0.0146609651802077,0.039424280350438,0.106595602931379,0.035076603853921,0.0192246288056777,"2016-09","2016-Q3",166100,0,"2016-09"
753875,2016-09-30,"Crestview-Fort Walton Beach-Destin, FL","FL",174,217800,0.0130232558139535,0.0341880341880342,0.0624390243902439,0.0422403022874593,-0.0224078218978078,"2005-12","2005-Q4",301400,-0.277372262773723,"2004-11"
395161,2016-09-30,"Topeka, KS","KS",175,103100,0,-0.00193610842207164,0.0695020746887967,-0.00496871526255949,,"2008-08","2008-Q3",121100,-0.148637489677952,
394813,2016-09-30,"Macon, GA","GA",176,102400,0.00392156862745098,0.0148662041625372,0.0644490644490645,0.0086167817774403,-0.0163077073442811,"2007-06","2007-Q2",122400,-0.163398692810458,"2003-03"
394454,2016-09-30,"Champaign-Urbana, IL","IL",177,126400,-0.00157977883096367,0.000791765637371338,0.00636942675159236,0.00744177870936369,-0.00187916534948018,"2008-01","2008-Q1",132600,-0.0467571644042232,"2005-12"
395171,2016-09-30,"Tuscaloosa, AL","AL",178,127600,-0.0123839009287926,-0.042042042042042,-0.14247311827957,-0.00825548622137606,-0.0125656949031947,"2015-03","2015-Q1",150400,-0.151595744680851,"2004-04"
394483,2016-09-30,"College Station, TX","TX",179,170400,0.006497341996456,0.0209706411024566,0.0993548387096774,0.0417259166920163,0.0275891021120651,"2016-09","2016-Q3",170400,0,"2016-09"
394455,2016-09-30,"Charleston, WV","WV",180,95600,0.00631578947368421,0.0246516613076099,0.0988505747126437,0.0242651774561768,0.0394924026536565,"2016-09","2016-Q3",95600,0,"2016-09"
394334,2016-09-30,"Appleton, WI","WI",181,151100,0.00465425531914894,0.0175084175084175,0.0610955056179775,0.0278641948261029,0.0116305602836955,"2016-09","2016-Q3",151100,0,"2016-09"
394464,2016-09-30,"Chico, CA","CA",182,250700,0.00521251002405774,0.0145690004046945,0.0824697754749568,0.0668501196236426,-0.0154370332690156,"2006-04","2006-Q2",303000,-0.172607260726073,"2004-11"
394459,2016-09-30,"Charlottesville, VA","VA",183,235400,0.00383795309168444,0.00598290598290598,0.0243690165361184,0.0115174962140325,-0.016105913639048,"2006-08","2006-Q3",278200,-0.153846153846154,"2005-01"
394468,2016-09-30,"Claremont, NH","NH",184,181500,0.0033167495854063,0.010016694490818,0.00833333333333333,0.00322659132809666,-0.0215593059349263,"2005-06","2005-Q2",231700,-0.216659473457057,"2004-08"
394361,2016-09-30,"Cape Cod, MA","MA",185,376500,0.000531490831783152,0.00938337801608579,0.0412057522123894,0.0208441862354605,-0.00591202658145906,"2006-03","2006-Q1",411300,-0.0846097738876732,"2004-06"
394429,2016-09-30,"Burlington, VT","VT",186,258900,0.000386398763523957,0.00975039001560062,0.0253465346534653,0.019733745870488,0.00140123706753426,"2005-11","2005-Q4",276400,-0.0633140376266281,"2005-01"
395002,2016-09-30,"Prescott, AZ","AZ",187,253600,0.0131841789852177,0.0367947669664759,0.0759439966058549,0.0777562591294709,-0.0152080679795598,"2007-02","2007-Q1",298400,-0.150134048257373,"2005-07"
395114,2016-09-30,"Springfield, IL","IL",188,122100,0.0057660626029654,0.00411184210526316,0.0251889168765743,0.0145360099941587,0.00688780584302018,"2016-09","2016-Q3",122100,0,"2016-09"
394773,2016-09-30,"Las Cruces, NM","NM",189,134900,-0.00295639320029564,-0.00662739322533137,-0.00954478707782672,-0.0133817973883765,-0.0114075208929776,"2009-06","2009-Q2",171000,-0.211111111111111,"2005-11"
394585,2016-09-30,"Fargo, ND","ND",190,197500,0.00560081466395112,0.0180412371134021,0.0572805139186296,0.056421622299043,0.0322403259236066,"2016-09","2016-Q3",197500,0,"2016-09"
394691,2016-09-30,"Houma, LA","LA",191,138400,-0.00288184438040346,-0.00503235082674335,0.0251851851851852,0.017180692132079,0.0160741633056058,"2009-06","2009-Q2",142900,-0.0314905528341498,"2008-08"
394597,2016-09-30,"Florence, SC","SC",192,104500,0.0116166505324298,0.0315893385982231,0.0942408376963351,0.0414380759825208,0.0220772001707237,"2016-09","2016-Q3",104500,0,"2016-09"
394848,2016-09-30,"Medford, OR","OR",193,245600,0.0102838338132456,0.0306336550566513,0.0881701373504652,0.0766093205265908,-0.0117807199295736,"2006-05","2006-Q2",284500,-0.136731107205624,"2005-04"
753895,2016-09-30,"Lafayette-West Lafayette, IN","IN",194,122100,0,-0.00163532297628782,-0.0578703703703704,0.0106514906943691,0.00115389052130666,"2015-08","2015-Q3",130100,-0.0614911606456572,"2014-12"
394378,2016-09-30,"Bellingham, WA","WA",195,315400,0.00381922342457034,0.0180761781794706,0.101256983240223,0.0474893098089251,0.0110772154003485,"2016-09","2016-Q3",315400,0,"2016-09"
394765,2016-09-30,"Lake Havasu City, AZ","AZ",196,175000,0.00864553314121038,0.022196261682243,0.0644768856447689,0.0623996152934581,-0.0301174151487128,"2006-07","2006-Q3",239000,-0.267782426778243,"2004-10"
395047,2016-09-30,"Saginaw, MI","MI",197,72600,0,0.011142061281337,0.028328611898017,0.00390201379251209,-0.0180444105104947,"2005-03","2005-Q1",93500,-0.223529411764706,"1998-09"
394763,2016-09-30,"Lake Charles, LA","LA",198,159500,-0.003125,-0.003125,0.0924657534246575,0.0469556543704397,0.0364505396476182,"2016-07","2016-Q3",160400,-0.00561097256857855,"2016-06"
394726,2016-09-30,"Johnson City, TN","TN",199,123700,0.00161943319838057,0.00161943319838057,0.0131040131040131,0.0177191767599327,0.0204807872150692,"2015-12","2015-Q4",124000,-0.00241935483870968,"2015-12"
394565,2016-09-30,"Elkhart, IN","IN",200,126000,0.024390243902439,0.0327868852459016,0.0128617363344051,0.025120872198527,-0.00188506945100264,"2008-06","2008-Q2",133100,-0.053343350864012,"2006-02"
395247,2016-09-30,"Yuma, AZ","AZ",201,133000,0.0207214121258634,0.0682730923694779,0.0563939634630659,0.0436850724680282,-0.0299152320805218,"2006-09","2006-Q3",180200,-0.261931187569367,"2005-04"
395011,2016-09-30,"Racine, WI","WI",202,148100,0.00406779661016949,0.00338753387533875,0.0481245576786978,0.0107356640256082,-0.0184418783852651,"2007-06","2007-Q2",181600,-0.184471365638767,"2004-05"
394346,2016-09-30,"Athens, GA","GA",203,147800,-0.000676132521974307,0.0054421768707483,0.0796201607012418,0.0450039908347408,0.000067684188147954,"2008-02","2008-Q1",149800,-0.0133511348464619,"2007-06"
395162,2016-09-30,"Torrington, CT","CT",204,224300,-0.00222419928825623,-0.0110229276895944,0.00223413762287757,-0.00809224197794511,-0.0250257559172843,"2006-11","2006-Q4",289900,-0.226284925836495,"2003-10"
394681,2016-09-30,"Hilton Head Island, SC","SC",205,275500,0.000363108206245461,0.004374772147284,0.0415879017013232,0.0376651332210014,-0.0190123790105107,"2006-08","2006-Q3",334500,-0.176382660687593,"2005-05"
394680,2016-09-30,"Hilo, HI","HI",206,326200,0.00153515505066012,0.00585877274128893,0.0482005141388175,0.0546510505730253,-0.0190052072831992,"2006-06","2006-Q2",398700,-0.181840983195385,"2005-03"
394960,2016-09-30,"Panama City, FL","FL",207,181700,0.00442233278054174,0.0312145289443814,0.0912912912912913,0.0514317895435104,-0.0262204314143223,"2006-01","2006-Q1",249100,-0.270574066639904,"2004-09"
394748,2016-09-30,"Kingston, NY","NY",208,188800,-0.000529380624669137,0.00425531914893617,0.0606741573033708,-0.00325193084220365,-0.026472800121618,"2006-08","2006-Q3",247200,-0.236245954692557,"2004-01"
394623,2016-09-30,"Gainesville, GA","GA",209,161700,0.0037243947858473,0.0163419233186675,0.0631163708086785,0.0602311259403294,-0.00375551011632203,"2007-07","2007-Q3",168200,-0.0386444708680143,"2006-01"
395202,2016-09-30,"Warner Robins, GA","GA",210,111900,0.000894454382826476,0.0072007200720072,0.00901713255184851,-0.00423519724591748,-0.00115438822580405,"2011-02","2011-Q1",119000,-0.0596638655462185,"2009-12"
394716,2016-09-30,"Jacksonville, NC","NC",211,134000,0.00525131282820705,0.0113207547169811,0.0067618332081142,-0.0221761337559707,0.00211392353662454,"2010-05","2010-Q2",153700,-0.128171763175016,"2006-11"
395018,2016-09-30,"Redding, CA","CA",212,225000,0.0103277952402335,0.0302197802197802,0.0911736178467507,0.0676436802063516,-0.0204355076998681,"2006-03","2006-Q1",284800,-0.20997191011236,"2004-11"
394872,2016-09-30,"Monroe, LA","LA",213,115800,0.00173010380622837,0.00608166811468288,0.0742115027829314,0.0709454458808458,0.0084071008423201,"2009-06","2009-Q2",121900,-0.0500410172272354,"2008-12"
394729,2016-09-30,"Joplin, MO","MO",214,88300,-0.00225988700564972,-0.0167037861915367,0.0102974828375286,0.0105163319975263,0.0035802612561695,"2009-06","2009-Q2",101500,-0.130049261083744,"2008-08"
394559,2016-09-30,"El Centro, CA","CA",215,184200,0.00986842105263158,0.0319327731092437,0.138442521631644,0.102077010920999,-0.0334690676002429,"2006-09","2006-Q3",258900,-0.288528389339513,"2004-12"
395151,2016-09-30,"Terre Haute, IN","IN",216,75800,-0.00131752305665349,-0.00131752305665349,-0.00263157894736842,0.0103395219661466,-0.00867429029600231,"2005-01","2005-Q1",92800,-0.183189655172414,"2004-02"
394896,2016-09-30,"Muskegon, MI","MI",217,103800,0.00972762645914397,0.0318091451292246,0.0903361344537815,0.0518951733476742,0.00145668972067781,"2016-09","2016-Q3",103800,0,"2016-09"
394553,2016-09-30,"East Stroudsburg, PA","PA",218,128600,0.0046875,0.0125984251968504,-0.00387296669248644,-0.0192140774963785,-0.0418016152386785,"2007-01","2007-Q1",197800,-0.349848331648129,"2002-08"
394651,2016-09-30,"Greenville, NC","NC",219,114300,0.00439367311072056,0.0150976909413854,0.0278776978417266,0.00461257828487049,0.00320539944970744,"2010-02","2010-Q1",118200,-0.032994923857868,"2010-01"
394944,2016-09-30,"Oshkosh, WI","WI",220,149100,0.00268997982515131,0.0184426229508197,0.0247422680412371,0.022196140979023,0.00682189795637944,"2016-09","2016-Q3",149100,0,"2016-09"
395246,2016-09-30,"Yuba City, CA","CA",221,235200,0.00641848523748395,0.0120481927710843,0.0700636942675159,0.106346036659674,-0.0204222262798357,"2005-12","2005-Q4",298100,-0.2110030191211,"2004-11"
394485,2016-09-30,"Columbia, MO","MO",222,151400,0,0.00397877984084881,0.025050778605281,0.0190026924503666,0.000463530934366796,"2005-03","2005-Q1",155000,-0.0232258064516129,"2005-01"
394539,2016-09-30,"Dover, DE","DE",223,172000,0,-0.00864553314121038,0,0.00981754001098478,-0.00874980468704623,"2007-06","2007-Q2",192500,-0.106493506493506,"2006-01"
394555,2016-09-30,"Eau Claire, WI","WI",224,152500,0.0066006600660066,0.0187040748162993,0.0524499654934437,0.0366211922684241,0.0172710178956188,"2016-09","2016-Q3",152500,0,"2016-09"
394720,2016-09-30,"Janesville, WI","WI",225,133100,0.0199233716475096,0.0639488409272582,0.141509433962264,0.0515926479383815,0.00767735241754286,"2016-09","2016-Q3",133100,0,"2016-09"
394710,2016-09-30,"Jackson, MI","MI",226,121200,0.00414250207125104,0.00664451827242525,0.0557491289198606,0.0637082378620086,0.00016516644232234,"2005-12","2005-Q4",126800,-0.0441640378548896,"2004-01"
395009,2016-09-30,"Punta Gorda, FL","FL",227,189500,0.0106666666666667,0.0400658616904501,0.110785463071512,0.0902869667405262,-0.0202002844044128,"2006-04","2006-Q2",242500,-0.218556701030928,"2004-12"
394393,2016-09-30,"Bloomington, IN","IN",228,146200,-0.0054421768707483,-0.0400525279054498,0.0117647058823529,0.0200274929062147,0.0147391169245346,"2016-05","2016-Q2",152800,-0.0431937172774869,"2015-11"
395007,2016-09-30,"Pueblo, CO","CO",229,131700,0.00611153552330023,0.0185614849187935,0.0733496332518337,0.0402842330477484,0.00661238578365664,"2016-09","2016-Q3",131700,0,"2016-09"
394386,2016-09-30,"Billings, MT","MT",230,202300,0.000494559841740851,0.00446871896722939,0.0636172450052576,0.0397198344929124,0.0196665310251742,"2009-09","2009-Q3",205100,-0.0136518771331058,"2009-08"
394380,2016-09-30,"Bend, OR","OR",231,324400,0.0105919003115265,0.0334501433577572,0.10830201571575,0.116352660187001,-0.00622417727136404,"2006-09","2006-Q3",345300,-0.0605270779032725,"2006-05"
394306,2016-09-30,"Albany, GA","GA",232,100000,-0.000999000999000999,0,-0.00497512437810945,-0.0110257077498698,-0.0104708460569298,"2007-12","2007-Q4",118000,-0.152542372881356,"2005-01"
395193,2016-09-30,"Vineland, NJ","NJ",233,139300,0.00505050505050505,0.0197657393850659,0.0411061285500747,-0.00326990228143464,-0.0179140951648068,"2007-08","2007-Q3",170200,-0.181551116333725,"2005-06"
394917,2016-09-30,"Niles, MI","MI",234,127100,-0.00157109190887667,0.00157604412923562,0.025,0.0295076346679763,-0.00278914732433722,"2007-10","2007-Q4",132600,-0.0414781297134238,"2006-01"
394731,2016-09-30,"Kahului, HI","HI",235,579800,0.0132820692065711,0.0289263531499556,0.0516959912933067,0.0862385722514298,-0.00947331640244198,"2006-11","2006-Q4",640100,-0.0942040306202156,"2005-10"
395125,2016-09-30,"State College, PA","PA",236,217200,0.00323325635103926,0.0187617260787993,0.0507982583454282,0.038749188997101,0.0196455557385378,"2016-09","2016-Q3",217200,0,"2016-09"
394314,2016-09-30,"Alexandria, LA","LA",237,134100,0.0166793025018954,0.0484753713838937,0.0525902668759812,0.0823013633243557,0.0459128562147801,"2016-09","2016-Q3",134100,0,"2016-09"
394662,2016-09-30,"Hanford, CA","CA",238,173400,0.0023121387283237,0.00755374782103428,0.0664206642066421,0.060449797851216,-0.0246243535024828,"2006-06","2006-Q2",226900,-0.235786690171882,"2005-02"
394428,2016-09-30,"Burlington, NC","NC",239,132000,0.00763358778625954,0.0232558139534884,0.045958795562599,0.020267190359307,0.00394802779635439,"2016-09","2016-Q3",132000,0,"2016-09"
394814,2016-09-30,"Madera, CA","CA",240,209400,0.00964320154291225,0.0284872298624754,0.0777148739063304,0.0826169055391541,-0.0406478713273494,"2006-08","2006-Q3",318000,-0.341509433962264,"2004-06"
395152,2016-09-30,"Texarkana, TX","TX",241,94300,0.00212539851222104,0.00106157112526539,-0.00211640211640212,0.0102776296598703,0.00625441085844525,"2009-05","2009-Q2",97400,-0.0318275154004107,"2009-01"
394563,2016-09-30,"Elizabethtown, KY","KY",242,127300,0.00473559589581689,0.0249597423510467,0.0274414850686037,0.0051047477236883,,"2010-09","2010-Q3",129100,-0.0139426800929512,"2010-05"
395000,2016-09-30,"Pottsville, PA","PA",243,73200,-0.0067842605156038,-0.0067842605156038,0.0397727272727273,0.0221660406793709,0.00621842220922875,"2016-07","2016-Q3",74000,-0.0108108108108108,"2016-05"
394639,2016-09-30,"Grand Junction, CO","CO",244,196600,0.0107969151670951,0.0314795383001049,0.0743169398907104,0.0375598347159796,0.00221390258310428,"2008-04","2008-Q2",220700,-0.109198006343453,"2006-11"
394493,2016-09-30,"Concord, NH","NH",245,216000,0.00325127728750581,0.00511865984178688,0.0470189045079981,0.019726869610825,-0.0107688895423501,"2006-03","2006-Q1",245900,-0.12159414396096,"2004-09"
395066,2016-09-30,"Santa Fe, NM","NM",246,291200,0.00275482093663912,0.0121654501216545,0.0355618776671408,0.00144858164230377,0.0010013722065092,"2009-06","2009-Q2",404100,-0.279386290522148,"2006-11"
394671,2016-09-30,"Hattiesburg, MS","MS",247,130900,0.00153022188217292,0.00383435582822086,0.0139426800929512,-0.00317803039776954,0.00398193980423311,"2009-08","2009-Q3",144300,-0.0928620928620929,"2007-02"
394515,2016-09-30,"Dalton, GA","GA",248,112000,0.00538599640933573,0.0247026532479415,0.0606060606060606,0.0627903320181917,-0.00537343454182271,"2007-03","2007-Q1",121400,-0.0774299835255354,"2005-02"
394648,2016-09-30,"Greensboro, NC","NC",249,121700,0.00412541254125413,0.0141666666666667,0.0410607356715141,0.0237941967851836,0.000742547000902816,"2016-09","2016-Q3",121700,0,"2016-09"
394860,2016-09-30,"Midland, TX","TX",250,188900,-0.000529100529100529,0,-0.00735680504466632,0.0596355245259874,0.0555624373792862,"2015-10","2015-Q4",190400,-0.0078781512605042,"2015-01"
394685,2016-09-30,"Homosassa Springs, FL","FL",251,129300,0.00779423226812159,0.0229430379746835,0.10230179028133,0.0475504117584493,-0.0327556552848624,"2006-07","2006-Q3",181400,-0.287210584343991,"2004-11"
395182,2016-09-30,"Valdosta, GA","GA",252,116400,-0.00171526586620926,-0.00512820512820513,-0.0110450297366185,-0.00967816446934311,-0.0118976901554988,"2008-08","2008-Q3",145800,-0.201646090534979,"2004-12"
395117,2016-09-30,"Springfield, OH","OH",253,95000,0.00849256900212314,0.0106382978723404,0.043956043956044,0.0198682946157596,-0.00795625523477861,"2006-11","2006-Q4",103500,-0.0821256038647343,"2003-10"
395119,2016-09-30,"St. George, UT","UT",254,222600,0.00134952766531714,0.00815217391304348,0.0470366886171214,0.0454986877670045,-0.0185362474604891,"2007-03","2007-Q1",282100,-0.210918114143921,"2006-02"
395079,2016-09-30,"Vero Beach, FL","FL",255,179400,0.0072992700729927,0.0274914089347079,0.0939024390243902,0.0785843417426086,-0.0263036213359163,"2006-04","2006-Q2",244000,-0.264754098360656,"2004-09"
394900,2016-09-30,"Napa, CA","CA",256,573200,0.00157260178228202,0.0123631225715295,0.0847842543527631,0.109456708535826,-0.00634961383010113,"2006-04","2006-Q2",621200,-0.077269800386349,"2005-03"
395170,2016-09-30,"Tupelo, MS","MS",257,114500,0.00262697022767075,0.0159716060337178,0.0523897058823529,0.0345837959815516,0.0202499674246563,"2016-09","2016-Q3",114500,0,"2016-09"
394368,2016-09-30,"Battle Creek, MI","MI",258,97100,0.0083073727933541,0.0253431890179514,0.0934684684684685,0.0453167910668741,-0.0115847260245943,"2006-11","2006-Q4",109200,-0.110805860805861,"2003-05"
394719,2016-09-30,"Jamestown, NY","NY",259,72100,0.00138888888888889,0.00980392156862745,-0.00961538461538462,0.000555710262548637,-0.00219246851255717,"2007-08","2007-Q3",78600,-0.0826972010178117,"2005-08"
394577,2016-09-30,"Eureka, CA","CA",260,273300,0.00477941176470588,0.0197761194029851,0.0910179640718563,0.0236116315040429,-0.0135662481391381,"2007-11","2007-Q4",324200,-0.157001850709439,"2005-04"
394595,2016-09-30,"Flagstaff, AZ","AZ",261,313000,0.00449293966623877,0.0113085621970921,0.0585052417991207,0.0547244938872333,-0.0116741209325764,"2007-01","2007-Q1",352800,-0.11281179138322,"2005-10"
395215,2016-09-30,"Wausau, WI","WI",262,136800,0.00514327700220426,0.0163447251114413,0.0662509742790335,0.0262101974942115,0.0104441225524792,"2016-09","2016-Q3",136800,0,"2016-09"
394756,2016-09-30,"La Crosse, WI","WI",263,140500,0.00285510349750178,0.0151734104046243,0.0791090629800307,0.0153436755662688,0.0193464939575481,"2016-09","2016-Q3",140500,0,"2016-09"
394783,2016-09-30,"Lebanon, PA","PA",264,155900,0.00128452151573539,0.00710594315245478,0.00971502590673575,-0.00191327932705998,0.00181399063403953,"2008-05","2008-Q2",163800,-0.0482295482295482,"2007-03"
394703,2016-09-30,"Idaho Falls, ID","ID",265,147700,0.00544588155207624,0.0186206896551724,0.0781021897810219,0.0142672725235418,0.00637937234672448,"2008-07","2008-Q3",167300,-0.117154811715481,"2008-02"
395098,2016-09-30,"Sierra Vista, AZ","AZ",266,132600,-0.000753579502637528,-0.00674157303370787,0.00530705079605762,-0.0152633513704107,-0.0259065428543601,"2006-12","2006-Q4",174300,-0.239242685025818,"2005-01"
394983,2016-09-30,"Pittsfield, MA","MA",267,198900,0.00454545454545455,0.00454545454545455,-0.0138820029747149,-0.00249504108279541,-0.00939968316669437,"2007-12","2007-Q4",221600,-0.102436823104693,"2005-07"
394712,2016-09-30,"Jackson, TN","TN",268,91500,0.00439077936333699,0.00549450549450549,0.0385925085130533,0.00828966488827798,0.000768263630862576,"2010-07","2010-Q3",91700,-0.00218102508178844,"2010-06"
394633,2016-09-30,"Glens Falls, NY","NY",269,153000,-0.00390625,0.00459619172685489,0.0145888594164456,-0.00220752705762539,-0.00539213211151113,"2007-11","2007-Q4",170400,-0.102112676056338,"2006-02"
395232,2016-09-30,"Winchester, VA","VA",270,206000,0,0.0024330900243309,0.0362173038229376,0.0392852611781271,-0.0233491910445268,"2006-05","2006-Q2",267000,-0.228464419475655,"2004-10"
394321,2016-09-30,"Altoona, PA","PA",271,113500,-0.00959860383944154,-0.010462074978204,0.0687382297551789,0.0314921312960543,0.0201200682885585,"2016-07","2016-Q3",115200,-0.0147569444444444,"2016-05"
394800,2016-09-30,"Logan, UT","UT",272,180700,-0.00385887541345094,0.0226372382569327,0.127965043695381,0.0095656721725359,0.00737401850386443,"2016-08","2016-Q3",181400,-0.00385887541345094,"2016-08"
395094,2016-09-30,"Sherman, TX","TX",273,127600,0.0110935023771791,0.0357142857142857,0.189189189189189,0.0723131527753413,0.0339283598881082,"2016-09","2016-Q3",127600,0,"2016-09"
395128,2016-09-30,"Staunton, VA","VA",274,172300,0.00116211504938989,0.00407925407925408,0.0153211549793754,0.01838339861935,-0.00831270339884116,"2008-03","2008-Q1",202600,-0.149555774925962,"2005-07"
394893,2016-09-30,"Muncie, IN","IN",275,75600,0,0.00531914893617021,-0.0526315789473684,0.00186221029645095,-0.0217562333383381,"2005-10","2005-Q4",99000,-0.236363636363636,"1998-07"
394890,2016-09-30,"Mount Vernon, WA","WA",276,274100,0.00772058823529412,0.0269763956538029,0.101245480112495,0.0528236103764734,0.0112041818406186,"2016-09","2016-Q3",274100,0,"2016-09"
394307,2016-09-30,"Albany, OR","OR",277,184500,0.00764609503003823,0.0244308717379234,0.0904255319148936,0.0519877205756702,0.0116014792356161,"2016-09","2016-Q3",184500,0,"2016-09"
395213,2016-09-30,"Watertown, NY","NY",278,134500,0.0189393939393939,0.0483242400623538,0.0166288737717309,0.000894589175366223,0.0267440535300112,"2012-06","2012-Q2",135700,-0.00884303610906411,"2012-04"
394474,2016-09-30,"Cleveland, TN","TN",279,128900,0.00467653936087295,0.0117739403453689,0.0582922824302135,0.0272255198954032,0.0194641666599336,"2016-09","2016-Q3",128900,0,"2016-09"
394390,2016-09-30,"Bismarck, ND","ND",280,236700,-0.00378787878787879,-0.0129274395329441,-0.075390625,0.0544269142245004,0.0488602971053702,"2015-10","2015-Q4",258300,-0.0836236933797909,"2014-01"
394880,2016-09-30,"Morristown, TN","TN",281,119500,0.0067396798652064,0.0196245733788396,0.0575221238938053,0.0323780073951732,0.0102634616045656,"2016-09","2016-Q3",119500,0,"2016-09"
394734,2016-09-30,"Kankakee, IL","IL",282,119700,0.00335289186923722,0.000836120401337793,0.0445026178010471,-0.00314471638226821,-0.00980863831029333,"2012-08","2012-Q3",145800,-0.179012345679012,"2011-08"
394423,2016-09-30,"Brunswick, GA","GA",283,164600,0.00796080832823025,0.0098159509202454,0.0490758444869344,0.0281032406947785,-0.0171073260436205,"2008-09","2008-Q3",217000,-0.24147465437788,"2005-04"
395054,2016-09-30,"San Angelo, TX","TX",284,125400,-0.000796812749003984,-0.00947867298578199,0.00400320256204964,0.038933036070361,,"2015-05","2015-Q2",127200,-0.0141509433962264,"2015-01"
753890,2016-09-30,"Holland, MI","MI",285,152900,0.0112433862433862,0.0345060893098782,0.0836286321757619,0.0636666577426386,0.00615493098678233,"2016-09","2016-Q3",152900,0,"2016-09"
395218,2016-09-30,"Wenatchee, WA","WA",286,263200,-0.00866290018832392,-0.0175438596491228,0.0668828536684232,0.0441167028750393,,"2016-07","2016-Q3",267900,-0.0175438596491228,"2016-05"
394778,2016-09-30,"Lawrence, KS","KS",287,166900,0.00180072028811525,0.00785024154589372,0.0360024829298572,0.00961834082268553,-0.00444309123273334,"2009-06","2009-Q2",187200,-0.108440170940171,"2005-08"
394867,2016-09-30,"Missoula, MT","MT",288,241000,0.00249584026622296,0.010482180293501,0.0242243943901402,0.0192364182383291,0.0106849835315499,"2009-05","2009-Q2",269600,-0.106083086053412,"2008-10"
394369,2016-09-30,"Bay City, MI","MI",289,86600,0.00115606936416185,0.00814901047729918,0.0573870573870574,0.0214005488054467,-0.0134919761243826,"2005-11","2005-Q4",102000,-0.150980392156863,"2000-11"
395039,2016-09-30,"Roseburg, OR","OR",290,160000,0.00565681961030798,0.0165184243964422,0.0582010582010582,0.0368781992994758,-0.00367462927700912,"2007-10","2007-Q4",170300,-0.0604815032295948,"2006-04"
395139,2016-09-30,"Sumter, SC","SC",291,89000,0.0136674259681093,0.0348837209302326,0.0312862108922364,0.00317610753303521,,"2016-09","2016-Q3",89000,0,"2016-09"
394794,2016-09-30,"Lima, OH","OH",292,89700,0.00673400673400673,0.0112739571589628,0.0310344827586207,0.0201106526264374,-0.00187570959343553,"2006-04","2006-Q2",92600,-0.031317494600432,"2005-01"
394495,2016-09-30,"Cookeville, TN","TN",293,119200,0.00336700336700337,0.0127442650807137,0.0437828371278459,0.0214480743105308,0.0202983021850964,"2016-09","2016-Q3",119200,0,"2016-09"
753872,2016-09-30,"California-Lexington Park, MD","MD",294,256800,0.00430191630817364,0.00390930414386239,0.00626959247648903,0.00773061989326829,-0.0232775595935203,"2007-05","2007-Q2",331200,-0.22463768115942,"2005-01"
394513,2016-09-30,"Cumberland, MD","MD",295,82700,-0.0107655502392344,-0.0224586288416076,-0.0676437429537768,-0.0026391922839476,-0.00072263348888113,"2009-05","2009-Q2",104100,-0.205571565802113,"2005-12"
394804,2016-09-30,"Longview, WA","WA",296,165300,-0.0143112701252236,-0.0113636363636364,-0.0400696864111498,0.0136053028376681,-0.0102829799059284,"2008-03","2008-Q1",202800,-0.18491124260355,"2005-11"
395222,2016-09-30,"Whitewater, WI","WI",297,174500,0.0104226983207875,0.0240610328638498,0.0758323057953144,0.0241151780370983,-0.00298756635461772,"2007-07","2007-Q3",183000,-0.046448087431694,"2005-09"
394599,2016-09-30,"Fond du Lac, WI","WI",298,130600,0.0061633281972265,0.0219092331768388,0.0669934640522876,0.0167349249049522,0.00232658690584753,"2008-08","2008-Q3",132900,-0.017306245297216,"2008-03"
394709,2016-09-30,"Ithaca, NY","NY",299,197900,0.00354969574036511,0.0102092904543134,0.0399369416710457,0.0354060755340764,0.0283060699342885,"2016-09","2016-Q3",197900,0,"2016-09"
394340,2016-09-30,"Ashtabula, OH","OH",300,83700,0.013317191283293,0.0145454545454545,0.0157766990291262,0.0152494136699244,-0.0107993765079446,"2006-05","2006-Q2",94600,-0.115221987315011,"2003-01"
395168,2016-09-30,"Tullahoma, TN","TN",301,128300,0.00469851213782302,0.0134281200631912,0.0928449744463373,0.0365884708159641,0.0176562291861684,"2016-09","2016-Q3",128300,0,"2016-09"
395173,2016-09-30,"Twin Falls, ID","ID",302,148800,0.00269541778975741,0.006765899864682,0.0486257928118393,0.0326788043796122,-0.0203150455948459,"2006-08","2006-Q3",184700,-0.194369247428262,
394501,2016-09-30,"Corning, NY","NY",303,88500,0.0160734787600459,0.0375146541617819,0.0675512665862485,0.025580450076665,0.0145453159300863,"2016-09","2016-Q3",88500,0,"2016-09"
395080,2016-09-30,"Sebring, FL","FL",304,104000,0.010689990281827,0.0307234886025768,0.167227833894501,0.0625134194396775,-0.042938387380539,"2006-07","2006-Q3",162600,-0.360393603936039,"2004-11"
395166,2016-09-30,"Truckee, CA","CA",305,389500,0.00645994832041344,0.0148514851485149,0.0367314346553101,0.0680138209599572,-0.0236449495481854,"2006-03","2006-Q1",505600,-0.229628164556962,"2004-08"
394637,2016-09-30,"Grand Forks, ND","ND",306,163800,0.00306184935701164,0.0205607476635514,0.0790513833992095,0.0517126526868159,0.0283104733149331,"2016-09","2016-Q3",163800,0,"2016-09"
394580,2016-09-30,"Fairbanks, AK","AK",307,212200,0.00141576215195847,0.00568720379146919,0.0266086115142719,0.00227749560558843,-0.000704145587579474,"2008-05","2008-Q2",255800,-0.1704456606724,"2006-09"
394928,2016-09-30,"Ocean City, NJ","NJ",308,339300,0.00147579693034238,0.00325251330573625,0.0170863309352518,0.00177778900523862,-0.0224066829083567,"2006-02","2006-Q1",436300,-0.222324088929636,"2004-05"
394823,2016-09-30,"Mankato, MN","MN",309,179900,0.00111296605453534,0.00671516508114158,0.0772455089820359,0.0406549059667229,0.00898921960255739,"2016-09","2016-Q3",179900,0,"2016-09"
394441,2016-09-30,"Cape Girardeau, MO","MO",310,134600,-0.00296296296296296,-0.0110213078618663,-0.000742390497401633,0.00931885522471876,,"2014-11","2014-Q4",143000,-0.0587412587412587,"2014-06"
394689,2016-09-30,"Hot Springs, AR","AR",311,131800,-0.00151515151515152,-0.00302571860816944,-0.00151515151515152,0.0103275979630246,-0.0000758408894205864,"2008-02","2008-Q1",136800,-0.0365497076023392,"2006-09"
395140,2016-09-30,"Sunbury, PA","PA",312,90400,-0.00110497237569061,0,-0.0227027027027027,0.0414116068964043,-0.00783715902881121,"2008-05","2008-Q2",108500,-0.166820276497696,"2005-02"
395153,2016-09-30,"The Villages, FL","FL",313,233600,0.00214500214500214,0.00343642611683849,-0.0101694915254237,0.0460653108598266,0.000730667476782187,"2015-02","2015-Q1",238000,-0.0184873949579832,"2014-08"
394911,2016-09-30,"New Philadelphia, OH","OH",314,116100,0.00172562553925798,0.00606585788561525,0.0740055504162812,0.0572280299728443,0.0181365971673797,"2016-09","2016-Q3",116100,0,"2016-09"
394462,2016-09-30,"Cheyenne, WY","WY",315,199200,0.00150829562594269,0.00911854103343465,0.0635344367325147,0.0345329418428599,0.0168782138839125,"2016-09","2016-Q3",199200,0,"2016-09"
394907,2016-09-30,"New Castle, PA","PA",316,94500,0.00105932203389831,0.0172228202368138,0.122327790973872,0.0464714069075989,,"2008-10","2008-Q4",120000,-0.2125,
395086,2016-09-30,"Sevierville, TN","TN",317,166500,0.00604229607250755,0.0158633312995729,0.0524652338811631,0.0280381871745408,-0.00445350732968386,"2007-04","2007-Q2",178100,-0.0651319483436272,"2006-06"
394882,2016-09-30,"Moses Lake, WA","WA",318,130800,0.0123839009287926,0.0323599052880821,0.066884176182708,0.0241300393054962,,"2016-09","2016-Q3",130800,0,"2016-09"
394568,2016-09-30,"Elmira, NY","NY",319,87500,0.00344036697247706,0.00806451612903226,0.0355029585798817,0.0041658466678185,0.0136580400878228,"2012-11","2012-Q4",90800,-0.0363436123348018,"2012-05"
394373,2016-09-30,"Beaver Dam, WI","WI",320,138600,0.0050761421319797,0.0206185567010309,0.0523917995444191,0.016835287170093,-0.000790205573714786,"2007-10","2007-Q4",141700,-0.0218772053634439,"2006-04"
395175,2016-09-30,"Ukiah, CA","CA",321,362500,0.00276625172890733,0.0128527521654093,0.127527216174184,0.069138895955839,-0.0193666870689188,"2006-11","2006-Q4",461200,-0.214006938421509,"2004-10"
753887,2016-09-30,"Hermiston-Pendleton, OR","OR",322,154400,0.00520833333333333,0.0084911822338341,0.0293333333333333,0.0312212699307219,0.0270769481004927,"2016-09","2016-Q3",154400,0,"2016-09"
394505,2016-09-30,"Corvallis, OR","OR",323,302100,0.00935516204477113,0.0240677966101695,0.0820200573065903,0.0480618557425347,0.0197235124092054,"2016-09","2016-Q3",302100,0,"2016-09"
394395,2016-09-30,"Bloomsburg, PA","PA",324,140600,0.00860832137733142,0.0330639235855988,0.0848765432098765,0.0303107602977843,0.0179369657452026,"2016-09","2016-Q3",140600,0,"2016-09"
394776,2016-09-30,"Laurel, MS","MS",325,103500,-0.00480769230769231,-0.00192864030858245,0.078125,0.0187924817829905,0.0190510781146243,"2016-07","2016-Q3",104200,-0.00671785028790787,"2016-06"
394941,2016-09-30,"Opelousas, LA","LA",326,109700,-0.0036330608537693,-0.00272727272727273,0.0850642927794263,0.0481839514607532,0.0316897320657739,"2016-07","2016-Q3",110400,-0.00634057971014493,"2016-06"
394755,2016-09-30,"Kokomo, IN","IN",327,82700,0.00121065375302663,0.0122399020807834,-0.00958083832335329,0.0292443637855477,,"2015-11","2015-Q4",84300,-0.0189798339264531,"2015-08"
394641,2016-09-30,"Grants Pass, OR","OR",328,223900,0.0112917795844625,0.0438228438228438,0.122305764411028,0.0695148577403586,-0.00989102394894859,"2006-03","2006-Q1",253000,-0.11501976284585,"2005-04"
394986,2016-09-30,"Plattsburgh, NY","NY",329,115300,-0.00173160173160173,0.00963222416812609,-0.0178875638841567,0.00386044121172291,0.00959409661750121,"2014-12","2014-Q4",119800,-0.0375626043405676,"2013-12"
394638,2016-09-30,"Grand Island, NE","NE",330,126200,0,-0.00941915227629513,0.0112179487179487,0.0368745066869951,0.0238502004713852,"2016-06","2016-Q2",127400,-0.00941915227629513,"2016-05"
394644,2016-09-30,"Great Falls, MT","MT",331,157100,-0.000636132315521629,0.000636942675159236,0.0459387483355526,0.0129655779250986,0.01437820123855,"2009-06","2009-Q2",162300,-0.0320394331484904,"2009-01"
394936,2016-09-30,"Olean, NY","NY",332,72900,0,0.0110957004160888,0.0167364016736402,0.00501278260598492,0.000965324938071443,"2007-06","2007-Q2",75100,-0.0292942743009321,"2006-11"
394345,2016-09-30,"Athens, TX","TX",333,145800,-0.0141987829614604,-0.0647851186658114,0.033309709425939,0.0286432099395511,0.0230398017325466,"2016-05","2016-Q2",157700,-0.0754597336715282,"2015-11"
394925,2016-09-30,"Oak Harbor, WA","WA",334,321200,0.00879396984924623,0.0324654451944712,0.130985915492958,0.0401600009193526,0.00545267222300772,"2008-03","2008-Q1",321800,-0.00186451211932878,"2008-03"
395106,2016-09-30,"Somerset, PA","PA",335,102400,-0.00292112950340798,-0.0115830115830116,0.0767613038906414,0.0216506740215228,0.017844107765068,"2016-06","2016-Q2",103600,-0.0115830115830116,"2016-05"
395205,2016-09-30,"Warsaw, IN","IN",336,139100,-0.00215208034433285,-0.026592022393282,-0.0333564975677554,0.00363381671958707,0.00225636308380661,"2016-03","2016-Q1",147800,-0.0588633288227334,"2014-12"
394738,2016-09-30,"Keene, NH","NH",337,174000,0.00636205899363794,0.0145772594752187,0.0175438596491228,0.0132710456186691,-0.0151997962826325,"2006-11","2006-Q4",203000,-0.142857142857143,"2004-09"
395062,2016-09-30,"Sandusky, OH","OH",338,120700,0.0117351215423303,0.00835421888053467,-0.00984413453650533,0.0332292230964155,-0.0037332872700766,"2005-03","2005-Q1",133100,-0.0931630353117956,"2003-03"
394489,2016-09-30,"Columbus, IN","IN",339,145400,0.00762300762300762,0.0232230823363828,0.087509349289454,0.0437085998074138,,"2016-09","2016-Q3",145400,0,"2016-09"
394452,2016-09-30,"Centralia, WA","WA",340,169400,0.000590667454223272,0.0065359477124183,0.0554517133956386,0.0390085904794226,0.00136796947947126,"2007-06","2007-Q2",173400,-0.0230680507497117,"2006-12"
394445,2016-09-30,"Casper, WY","WY",341,186800,-0.00373333333333333,-0.0116402116402116,-0.0053248136315229,0.0322329330265982,0.00770421907286511,"2008-02","2008-Q1",200300,-0.0673989016475287,"2007-06"
394675,2016-09-30,"Helena, MT","MT",342,192000,0.00104275286757039,0.00208768267223382,0.044613710554951,0.00997944759346447,0.0102415197866452,"2009-11","2009-Q4",210500,-0.0878859857482185,"2008-11"
394593,2016-09-30,"Findlay, OH","OH",343,129000,0.0133542812254517,0.0295291300877893,0.100682593856655,0.0346469050687741,0.00675603171648853,"2016-09","2016-Q3",129000,0,"2016-09"
394955,2016-09-30,"Palatka, FL","FL",344,96300,0.00103950103950104,0.00103950103950104,0.0906002265005663,0.0109421161509009,-0.0340716385324956,"2007-02","2007-Q1",139900,-0.311651179413867,"2004-10"
753881,2016-09-30,"Glenwood Springs, CO","CO",345,470200,0.010313708637731,0.0230635335073977,0.0861630861630862,0.0824534525784917,0.0142156891860825,"2008-05","2008-Q2",507000,-0.0725838264299803,"2007-10"
394744,2016-09-30,"Key West, FL","FL",346,549500,0.00401973323588526,0.0236587183308495,0.116416091019911,0.0845507308819022,-0.0163985336417594,"2005-11","2005-Q4",738500,-0.255924170616114,"2004-08"
753883,2016-09-30,"Greenfield Town, MA","MA",347,199800,0.00200601805416249,0.00150375939849624,0.00100200400801603,0.00894376154410748,-0.00534495964423198,"2007-02","2007-Q1",214100,-0.0667912190565157,"2005-12"
395126,2016-09-30,"Statesboro, GA","GA",348,135000,0.00297176820208024,0.00596125186289121,0.0273972602739726,0.0122924773972626,,"2009-08","2009-Q3",161300,-0.163050216986981,
394826,2016-09-30,"Marion, IN","IN",349,66100,0.00455927051671732,0.00303490136570561,-0.0322108345534407,-0.00623564078986416,-0.0223921214542243,"2004-11","2004-Q4",87900,-0.248009101251422,"1999-01"
394866,2016-09-30,"Minot, ND","ND",350,202900,-0.000984736582964057,-0.0073385518590998,-0.0259241478636582,0.0345599390332716,,"2015-09","2015-Q3",208300,-0.0259241478636582,"2015-01"
395021,2016-09-30,"Richmond, IN","IN",351,73700,0.00820793433652531,0.0193637621023513,0.00958904109589041,0.00636113258210336,-0.02054154382301,"2005-03","2005-Q1",95700,-0.229885057471264,"2000-03"
394647,2016-09-30,"Greeneville, TN","TN",352,89000,0.00225225225225225,0.00225225225225225,-0.021978021978022,0.0238650174087884,,"2014-07","2014-Q3",91800,-0.0305010893246187,"2014-05"
394764,2016-09-30,"Lake City, FL","FL",353,114600,0.0070298769771529,0.0213903743315508,0.0872865275142315,0.0309507142330252,-0.0275277922693322,"2006-11","2006-Q4",153400,-0.252933507170795,"2005-04"
394736,2016-09-30,"Kapaa, HI","HI",354,545200,-0.0103467053911781,-0.0107058610052622,0.0719622493118364,0.0777749400389525,-0.00725847418130621,"2006-05","2006-Q2",599300,-0.0902719839813115,"2005-08"
394762,2016-09-30,"LaGrange, GA","GA",355,96600,0.017913593256059,0.032051282051282,0.0331550802139037,0.0358536996478929,-0.000516130166857698,"2008-08","2008-Q3",116300,-0.16938950988822,"2007-05"
394877,2016-09-30,"Morehead City, NC","NC",356,234700,0.00170721297481861,0.00859475719810915,0.0289346777729066,0.00102573085204005,-0.0138771538423839,"2008-02","2008-Q1",320900,-0.268619507634777,"2005-02"
394752,2016-09-30,"Klamath Falls, OR","OR",357,149100,0.00539447066756575,0.0122199592668024,0.0368567454798331,0.066820223066528,-0.0165057418727302,"2007-05","2007-Q2",177000,-0.157627118644068,"2005-09"
394472,2016-09-30,"Clearlake, CA","CA",358,220000,0.0114942528735632,0.0323791647114031,0.114488348530902,0.104570177579687,-0.0352273084379071,"2006-08","2006-Q3",315500,-0.302694136291601,"2004-06"
394586,2016-09-30,"Faribault, MN","MN",359,192600,0.0321543408360129,0.0640883977900552,0.130281690140845,0.0675563481937327,-0.00255964709749601,"2005-12","2005-Q4",203900,-0.0554193231976459,"2005-02"
395016,2016-09-30,"Red Bluff, CA","CA",360,169100,0.00356083086053412,0.0101553166069295,0.0601880877742947,0.107479033614691,0.012938933112729,"2016-09","2016-Q3",169100,0,"2016-09"
394693,2016-09-30,"Hudson, NY","NY",361,198900,0.0091324200913242,0.0194771911840082,0.0386422976501305,0.00761169825506669,-0.00949026890901772,"2007-07","2007-Q3",229300,-0.132577409507196,"2005-06"
394496,2016-09-30,"Coos Bay, OR","OR",362,177600,0.00338983050847458,0.0177650429799427,0.0744101633393829,0.0381211589783188,-0.00216982483394768,"2007-04","2007-Q2",187700,-0.0538092701118807,"2006-01"
395199,2016-09-30,"Walla Walla, WA","WA",363,195500,0.00721277691911386,0.0103359173126615,0.0891364902506964,0.0346303673882666,0.000256114877983826,"2008-05","2008-Q2",222200,-0.12016201620162,"2006-10"
394939,2016-09-30,"Oneonta, NY","NY",364,119400,0.00929839391377853,0.0101522842639594,0.04828797190518,0.0141491535022695,0.00126503882895301,"2009-04","2009-Q2",127000,-0.0598425196850394,"2008-04"
394360,2016-09-30,"Baraboo, WI","WI",365,172600,0.00935672514619883,0.0267697798929209,0.0727159726538223,0.0291529416656846,0.00234752443892972,"2009-11","2009-Q4",178600,-0.0335946248600224,"2009-07"
395044,2016-09-30,"Rutland, VT","VT",366,157300,0.00318877551020408,0.0181229773462783,0.036231884057971,-0.000507807802903826,-0.0400807467872879,"2005-06","2005-Q2",248900,-0.368019284853355,
395136,2016-09-30,"Sturgis, MI","MI",367,111100,0.0173992673992674,0.0354147250698975,0.0682692307692308,0.0641869546345799,0.00789284352459907,"2016-09","2016-Q3",111100,0,"2016-09"
394787,2016-09-30,"Lewiston, ID","ID",368,187300,0.020708446866485,0.045784477945282,0.0883207437536316,0.0367169656522521,0.0193723016532474,"2016-09","2016-Q3",187300,0,"2016-09"
394309,2016-09-30,"Albemarle, NC","NC",369,126400,0.00797448165869218,0.0218270008084074,0.0386195562859491,0.0279972455433293,0.00470826897206589,"2007-11","2007-Q4",130100,-0.0284396617986164,"2007-07"
394570,2016-09-30,"Enid, OK","OK",370,114300,-0.00522193211488251,-0.0280612244897959,-0.0121002592912705,0.0607751421350451,,"2016-04","2016-Q2",123400,-0.0737439222042139,"2015-09"
394629,2016-09-30,"Georgetown, SC","SC",371,216000,0.00371747211895911,0.00887435777673984,0.0256410256410256,0.0116957237042861,-0.0157645462219755,"2007-09","2007-Q3",269900,-0.199703593923675,"2005-10"
394759,2016-09-30,"Laconia, NH","NH",372,199700,0.00100250626566416,-0.00893300248138958,0.0204394481349004,0.0118253338424852,-0.0138553609628318,"2006-03","2006-Q1",235500,-0.152016985138004,"2004-06"
394365,2016-09-30,"Batavia, NY","NY",373,114300,0.000875656742556918,0.0132978723404255,0.040983606557377,0.0403241455006895,0.0251044943704017,"2016-09","2016-Q3",114300,0,"2016-09"
753910,2016-09-30,"Oxford, NC","NC",374,144900,0.0027681660899654,0.00415800415800416,0.0599853694220922,0.0437019737031787,0.00481814902161148,"2016-09","2016-Q3",144900,0,"2016-09"
394490,2016-09-30,"Columbus, MS","MS",375,119500,0.00251677852348993,0.00504625735912532,0.00504625735912532,0.0073562498627413,0.0162596797783885,"2009-06","2009-Q2",134200,-0.109538002980626,"2008-03"
394362,2016-09-30,"Barre, VT","VT",376,206900,0.00388161086851043,0.0127263827704356,-0.00576645843344546,0.00720991132666526,-0.0172005886276757,"2005-03","2005-Q1",253800,-0.184791174152876,"2004-11"
394540,2016-09-30,"Dublin, GA","GA",377,92300,0.00654307524536532,0.05125284738041,0.0500568828213879,0.0175746227722537,-0.00474897307629785,"2008-03","2008-Q1",102500,-0.0995121951219512,"2005-06"
395063,2016-09-30,"Sanford, NC","NC",378,120300,-0.00331400165700083,-0.00496277915632754,0.0273270708795901,0.00386826219079994,0.00835115629868954,"2016-07","2016-Q3",121000,-0.00578512396694215,"2016-05"
394509,2016-09-30,"Crossville, TN","TN",379,106300,0.0230991337824832,0.106139438085328,0.257988165680473,0.0545693167602195,,"2016-09","2016-Q3",106300,0,"2016-09"
394977,2016-09-30,"Picayune, MS","MS",380,127300,-0.00313234142521535,-0.0207692307692308,-0.00391236306729264,-0.00916885168851767,-0.00444551131544346,"2008-02","2008-Q1",144600,-0.119640387275242,"2006-06"
394634,2016-09-30,"Gloversville, NY","NY",381,104400,0.000958772770853308,-0.0141643059490085,0.0265486725663717,0.00885093790836233,-0.00227024419646071,"2007-10","2007-Q4",117500,-0.111489361702128,"2006-07"
394444,2016-09-30,"Carson City, NV","NV",382,244100,0.0128630705394191,0.0234800838574423,0.104025327905925,0.10214165690122,-0.0206701438336874,"2005-07","2005-Q3",438900,-0.443836864889496,
394432,2016-09-30,"Calhoun, GA","GA",383,115000,0.00349040139616056,0.009657594381036,0.00524475524475524,0.0511821223182152,-0.0124888114688608,"2008-02","2008-Q1",144500,-0.204152249134948,"2003-04"
395216,2016-09-30,"Waycross, GA","GA",384,90500,0.00891861761426979,0.0295790671217292,0.0722748815165877,0.0325684241570792,-0.0023989800235924,"2009-02","2009-Q1",97400,-0.0708418891170431,"2007-09"
394721,2016-09-30,"Jasper, IN","IN",385,123100,-0.0016220600162206,-0.00885668276972625,0.0566523605150215,0.0358948432473905,0.0210001485940057,"2016-05","2016-Q2",124500,-0.0112449799196787,"2016-03"
394940,2016-09-30,"Ontario, OR","OR",386,131400,0.0022883295194508,0.0053557765876052,0.0682926829268293,0.0288169311317663,-0.0266787127663463,"2008-04","2008-Q2",188000,-0.301063829787234,"2005-11"
394967,2016-09-30,"Payson, AZ","AZ",387,170900,0.00234604105571848,0.00945067926757236,0.0395377128953771,0.0441469506445049,-0.0217347198956143,"2008-02","2008-Q1",217100,-0.212805158912943,"2005-09"
394625,2016-09-30,"Galesburg, IL","IL",388,72400,0.0097629009762901,0.0125874125874126,0.0168539325842697,0.0214838755044922,,"2009-11","2009-Q4",95700,-0.243469174503657,
395204,2016-09-30,"Warrensburg, MO","MO",389,151900,0.00396563119629874,0.0298305084745763,0.0160535117056856,,,"2016-09","2016-Q3",151900,0,"2016-09"
394344,2016-09-30,"Athens, TN","TN",390,123300,0.00817661488143908,0.0190082644628099,0.0449152542372881,0.0318688284982687,0.0117556653252371,"2016-09","2016-Q3",123300,0,"2016-09"
394556,2016-09-30,"Edwards, CO","CO",391,630600,0.00190657769304099,0.00654429369513168,0.0341095441128239,0.0641518382358703,-0.000174269892607271,"2007-12","2007-Q4",695700,-0.0935748167313497,"2006-09"
394592,2016-09-30,"Fernley, NV","NV",392,191700,0.0137493389740878,0.0498357064622125,0.119742990654206,0.126443530584254,-0.0309800035972171,"2006-04","2006-Q2",267200,-0.282559880239521,"2004-09"
394547,2016-09-30,"Durango, CO","CO",393,341500,0.00234810683886117,0.0115521327014218,0.0738993710691824,0.0356735963153769,0.0134808536141442,"2016-09","2016-Q3",341500,0,"2016-09"
394363,2016-09-30,"Bartlesville, OK","OK",394,100100,0.0100908173562059,0.0277207392197125,0.0648936170212766,0.0492811452954292,0.0340751591757384,"2016-09","2016-Q3",100100,0,"2016-09"
394717,2016-09-30,"Jacksonville, TX","TX",395,93600,-0.00213219616204691,-0.00952380952380952,0.0660592255125285,,,"2016-06","2016-Q2",94500,-0.00952380952380952,"2016-05"
394566,2016-09-30,"Elko, NV","NV",396,222600,0.000449438202247191,0.00906618313689937,0.0343866171003717,0.0185047231685256,0.0123950349327675,"2008-02","2008-Q1",249900,-0.109243697478992,"2007-04"
395122,2016-09-30,"St. Marys, GA","GA",397,154000,0.0045662100456621,0.0158311345646438,0.0814606741573034,0.0343051445976328,-0.0129836201061503,"2008-03","2008-Q1",177500,-0.132394366197183,"2005-05"
394326,2016-09-30,"Amsterdam, NY","NY",398,90900,-0.00655737704918033,0.0033112582781457,-0.0267665952890792,-0.00455748141336798,-0.00398179901924045,"2009-11","2009-Q4",106700,-0.148078725398313,"2006-06"
394963,2016-09-30,"Paris, TX","TX",399,79600,0,0.0244530244530245,0.0571049136786188,0.0257440582801205,,"2016-09","2016-Q3",79600,0,"2016-09"
394906,2016-09-30,"New Castle, IN","IN",400,67800,-0.00732064421669107,-0.0202312138728324,-0.0369318181818182,-0.00379130196300337,-0.0280353047754518,"2005-03","2005-Q1",95600,-0.290794979079498,"1998-04"
394503,2016-09-30,"Corsicana, TX","TX",401,107700,0.00748362956033676,0.0395752895752896,0.0978593272171254,,,"2016-09","2016-Q3",107700,0,"2016-09"
395124,2016-09-30,"Starkville, MS","MS",402,168500,0.0126201923076923,0.0280658938377059,0.0243161094224924,0.0142384029131317,0.0249470104215475,"2015-06","2015-Q2",168700,-0.001185536455246,"2015-06"
394336,2016-09-30,"Ardmore, OK","OK",403,96700,-0.0112474437627812,-0.0406746031746032,-0.0425742574257426,0.058422391358514,0.0449459876969505,"2016-03","2016-Q1",106400,-0.0911654135338346,"2015-08"
394739,2016-09-30,"Kendallville, IN","IN",404,108000,-0.003690036900369,-0.0163934426229508,0.0140845070422535,0.0292536811171891,-0.00530484368893136,"2006-09","2006-Q3",113900,-0.0517998244073749,"2005-03"
394918,2016-09-30,"Nogales, AZ","AZ",405,125000,0.00240577385725742,0.00644122383252818,0.0296540362438221,0.0150569397936717,-0.0267305176302339,"2007-04","2007-Q2",170000,-0.264705882352941,"2004-12"
394951,2016-09-30,"Oxford, MS","MS",406,173700,0.00637311703360371,0.011648223645894,0.0223660977045321,0.0174587441943079,0.00730903460682364,"2016-09","2016-Q3",173700,0,"2016-09"
394987,2016-09-30,"Plymouth, IN","IN",407,124200,0.0072992700729927,0.0105777054515867,0.0597269624573379,0.0266413284299254,0.00253084909932166,"2016-03","2016-Q1",125500,-0.0103585657370518,"2016-02"
394628,2016-09-30,"Gardnerville Ranchos, NV","NV",408,347000,0.00901424832800233,0.0254137115839243,0.0946372239747634,0.0887728557524994,-0.0191917477407525,"2005-12","2005-Q4",435300,-0.202848610153917,"2004-08"
395144,2016-09-30,"Tahlequah, OK","OK",409,111800,0.000895255147717099,0.000895255147717099,0.0928641251221896,0.0616404431443323,0.0492920335484319,"2016-09","2016-Q3",111800,0,"2016-09"
395043,2016-09-30,"Ruston, LA","LA",410,166500,0.00543478260869565,0.0177261613691932,0.0544648511716276,0.0267667330028809,0.0260058511166184,"2016-09","2016-Q3",166500,0,"2016-09"
753889,2016-09-30,"Hillsdale, MI","MI",411,116000,0.012216404886562,0.0320284697508897,0.156530408773679,0.0817807410664029,0.00191660127822235,"2006-07","2006-Q3",116700,-0.00599828620394173,"2006-07"
394375,2016-09-30,"Bedford, IN","IN",412,83800,0.001194743130227,0.00479616306954436,0.0157575757575758,0.00459733881008328,0.00390102506494561,"2005-09","2005-Q3",97300,-0.138746145940391,"2004-05"
394883,2016-09-30,"Moultrie, GA","GA",413,86600,-0.0302351623740202,-0.053551912568306,0.030952380952381,0.00587584517046591,-0.0173840272161901,"2008-02","2008-Q1",111700,-0.224709042076992,"2005-08"
395091,2016-09-30,"Shelbyville, TN","TN",414,132600,0.012987012987013,0.0343213728549142,0.139175257731959,0.0673978341844748,0.0228354829772066,"2016-09","2016-Q3",132600,0,"2016-09"
395155,2016-09-30,"Thomasville, GA","GA",415,103100,0.00487329434697856,0.012770137524558,0.0382678751258812,0.0122723776266469,-0.0118050172739371,"2008-08","2008-Q3",131400,-0.215372907153729,"2004-11"
394500,2016-09-30,"Cornelia, GA","GA",416,131300,0.00922367409684858,0.0363062352012628,0.141739130434783,0.0718730458998591,0.0119443211641919,"2016-09","2016-Q3",131300,0,"2016-09"
394426,2016-09-30,"Burley, ID","ID",417,141300,0.00641025641025641,0.00856531049250535,0.0761614623000762,0.0137098025412006,0.00464591158439265,"2008-07","2008-Q3",150400,-0.0605053191489362,"2008-04"
394384,2016-09-30,"Big Rapids, MI","MI",418,102700,0.00686274509803922,0.0178394449950446,0.0867724867724868,0.0514889978679987,-0.0109899550326776,"2003-08","2003-Q3",136900,-0.24981738495252,"1999-03"
394895,2016-09-30,"Muscatine, IA","IA",419,128200,0.00549019607843137,0.00078064012490242,-0.0146041506533436,0.00410626579155826,,"2015-03","2015-Q1",133100,-0.0368144252441773,"2014-11"
395087,2016-09-30,"Seymour, IN","IN",420,105200,-0.00189753320683112,-0.0259259259259259,-0.0706713780918728,0.0229867991380752,0.0104637552708038,"2016-02","2016-Q1",118300,-0.110735418427726,"2014-12"
394538,2016-09-30,"Douglas, GA","GA",421,100600,0.013091641490433,0.0994535519125683,0.206235011990408,0.0571304969314728,,"2008-02","2008-Q1",106100,-0.0518378887841659,
394349,2016-09-30,"Auburn, IN","IN",422,113500,-0.000880281690140845,0.00442477876106195,-0.0413851351351351,0.0275061770699612,-0.00139886855061777,"2015-06","2015-Q2",120700,-0.0596520298260149,"2014-12"
394779,2016-09-30,"Lawrenceburg, TN","TN",423,99400,0.00505561172901921,0.0279214064115822,0.12316384180791,0.048342869321286,0.022077812224335,"2016-09","2016-Q3",99400,0,"2016-09"
394558,2016-09-30,"El Campo, TX","TX",424,117400,0.0111972437553833,0.031634446397188,0.0643699002719855,0.0459069568251855,,"2016-09","2016-Q3",117400,0,"2016-09"
394876,2016-09-30,"Montrose, CO","CO",425,204600,0.00540540540540541,0.0214677983025462,0.0689655172413793,0.055062670738661,0.00103222907920042,"2008-06","2008-Q2",229600,-0.108885017421603,"2007-04"
395158,2016-09-30,"Tifton, GA","GA",426,129600,0.00465116279069767,0.0188679245283019,0.0818030050083473,0.0220679612927244,0.00755799472218932,"2009-02","2009-Q1",132200,-0.0196671709531014,"2008-01"
395178,2016-09-30,"Urbana, OH","OH",427,113900,-0.00262697022767075,-0.00610820244328098,0.02152466367713,0.028644922006503,0.00339894603364321,"2016-07","2016-Q3",114600,-0.00610820244328098,"2016-07"
394934,2016-09-30,"Okeechobee, FL","FL",428,99500,0.0153061224489796,0.0353798126951093,0.0826985854189336,0.0469581438599762,-0.0509193644237318,"2006-05","2006-Q2",173300,-0.425851125216388,"2004-05"
394845,2016-09-30,"McMinnville, TN","TN",429,76100,-0.00262123197903014,-0.012970168612192,0.00131578947368421,0.0186032024860918,0.0166758188991654,"2016-06","2016-Q2",77100,-0.012970168612192,"2016-05"
394904,2016-09-30,"Natchitoches, LA","LA",430,142500,0.00352112676056338,0.00635593220338983,0.0853008377760853,0.0224943947595515,,"2016-09","2016-Q3",142500,0,"2016-09"
394383,2016-09-30,"Berlin, NH","NH",431,115700,0.00696257615317668,0.0211827007943513,0.0595238095238095,0.0155674612058778,-0.0277473838871162,"2007-02","2007-Q1",158300,-0.269109286165509,"2004-04"
394526,2016-09-30,"Defiance, OH","OH",432,96000,-0.004149377593361,-0.0204081632653061,0.0367170626349892,0.0335449412282756,-0.00892118384183327,"2006-02","2006-Q1",107600,-0.107806691449814,"2004-01"
394801,2016-09-30,"Logansport, IN","IN",433,67600,0.00445765230312036,-0.00734214390602056,0.0104633781763827,0.0125922383255723,-0.0222983940192727,"2004-10","2004-Q4",91300,-0.259583789704272,"2000-08"
395192,2016-09-30,"Vincennes, IN","IN",434,74400,-0.008,-0.029986962190352,0.0233837689133425,0.0273819131291102,0.0016273748267237,"2005-11","2005-Q4",83300,-0.106842737094838,"2004-08"
394624,2016-09-30,"Gainesville, TX","TX",435,130900,0.00847457627118644,0.0266666666666667,0.0659609120521173,0.062435648740891,0.0279105564726918,"2016-09","2016-Q3",130900,0,"2016-09"
394550,2016-09-30,"Dyersburg, TN","TN",436,82400,0.0048780487804878,0.013530135301353,0.134986225895317,0.0431824583310916,0.0190940916361806,"2016-09","2016-Q3",82400,0,"2016-09"
394507,2016-09-30,"Crawfordsville, IN","IN",437,98900,-0.00201816347124117,-0.0207920792079208,0.0323590814196242,0.0222391600580707,-0.00784105685100223,"2005-06","2005-Q2",113400,-0.127865961199295,"2003-12"
394422,2016-09-30,"Brownwood, TX","TX",438,80500,-0.00739827373612824,-0.0110565110565111,0.0189873417721519,0.0402048735112499,,"2015-04","2015-Q2",82900,-0.0289505428226779,"2015-01"
394324,2016-09-30,"Americus, GA","GA",439,80800,0.0112640801001252,-0.00123609394313968,0.01,0.00274523722772679,-0.0335818235085862,"2008-04","2008-Q2",132800,-0.391566265060241,"2003-04"
394554,2016-09-30,"Easton, MD","MD",440,284700,0.00317124735729387,0.00140696447414703,0.0356493270280102,0.0234859864683661,-0.0251525637356279,"2006-08","2006-Q3",369000,-0.228455284552846,"2004-11"
395046,2016-09-30,"Safford, AZ","AZ",441,138600,0.00434782608695652,0.00946831755280408,0.00144508670520231,0.0304443856033241,-0.00409112243388599,"2008-07","2008-Q3",181400,-0.235942668136714,"2006-07"
394382,2016-09-30,"Bennington, VT","VT",442,178400,0.00904977375565611,0.0171037628278221,0.0113378684807256,-0.013142625669524,,"2009-06","2009-Q2",225400,-0.20851818988465,
394696,2016-09-30,"Huntington, IN","IN",443,84400,-0.00118343195266272,-0.0105509964830012,-0.0105509964830012,0.0177300327558405,-0.00912226168028618,"2005-11","2005-Q4",97500,-0.134358974358974,"2002-10"
394499,2016-09-30,"Corinth, MS","MS",444,115100,0.003487358326068,0.00964912280701754,0.0972354623450906,0.0177636659534497,0.0509879298314686,"2010-02","2010-Q1",121000,-0.0487603305785124,"2009-08"
394973,2016-09-30,"Peru, IN","IN",445,71000,0.0113960113960114,0.0471976401179941,0.0939907550077042,0.0349310883713141,-0.0141804086775125,"2005-11","2005-Q4",86000,-0.174418604651163,"2001-08"
394506,2016-09-30,"Coshocton, OH","OH",446,101000,-0.00785854616895874,-0.02321083172147,0.0813704496788009,0.0495657189784902,0.00915771625669493,"2016-06","2016-Q2",103400,-0.02321083172147,"2016-04"
394370,2016-09-30,"Bay City, TX","TX",447,136100,-0.00729394602479942,-0.0194524495677233,-0.0109011627906977,0.0204473513029657,,"2016-06","2016-Q2",138800,-0.0194524495677233,"2016-01"
394366,2016-09-30,"Batesville, AR","AR",448,93800,0.00320855614973262,-0.00845665961945032,0.0574971815107103,0.0352021541163507,0.016422924711003,"2016-04","2016-Q2",96900,-0.0319917440660475,"2016-03"
395191,2016-09-30,"Vidalia, GA","GA",449,106500,-0.00374181478016838,-0.000938086303939962,0.115183246073298,0.0308268040115636,0.011067436587139,"2016-07","2016-Q3",107000,-0.00467289719626168,"2016-06"
394984,2016-09-30,"Plainview, TX","TX",450,61200,-0.0129032258064516,-0.0796992481203008,-0.172972972972973,-0.0248343603558382,,"2015-12","2015-Q4",75900,-0.193675889328063,"2015-03"
394522,2016-09-30,"De Ridder, LA","LA",451,140000,-0.0133897110641297,-0.0364762560220234,0.00864553314121038,0.0521063506944437,0.0661226432726845,"2016-06","2016-Q2",145300,-0.0364762560220234,"2016-03"
395084,2016-09-30,"Seneca Falls, NY","NY",452,95600,0.0105708245243129,0.0323974082073434,-0.00520291363163372,0.00902595882442947,0.0169618310654553,"2015-07","2015-Q3",97700,-0.0214943705220061,"2014-11"
395137,2016-09-30,"Sulphur Springs, TX","TX",453,128100,0.0110497237569061,0.00707547169811321,0.0380875202593193,0.0561093870909759,0.00439806174968571,"2009-09","2009-Q3",135500,-0.0546125461254613,"2009-08"
394835,2016-09-30,"Martin, TN","TN",454,76600,0,-0.00390117035110533,0.00393184796854522,0.0232025485400722,0.0127272587374976,"2016-06","2016-Q2",76900,-0.00390117035110533,"2016-05"
395141,2016-09-30,"Susanville, CA","CA",455,159600,0.0094876660341556,0.0276883451384417,0.213688212927757,0.0557193015299726,-0.0411282202770989,"2005-11","2005-Q4",255000,-0.374117647058824,"2003-09"
394335,2016-09-30,"Arcadia, FL","FL",456,110500,0.0203139427516159,0.0584291187739464,0.186895810955961,0.0971739676984697,-0.0332123677037948,"2006-05","2006-Q2",161300,-0.314941103533788,"2005-01"
394525,2016-09-30,"Decatur, IN","IN",457,101800,0.00792079207920792,0.016983016983017,0.0626304801670146,0.0242642282565533,0.000393778806460743,"2005-11","2005-Q4",111200,-0.0845323741007194,"2004-07"
394331,2016-09-30,"Angola, IN","IN",458,151900,0,-0.00718954248366013,0.0742574257425743,0.0354792963005897,0.0103039056776193,"2016-05","2016-Q2",153100,-0.00783801436969301,"2016-04"
394473,2016-09-30,"Cleveland, MS","MS",459,117900,0.000848896434634975,0.0243266724587315,0.048932384341637,0.0312228554200271,0.0269150943008567,"2016-09","2016-Q3",117900,0,"2016-09"
394413,2016-09-30,"Brenham, TX","TX",460,156000,0.00905562742561449,0.0162866449511401,0.0379241516966068,0.0172701851308237,,"2016-09","2016-Q3",156000,0,"2016-09"
394613,2016-09-30,"Frankfort, IN","IN",461,82900,0.00606796116504854,0.00120772946859903,0.00851581508515815,0.0109669887929509,-0.0128019614842932,"2004-08","2004-Q3",101300,-0.181638696939783,"2001-03"
395196,2016-09-30,"Wabash, IN","IN",462,84200,-0.0023696682464455,-0.00355029585798817,0.0206060606060606,0.0318009395761139,-0.0106333883336285,"2006-02","2006-Q1",98300,-0.143438453713123,"2002-09"
394433,2016-09-30,"Cambridge, MD","MD",463,124600,0.00890688259109312,0.0204750204750205,0.0113636363636364,0.021550883955737,-0.0341672087748506,"2007-08","2007-Q3",181000,-0.311602209944751,"2004-02"
394815,2016-09-30,"Madison, IN","IN",464,103700,0.0107212475633528,0.0117073170731707,0.0614124872057318,0.022680098147809,0.00912014891700075,"2005-09","2005-Q3",110300,-0.0598368087035358,"2004-11"
394962,2016-09-30,"Paris, TN","TN",465,94800,0.00851063829787234,0.037199124726477,0.177639751552795,0.0342729447576786,0.0219470161059643,"2016-09","2016-Q3",94800,0,"2016-09"
753878,2016-09-30,"Dayton, TN","TN",466,123500,0.000810372771474879,0.00816326530612245,0.00898692810457516,0.0170310665323496,0.0154933873980647,"2015-12","2015-Q4",124500,-0.00803212851405622,"2015-11"
395207,2016-09-30,"Washington, IN","IN",467,101700,-0.00586510263929619,0,0.136312849162011,0.0399750854755043,0.0239070676083541,"2016-07","2016-Q3",102500,-0.00780487804878049,"2016-06"
394730,2016-09-30,"Juneau, AK","AK",468,317700,0,0.00062992125984252,-0.0090455396132252,0.00707238605822447,0.0000944777810605313,"2007-06","2007-Q2",338700,-0.0620017714791851,"2006-12"
394786,2016-09-30,"Lewisburg, TN","TN",469,113900,0.0079646017699115,0.0206093189964158,0.0507380073800738,0.0633003114598787,0.02754393426067,"2016-09","2016-Q3",113900,0,"2016-09"
394725,2016-09-30,"Jesup, GA","GA",470,112500,-0.0105540897097625,-0.0351629502572899,-0.00793650793650794,0.0226120556374514,-0.00167338405911011,"2004-12","2004-Q4",121900,-0.0771123872026251,"2004-03"
753901,2016-09-30,"Ludington, MI","MI",471,117000,0.0094909404659189,0.0427807486631016,0.10377358490566,0.0600708340080935,0.00216224546881572,"2008-04","2008-Q2",129900,-0.0993071593533487,"2007-10"
394858,2016-09-30,"Middlesborough, KY","KY",472,80800,0.013801756587202,0.0716180371352785,0.422535211267606,-0.000987168756136358,,"2011-11","2011-Q4",82900,-0.0253317249698432,"2011-09"
394921,2016-09-30,"North Vernon, IN","IN",473,93000,-0.00321543408360129,-0.0210526315789474,-0.0471311475409836,0.0150663491852934,-0.00202037753039763,"2005-10","2005-Q4",113100,-0.177718832891247,"2004-07"
394364,2016-09-30,"Bastrop, LA","LA",474,81600,0.0099009900990099,0.0793650793650794,0.0638852672750978,-0.00530661899012097,0.00298975674948077,"2006-02","2006-Q1",105300,-0.225071225071225,
394356,2016-09-30,"Bainbridge, GA","GA",475,94300,-0.00736842105263158,-0.0258264462809917,-0.00422386483632524,-0.00583494731527634,-0.0220879699238924,"2007-07","2007-Q3",130700,-0.278500382555471,"2005-03"
395154,2016-09-30,"Thomaston, GA","GA",476,74100,0,-0.0133155792276964,0.00816326530612245,0.021265062204626,-0.0101998732573716,"2006-05","2006-Q2",85200,-0.130281690140845,"2004-09"
395138,2016-09-30,"Summerville, GA","GA",477,74900,-0.00398936170212766,0.00672043010752688,0.133131618759455,0.0405493668845507,-0.00804361129677433,"2006-02","2006-Q1",85700,-0.126021003500583,"2005-06"
394758,2016-09-30,"La Grande, OR","OR",478,157300,0.0128783000643915,0.0382838283828383,0.0693405846363018,0.0248972280300879,0.0182311985225025,"2009-02","2009-Q1",164400,-0.0431873479318735,"2007-11"
394649,2016-09-30,"Greensburg, IN","IN",479,107600,-0.00738007380073801,-0.0227066303360581,-0.0577933450087566,0.0111437427570582,0.00526058077481117,"2015-10","2015-Q4",114500,-0.0602620087336245,"2015-03"
394854,2016-09-30,"Mexico, MO","MO",480,99700,0.0121827411167513,0.0663101604278075,0.153935185185185,0.0429338407174895,0.0105129469165615,"2016-09","2016-Q3",99700,0,"2016-09"
394869,2016-09-30,"Moberly, MO","MO",481,83200,-0.00120048019207683,-0.00834326579261025,0.0585241730279898,0.0342692201042256,0.00895980922726713,"2016-04","2016-Q2",84700,-0.0177095631641086,"2016-01"
753923,2016-09-30,"The Dalles, OR","OR",482,189500,0.00477200424178155,0.0210129310344828,0.0979142526071843,0.035850460421134,-0.0209977440363035,"2007-02","2007-Q1",250300,-0.242908509788254,"2005-08"
394584,2016-09-30,"Fallon, NV","NV",483,168000,0.0114388922335942,0.0306748466257669,0.0916179337231969,0.064514250785604,-0.0247731182382612,"2006-07","2006-Q3",218600,-0.231473010064044,"2004-12"
394494,2016-09-30,"Connersville, IN","IN",484,64200,0.00626959247648903,0.003125,0.0473083197389886,0.0314174333424804,-0.0242935249484241,"2005-02","2005-Q1",93500,-0.313368983957219,"1998-04"
753921,2016-09-30,"Steamboat Springs, CO","CO",485,409000,0.00565527415785591,0.0176660860910674,0.144376049244544,0.0572664990383105,-0.00842271053004129,"2008-02","2008-Q1",589700,-0.306426996778023,"2006-06"
395130,2016-09-30,"Sterling, CO","CO",486,125700,0.00801924619085806,0.0186385737439222,0.0734415029888984,0.045141154103274,0.0271077840124652,"2016-09","2016-Q3",125700,0,"2016-09"
394959,2016-09-30,"Pampa, TX","TX",487,81300,0.00246609124537608,0,0.0796812749003984,0.0141081383324781,,"2016-09","2016-Q3",81300,0,"2016-09"
394687,2016-09-30,"Hood River, OR","OR",488,376400,0.0131897711978466,0.0481759955444166,0.138191714544905,0.046698402040892,0.0169710604860418,"2016-09","2016-Q3",376400,0,"2016-09"
394656,2016-09-30,"Grenada, MS","MS",489,95400,0.00210084033613445,0.00739176346356917,-0.0304878048780488,0.000419815429225867,0.0203410918563829,"2015-02","2015-Q1",110000,-0.132727272727273,"2014-05"
753914,2016-09-30,"Port Lavaca, TX","TX",490,118900,0.00507185122569738,0.0136402387041773,-0.052589641434263,,,"2012-10","2012-Q4",135900,-0.125091979396615,
395004,2016-09-30,"Prineville, OR","OR",491,225900,0.0230978260869565,0.0706161137440758,0.244628099173554,0.140243811488409,-0.00755586356799742,"2006-11","2006-Q4",246800,-0.0846839546191248,"2006-06"
753908,2016-09-30,"Othello, WA","WA",492,134600,-0.00370096225018505,-0.0131964809384164,0.0322085889570552,0.0186854413375688,0.0250480750033431,"2016-06","2016-Q2",136400,-0.0131964809384164,"2016-03"
753925,2016-09-30,"Vineyard Haven, MA","MA",493,706400,-0.00183693655503745,0.00326658145149837,0.0288377512379843,0.0333270856011338,-0.00595800179391603,"2006-09","2006-Q3",749900,-0.0580077343645819,"2005-09"
395142,2016-09-30,"Sweetwater, TX","TX",494,76800,-0.00389105058365759,-0.0153846153846154,0.0756302521008403,0.0129913682242364,-0.00809147723297188,"2007-11","2007-Q4",90700,-0.153252480705623,"2005-02"
394743,2016-09-30,"Ketchikan, AK","AK",495,231000,0.00173460537727667,0.000866551126516464,0.0466696873584051,0.00816145166020377,,"2016-09","2016-Q3",231000,0,"2016-09"
