"RegionName","SizeRank","2010-01","2010-02","2010-03","2010-04","2010-05","2010-06","2010-07","2010-08","2010-09","2010-10","2010-11","2010-12","2011-01","2011-02","2011-03","2011-04","2011-05","2011-06","2011-07","2011-08","2011-09","2011-10","2011-11","2011-12","2012-01","2012-02","2012-03","2012-04","2012-05","2012-06","2012-07","2012-08","2012-09","2012-10","2012-11","2012-12","2013-01","2013-02","2013-03","2013-04","2013-05","2013-06","2013-07","2013-08","2013-09","2013-10","2013-11","2013-12","2014-01","2014-02","2014-03","2014-04","2014-05","2014-06","2014-07","2014-08","2014-09","2014-10","2014-11","2014-12","2015-01","2015-02","2015-03","2015-04","2015-05","2015-06","2015-07","2015-08","2015-09","2015-10","2015-11","2015-12","2016-01","2016-02","2016-03","2016-04","2016-05","2016-06","2016-07","2016-08","2016-09"
"United States",0,,,1500,1500,1500,1575,1500,1500,1350,1325,1350,1387,1395,1399,1400,1469.5,1490,1485,1400,1400,1395,1350,1300,1300,1300,1350,1395,1375,1390,1400,1395,1375,1350,1300,1350,1325,1295,1300,1343,1350,1350,1350,1375,1350,1350,1350,1350,1350,1350,1300,1300,1325,1400,1400,1400,1400,1400,1395,1395,1375,1395,1395,1400,1450,1450,1475,1450,1450,1450,1400,1425,1400,1425,1450,1495,1500,1500,1495,1500,1499,1475
"New York, NY",1,2275,1950,2300,2400,2300,2700,2400,2200,2200,2494,2400,2800,2500,2400,2500,2600,2600,2550,2500,2450,2300,2200,2400,2500,2500,2500,2500,2525.5,2550,2500,2500,2400,2400,2400,2450,2500,2500,2450,2500,2500,2750,2795,2715.5,2695,2600,2500,2500,2600,2600,2575,2500,2500,2745,2750,2623.5,2600,2500,2500,2500,2500,2650,2650,2750,2900,2800,2800,2900,2900,2852.5,2800,2800,2950,3000,2900,3000,3200,3225,2995,2800,2600,2700
"Los Angeles-Long Beach-Anaheim, CA",2,,,2950,3000,3000,3195,3200,3100,2995,2900,2950,3000,2800,2850,2800,2890,2850,2850,2800,2750,2600,2600,2500,2550,2500,2600,2500,2500,2595,2595,2500,2490,2495,2350,2300,2295,2300,2350,2300,2350,2400,2500,2500,2450,2500,2500,2395,2595,2500,2500,2500,2500,2690,2750,2800,2800,2850,2800,2800,2850,2850,2804.5,2850,2950,3000,3095,3000,3100,3000,3000,3000,3000,3000,3122.5,3200,3100,3100,3150,3100,2992,3195
"Chicago, IL",3,,1640,1600,1600,1600,1650,1650,1600,1595,1600,1600,1650,1595,1550,1500,1550,1580,1600,1600,1600,1595,1525,1500,1500,1499,1500,1511,1500,1500,1550,1550,1550,1499,1479,1450,1485,1490,1452,1499,1500,1534,1526,1575,1600,1575,1595,1550,1600,1595,1550,1550,1550,1600,1623,1639,1625,1649,1650,1600,1600,1600,1621,1612,1650,1650,1650,1650,1675,1650,1625,1625,1600,1600,1600,1600,1600,1600,1605.5,1625,1610.5,1600
"Dallas-Fort Worth, TX",4,,1300,1350,1400,1400,1395,1350,1350,1400,1450,1395,1400,1395,1350,1350,1350,1350,1395,1350,1300,1300,1295,1295,1295,1295,1300,1350,1250,1300,1345,1325,1300,1295,1295,1295,1295,1295,1295,1300,1300,1350,1395,1395,1395,1395,1350,1350,1350,1350,1350,1350,1375,1425,1450,1495,1475,1450,1450,1450,1475,1465,1495,1500,1525,1550,1550,1550,1550,1550,1525,1500,1525,1540,1550,1595,1595,1595,1599,1600,1600,1595
"Philadelphia, PA",5,,1500,1500,1500,1500,1550,1550,1525,1500,1500,1500,1500,1437.5,1450,1450,1475,1495,1500,1500,1500,1500,1450,1450,1450,1400,1425,1450,1450,1450,1450,1450,1425,1400,1400,1400,1400,1400,1400,1400,1450,1500,1500,1500,1500,1495,1450,1450,1425,1400,1400,1400,1400,1500,1550,1550,1500,1500,1500,1500,1500,1500,1500,1500,1550,1565,1599,1600,1575,1550,1500,1500,1500,1500,1500,1550,1575,1600,1577.5,1550,1550,1550
"Houston, TX",6,,,,,,,,,,,,,,,,,,,,,,,,,,,,,,,,,,,,,,,,,,,,,,,1400,1400,1400,1395,1400,1475,1550,1595,1600,1600,1595,1550,1575,1579,1575,1582.5,1600,1650,1650,1675,1690,1672,1650,1625,1629,1650,1625,1647,1675,1695,1649,1645,1600,1600,1600
"Washington, DC",7,,,1885,1900,1975,2100,2200,2000,2000,2000,2000,2000,2000,1995,1995,2000,2195,2200,2200,2150,2100,2100,2100,2090,2000,2000,2095,2100,2195,2225,2225,2195,2129.5,2100,2000,2000,2035,2050,2050,2100,2200,2250,2250,2250,2200,2200,2100,2100,2100,2100,2097,2100,2250,2300,2300,2300,2250,2200,2200,2200,2195,2197,2200,2200,2300,2300,2350,2300,2300,2250,2250,2250,2250,2250,2300,2300,2300,2300,2300,2300,2295
"Miami-Fort Lauderdale, FL",8,,,2200,2300,2300,2300,2200,2150,2150,2200,2000,2200,2000,1995,1962.5,1995,2000,2000,2000,2000,1995,1950,1950,1900,1900,1900,1900,1850,1850,1900,1895,1831,1800,1800,1800,1800,1800,1800,1750,1800,1875,1900,2000,2000,2000,2025,2000,2100,2000,2000,2000,2000,2100,2100,2150,2100,2100,2100,2100,2095,2039,2050,2100,2100,2135,2150,2199,2200,2150,2150,2200,2200,2200,2200,2214.5,2200,2200,2249,2200,2200,2200
"Atlanta, GA",9,1025,1195,1200,1200,1200,1200,1250,1200,1250,1200,1200,1250,1150,1150,1150,1195,1200,1200,1150,1100,1100,1100,1095,1095,1050,1050,1095,1050,1050,1095,1085,1050,1075,1050,1000,1000,1000,975,1000,1000,1089,1085,1095,1095,1095,1095,1075,1100,1095,1075,1075,1095,1100,1100,1100,1125,1125,1125,1135,1125,1100,1125,1175,1200,1200,1225,1223,1200,1200,1199,1200,1200,1200,1200,1250,1250,1295,1299,1300,1295,1295
"Boston, MA",10,,,1500,1625,1650,1650,1650,1700,1600,1600,1695,1700,1750,1700,1750,1900,2000,2000,2000,1975,1900,1850,1850,1900,1995,1987.5,2000,2000,2100,2200,2200,2037.5,2160,2100,2075,2070,2150,2140,2125,2169,2247.5,2375,2400,2382.5,2300,2300,2300,2350,2400,2400,2400,2425,2650,2650,2600,2550,2452.5,2400,2400,2495,2600,2611.5,2621,2700,2700,2700,2700,2600,2500,2500,2500,2500,2700,2800,2800,2800,2750,2800,2750,2700,2595
"San Francisco, CA",11,,,,,,2950,2875,2725,2395,2275,2300,2475,2250,2200,2200,2200,2250,2250,2300,2300,2300,2300,2300,2200,2150,2200,2350,2180,2100,2200,2200,2171,2200,2150,2100,2100,2149,2095,2100,2100,2195,2200,2250,2200,2350,2350,2300,2495,2400,2300,2350,2400,2700,2700,2850,2995,3000,3000,3000,3132.5,2995,3050,3150,3295,3297.5,3450,3492.5,3400,3400,3400,3375,3400,3440,3500,3500,3500,3500,3500,3500,3450,3395
"Detroit, MI",12,,,,,,,,,,,,,,,,,,,,,,,800,825,825,850,850,850,850,850,850,850,850,850,850,817.5,800,810,850,850,850,850,850,850,850,850,850,850,850,850,850,850,875,895,895,900,895,900,900,900,895,895,900,900,900,900,900,900,900,900,900,900,900,900,950,975,975,950,1000,1000,950
"Riverside, CA",13,,,,,,,,,,,,,,1800,1800,1850,1800,1795,1695,1675,1625,1625,1600,1600,1600,1620,1600,1550,1550,1550,1590,1550,1500,1550,1569.5,1550,1580,1595,1600,1600,1625,1600,1600,1649,1650,1649,1599,1600,1600,1595,1595,1595,1695,1695,1650,1680,1695,1650,1650,1695,1695,1695,1700,1750,1750,1750,1785,1750,1750,1750,1750,1750,1795,1795,1800,1800,1800,1795,1795,1770,1750
"Phoenix, AZ",14,,,1500,1500,1400,1450,1375,1375,1300,1312.5,1300,1300,1195,1195,1195,1200,1195,1195,1150,1150,1100,1100,1095,1095,1100,1100,1150,1150,1195,1195,1175,1150,1125,1100,1100,1100,1100,1100,1100,1150,1150,1150,1150,1100,1150,1150,1139,1150,1149.5,1125,1149,1150,1200,1225,1200,1250,1200,1200,1225,1245,1250,1275,1295,1300,1325,1325,1300,1295,1295,1295,1299,1300,1339,1350,1365,1395,1350,1350,1350,1300,1300
"Seattle, WA",15,,1400,1595,1595,1595,1600,1700,1750,1695,1650,1637.5,1595,1595,1595,1550,1595,1650,1650,1650,1600,1595,1595,1500,1500,1500,1500,1550,1575,1550,1595,1595,1595,1500,1500,1460,1425,1450,1425,1430,1495,1595,1650,1650,1650,1675,1650,1650,1650,1600,1600,1595,1600,1695,1695,1705,1750,1750,1725,1750,1700,1695,1700,1700,1700,1800,1850,1900,1950,1895,1899,1899,1890,1895,1900,1950,1900,1995,1995,2100,2095,2095
"Minneapolis-St Paul, MN",16,,,,,,,,,1450,1452.5,1450,1500,1350,1395,1395,1400,1400,1395,1395,1399,1395,1395,1350,1325,1350,1350,1350,1350,1395,1395,1360,1350,1400,1400,1350,1350,1350,1350,1375,1375,1395,1395,1395,1395,1400,1400,1495,1492.5,1450,1450,1450,1440,1450,1495,1495,1495,1495,1450,1450,1450,1445,1450,1450,1495,1499,1500,1500,1495,1499,1495,1499,1499,1500,1500,1500,1500,1500,1525,1545,1500,1500
"San Diego, CA",17,,,,,,,,,,,,,,2500,2500,2550,2650,2500,2450,2300,2250,2275,2200,2200,2195,2200,2197,2100,2170,2250,2275,2250,2200,2200,2175,2100,2150,2150,2150,2200,2300,2302.5,2350,2395,2400,2395,2300,2400,2350,2295,2295,2295,2495,2500,2500,2500,2500,2500,2500,2500,2550,2550,2500,2500,2500,2522.5,2500,2500,2500,2500,2500,2600,2612.5,2675,2650,2600,2575,2600,2562.5,2595,2595
"St. Louis, MO",18,,,,,,,,,,,,,,995,1050,1100,1150,1050,1000,1000,995,1000,1000,1000,1150,1000,1012.5,1050,1000,1000,1000,1000,970,900,900,900,900,895,900,900,900,900,922.5,950,950,942.5,920,950,900,895,900,900,950,950,995,1000,995,990,950,950,935,900,920,940,925,950,975,950,950,950,935,950,950,975,995,1000,1000,1025,1050,1000,995
"Tampa, FL",19,885,1000,1050,1100,1150,1100,1150,1200,1200,1200,1200,1200,1200,1200,1200,1200,1200,1200,1200,1200,1200,1195,1150,1195,1150,1175,1200,1195,1192.5,1200,1200,1200,1195,1195,1195,1195,1195,1200,1200,1250,1300,1300,1295,1300,1295,1295,1250,1290,1250,1250,1250,1250,1300,1325,1300,1300,1300,1300,1300,1300,1300,1300,1345,1350,1350,1375,1395,1395,1350,1350,1350,1350,1370,1375,1400,1400,1400,1400,1400,1385,1395
"Baltimore, MD",20,,1550,1500,1500,1595,1600,1600,1650,1600,1600,1595,1597.5,1500,1450,1450,1500,1500,1500,1500,1550,1500,1500,1500,1500,1500,1495,1500,1350,1350,1400,1400,1400,1450,1400,1450,1400,1400,1400,1450,1495,1500,1500,1500,1500,1500,1500,1450,1600,1500,1500,1500,1500,1600,1650,1650,1645,1600,1600,1600,1600,1600,1600,1650,1650,1650,1695,1685,1650,1600,1600,1600,1590,1595,1595,1600,1600,1600,1600,1650,1650,1600
"Denver, CO",21,,,,,,,,,1495,1450,1500,1497.5,1395,1400,1495,1500,1500,1500,1499.5,1495,1450,1450,1400,1395,1395,1400,1470,1550,1555,1550,1595,1550,1500,1495,1440,1399,1460,1450,1495,1595,1500,1500,1700,1750,1750,1700,1700,1700,1695,1695,1685,1695,1795,1800,1850,1850,1950,1950,1900,1895,1892,1950,1950,1959,2025,2095,2075,2095,2000,2000,2000,2000,2000,2050,2095,2025,2100,2100,2050,2095,2000
"Pittsburgh, PA",22,,,,,,,,,,,,,,,,,,,,,,,,,,,,,,,,,,,,,,,,,,,,,,,,,,,,,,1200,1200,1197.5,1100,1000,1000,995,1035,1025,1095,1100,1100,1195,1125,1150,1100,1000,1000,1000,1077.5,1100,1150,1150,1150,1100,1100,1125,1000
"Portland, OR",23,,,,,,1325,1295,1350,1297.5,1295,1272.5,1295,1295,1295,1295,1300,1375,1362.5,1395,1395,1350,1295,1295,1295,1295,1295,1300,1385,1375,1395,1395,1395,1350,1370,1349.5,1299,1300,1295,1300,1350,1395,1400,1450,1450,1450,1400,1425,1425,1400,1395,1399,1400,1495,1495,1500,1550,1545,1525,1500,1500,1505,1545,1550,1595,1600,1650,1675,1695,1695,1695,1675,1675,1650,1695,1697.5,1695,1700,1750,1750,1795,1795
"Charlotte, NC",24,,,1050,1090,1125,1100,1100,1150,1100,1100,1097,1100,1087.5,1050,1050,1095,1100,1095,1100,1100,1100,1095,1090,1050,1095,1099,1100,1095,1100,1150,1175,1120.5,1100,1100,1099.5,1095,1095,1022,1050,1150,1175,1175,1195,1200,1195,1150,1100,1100,1100,1100,1100,1100,1195,1195,1195,1200,1200,1225,1225,1225,1225,1225,1250,1275,1295,1275,1295,1277.5,1250,1275,1250,1260,1295,1295,1295,1295,1300,1300,1317,1349.5,1325
"Sacramento, CA",25,,,,,,,,,1350,1300,1325,1395,1295,1297.5,1300,1350,1395,1395,1350,1375,1350,1300,1300,1295,1295,1295,1345,1350,1350,1350,1350,1350,1350,1350,1350,1300,1325,1325,1350,1350,1395,1395,1400,1375,1375,1395,1359,1395,1395,1395,1395,1400,1450,1425,1425,1450,1495,1495,1495,1495,1495,1495,1495,1495,1550,1550,1550,1550,1595,1595,1595,1595,1595,1595,1595,1575,1600,1650,1650,1650,1625
"San Antonio, TX",26,,,,,,,,,,,,,,,,,,,,,,,,,,,,,,,,,,,,,,929,904,950,946,1100,999,1134,1124.5,1150,1100,1115,1106,1125,1150,1175,1175,1200,1224,1200,1195,1195,1175,1175,1195,1195,1200,1195,1200,1200,1200,1195,1175,1191,1195,1195,1195,1199,1195,1175,1150,1175,1175,1175,1163
"Orlando, FL",27,,1250,1200,1200,1200,1197.5,1200,1200,1200,1200,1200,1200,1195,1125,1195,1195,1195,1200,1200,1200,1195,1175,1150,1150,1150,1150,1200,1200,1200,1250,1275,1250,1200,1200,1200,1200,1200,1200,1250,1300,1300,1325,1325,1300,1325,1300,1300,1300,1300,1300,1300,1300,1399,1400,1425,1350,1329,1300,1342.5,1350,1350,1350,1395,1400,1400,1422.5,1425,1400,1400,1400,1400,1400,1400,1400,1450,1450,1495,1490,1450,1450,1450
"Cincinnati, OH",28,,,,,,,,,,,,,,,,,,,,,,,,,,,,,,,,,,,,,,,,,,,,,,,,,,,,,,1200,1200,1200,1200,1225,1175,1197.5,1197.5,1200,1250,1250,1200,1200,1200,1250,1200,1195,1200,1195,1170,1195,1200,1200,1195,1195,1200,1295,1195
"Kansas City, MO",29,,,,,,,,,700,700,724,757,850,850,850,900,935,900,915,925,900,900,895,875,875,850,895,975,900,925,945,900,880,865,850,850,850,850,870,850,865,875,850,850,850,850,850,850,875,850,875,875,900,900,900,900,895,895,900,900,895,895,900,900,925,950,950,952.5,950,925,925,950,950,950,975,1000,1050,1050,1100,1050,1029
"Las Vegas, NV",30,,1350,1325,1225,1250,1162.5,1200,1200,1250,1225,1200,1195,1200,1200,1200,1200,1250,1250,1240,1200,1200,1200,1200,1195,1195,1195,1195,1195,1195,1195,1195,1195,1182.5,1150,1150,1150,1150,1150,1190,1195,1195,1195,1200,1200,1200,1200,1200,1200,1200,1200,1200,1200,1250,1250,1250,1250,1250,1250,1250,1250,1250,1250,1295,1295,1295,1295,1300,1300,1300,1300,1300,1295,1295,1300,1325,1325,1325,1350,1300,1300,1300
"Columbus, OH",31,,,,,,,,,,,,,,,,,,,,,,,,,,,,,,,,,,,,,,,,,,,,,,1175,1100,1150,1097,1050,1050,1050,1180,1147,1097,1125,1195,1199.5,1145,1150,1150,1175,1200,1200,1200,1200,1200,1195,1210,1200,1250,1200,1200,1199,1250,1295,1225,1200,1200,1197,1200
"Indianapolis, IN",32,,,,,,,,,,,,,,962.5,975,1000,969,932.5,850,875,825,850,850,850,950,950,900,850,850,800,850,895,875,895,850,800,825,850,900,950,995,995,1025,1000,1025,995,990,1045,1050,1050,1050,1050,1075,1075,1075,1050,1050,1050,1050,1050,1050,1050,1095,1100,1100,1100,1095,1085,1075,1050,1049.5,1000,1025,1045,1099,1100,1150,1100,1150,1100,1100
"San Jose, CA",33,,,,,,,,,,,,,,,,,,,,2500,2495,2550,2600,2500,2400,2500,2595,2500,2500,2500,2600,2500,2500,2500,2395,2424,2495,2400,2400,2492.5,2795,2895,2995,2995,3000,2999,2945,3000,2940,2900,2895,2950,3300,3397.5,3395,3500,3499,3350,3300,3400,3400,3462.5,3600,3600,3700,3797.5,3850,3850,3800,3800,3700,3600,3695,3750,3700,3700,3800,3750,3800,3750,3550
"Austin, TX",34,,,,,,,,,,,,,,,,,,,,,,,,,,,,,,,,,,,,,,,,,,,1195,1350,1350,1327,1350,1315,1304,1350,1395,1400,1395,1395,1450,1450,1400,1395,1395,1395,1395,1395,1400,1450,1495,1515,1545,1545,1542.5,1529,1525,1500,1500,1500,1495,1450,1425,1495,1495,1495,1469
"Virginia Beach, VA",35,,,1400,1450,1450,1475,1475,1475,1400,1412.5,1400,1450,1350,1350,1395,1450,1475,1450,1400,1400,1395,1350,1300,1300,1345,1350,1350,1350,1395,1400,1400,1400,1350,1345,1325,1300,1300,1300,1350,1350,1395,1395,1397,1395,1395,1365,1300,1350,1350,1325,1350,1350,1400,1400,1425,1400,1400,1395,1395,1395,1395,1375,1385,1400,1400,1447,1400,1399,1395,1375,1350,1350,1350,1375,1395,1400,1450,1400,1400,1450,1400
"Nashville, TN",36,,,,,,,,,,,,,,,,,,,,,,,,,,,,,,,,,,,,,,,,,,,1350,1395,1395,1395,1350,1350,1350,1350,1350,1350,1450,1450,1450,1495,1462.5,1450,1462.5,1450,1450,1475,1495,1500,1525,1530,1525,1525,1500,1500,1500,1500,1500,1500,1550,1550,1545,1580,1595,1550,1550
"Providence, RI",37,,,,,,,,,,,,,,,,,,,,,1725,1600,1550,1600,1650,1695,1725,1700,1700,1700,1700,1700,1700,1650,1650,1800,1800,1800,1800,1800,1800,1800,1800,1700,1600,1650,1600,1650,1650,1650,1650,1700,1800,1800,1700,1700,1700,1700,1700,1770,1800,1850,1900,2000,1950,1850,1800,1800,1800,1800,1800,1900,1999,1997,1997,2000,1800,1800,1800,1800,1800
"Milwaukee, WI",38,,,,,,,,,,,,,,,,,,,,1000,995,960,997.5,1150,1150,1150,1200,1225,1150,1100,1200,1250,1250,1250,1250,1250,1050,1090,1200,1300,1172.5,1082.5,1175,1375,1300,1200,1200,1200,1100,1100,1150,1150,1300,1195,1195,1150,1195,1200,1150,1050,1095,995,1000,1150,1095,1175,1175,1192.5,1125,1100,1095,1095,1100,1100,1162.5,1150,1175,999.5,1162.5,1100,1100
"Jacksonville, FL",39,,1095,1095,1095,1100,1150,1150,1100,1100,1100,1100,1100,1095,1095,1100,1100,1150,1175,1150,1097,1095,1095,1095,1050,1075,1095,1100,1100,1100,1125,1150,1100,1100,1100,1095,1095,1100,1100,1100,1150,1200,1200,1195,1200,1195,1195,1200,1195,1195,1150,1175,1195,1200,1200,1200,1175,1150,1150,1150,1150,1150,1150,1195,1200,1200,1225,1225,1225,1200,1200,1200,1200,1200,1242.5,1275,1275,1295,1295,1295,1295,1250
"Memphis, TN",40,,,,,,,,1290,1350,1322,1200,1200,995,995,950,995,995,995,985,992.5,995,995,925,945,950,925,925,900,926,950,900,895,900,900,925,895,895,895,895,895,895,895,895,895,895,895,900,925,950,900,900,925,950,950,925,925,925,945,950,950,950,925,950,950,925,950,950,950,950,950,950,950,950,950,950,950,975,975,995,975,995
"Oklahoma City, OK",41,,,,,,,,,,,,,,,,,,,856,862.5,1000,1000,995,999.5,950,950,995,850,895,900,925,962.5,900,1001,1025,950,900,1032.5,1095,1050,1195,1200,1095,1050,1150,1100,1100,1150,1100,1100,1120,1150,1222.5,1245,1245,1245,1200,1195,1175,1150,1195,1200,1245,1245,1250,1245,1225,1200,1195,1150,1150,1150,1150,1195,1200,1200,1150,1190,1125,1100,1100
"Louisville-Jefferson County, KY",42,,,,,,,,,,,,,,,,,,,900,925,875,850,800,850,800,800,825,799.5,800,765,775,800,800,800,850,850,850,825,849,850,850,825,825,850,895,895,800,850,825,800,825,825,925,925,925,950,941,915,900,900,900,900,925,975,950,950,985,950,950,950,947.5,900,975,950,950,950,995,975,1000,995,999.5
"Hartford, CT",43,,,1500,1600,1562.5,1725,1600,1500,1500,1500,1550,1500,1550,1525,1585,1600,1750,1700,1600,1600,1600,1500,1500,1500,1400,1400,1450,1450,1400,1400,1450,1400,1400,1382.5,1350,1350,1350,1300,1300,1350,1500,1500,1595,1600,1600,1550,1500,1500,1500,1500,1500,1500,1600,1600,1650,1600,1600,1575,1600,1600,1600,1600,1612.5,1600,1600,1650,1650,1650,1637.5,1650,1600,1600,1600,1600,1600,1600,1600,1600,1600,1650,1600
"Richmond, VA",44,,,995,995,977.5,975,987.5,975,925,895,900,915,950,950,950,995,995,1000,1000,1000,995,995,995,999,995,1000,1000,1010,1095,1100,1095,1025,1000,1000,1000,1099,1100,1100,1120,1100,1200,1195,1195,1200,1195,1150,1100,1150,1150,1150,1195,1195,1200,1200,1200,1200,1195,1195,1195,1175,1195,1200,1200,1250,1250,1250,1275,1250,1200,1200,1200,1200,1250,1225,1250,1250,1295,1295,1300,1295,1250
"New Orleans, LA",45,,1150,1200,1200,1200,1200,1200,1200,1200,1150,1200,1300,1250,1200,1200,1250,1250,1200,1250,1250,1200,1200,1200,1200,1200,1200,1200,1200,1200,1200,1295,1237.5,1200,1200,1272.5,1227.5,1300,1300,1300,1350,1350,1350,1300,1250,1300,1300,1250,1300,1300,1295,1300,1300,1350,1300,1300,1350,1300,1300,1300,1350,1300,1300,1367.5,1387.5,1400,1350,1400,1400,1400,1412.5,1395,1350,1352.5,1400,1450,1500,1400,1350,1400,1300,1350
"Buffalo, NY",46,,,,,,,,,,,,,,,,,,,,,,,,,,,,,,,,,,,,,,,,,,,,,,,1000,999.5,950,950,950,950,1000,950,1110,1125,1145,1012.5,1025,1050,950,1100,1240,1295,1240,1250,1350,1300,1230,1200,1192.5,1200,1122.5,1120,1300,1200,1222.5,1250,1150,1200,1200
"Raleigh, NC",47,,1195,1195,1232.5,1250,1350,1295,1275,1250,1250,1250,1250,1195,1195,1200,1250,1250,1250,1250,1200,1200,1195,1195,1195,1200,1195,1200,1225,1250,1295,1295,1250,1200,1200,1200,1200,1199,1105,1195,1275,1300,1300,1295,1295,1295,1282.5,1275,1275,1250,1250,1250,1275,1300,1347.5,1325,1300,1300,1325,1300,1300,1325,1350,1350,1375,1375,1395,1395,1395,1395,1375,1392.5,1390,1395,1395,1399,1425,1397,1400,1450,1415,1399
"Birmingham, AL",48,,,,,,,,,,,,,,,,,,,,,,,,,,,,,750,750,750,755,750,750,797,775,785,795,800,800,800,800,800,800,895,895,795,895,795,795,799,800,875,875,900,895,895,875,850,875,875,850,850,850,900,950,950,925,900,900,900,900,900,900,925,950,950,995,995,995,950
"Salt Lake City, UT",49,,,,,,,,,,,,,,,,,,1300,1285,1250,1250,1200,1200,1200,1195,1195,1200,1200,1200,1200,1200,1250,1295,1295,1295,1300,1295,1295,1300,1350,1300,1350,1350,1350,1350,1325,1300,1295,1295,1295,1295,1300,1350,1350,1395,1350,1395,1395,1350,1350,1317.5,1350,1395,1395,1350,1350,1395,1395,1395,1395,1410,1395,1400,1412.5,1450,1395,1400,1450,1450,1462.5,1400
"Rochester, NY",50,,,,,,,,,,,,,,,,,,,,,,,,,,,,,,,,,,,,,,,,,,,,,,,,,,,,,,1250,1300,1250,1200,1200,1200,1195,1150,1250,1297.5,1250,1295,1295,1250,1250,1150,1150,1110,1200,1200,1200,1275,1295,1295,1145,1295,1300,1200
"Grand Rapids, MI",51,,,,,,,,,,,,,,,,,,,,880,875,750,750,750,750,795,800,800,800,795,775,795,800,800,850,850,850,850,862.5,899,850,850,850,850,975,950,947.5,950,950,975,950,950,975,945,950,950,1050,1025,995,950,925,950,995,1025,1100,1036.5,1050,1050,1050,1150,1075,1000,995,1094,1150,1195,1150,1175,1150,1100,1175
"Tucson, AZ",52,,1250,1150,1147.5,1147.5,1150,1195,1200,1150,1100,1100,1150,1100,1100,1100,1150,1150,1100,1100,1100,1100,1095,1085,1050,1095,1095,1100,1100,1100,1100,1096,1095,1095,1095,1095,1095,1095,1100,1100,1100,1100,1100,1100,1095,1095,1075,1075,1075,1095,1095,1095,1095,1100,1100,1100,1100,1100,1095,1095,1090,1095,1095,1095,1100,1100,1100,1100,1100,1100,1100,1100,1100,1100,1125,1150,1150,1147.5,1150,1150,1100,1100
"Urban Honolulu, HI",53,,,,,,,2325,2000,2000,2275,2200,2100,2100,1925,2024.5,2000,2200,2200,2250,2000,2000,2100,2100,2150,2150,2100,2200,2200,2200,2200,2200,2150,2200,2200,2275,2200,2300,2300,2325,2400,2500,2500,2400,2350,2337.5,2200,2100,2155,2200,2100,2100,2100,2300,2400,2400,2300,2300,2400,2400,2400,2500,2450,2500,2500,2637,2700,2700,2624,2600,2550,2600,2500,2500,2500,2600,2650,2595,2650,2700,2600,2500
"Tulsa, OK",54,,,,,,,,,,,,,975,975,950,850,900,950,1012.5,995,995,985,997.5,995,1000,995,1085,950,995,995,995,1020,1025,985,1050,995,975,975,995,1000,1000,1095,1095,1100,1025,1050,1050,1052.5,1030,1050,1050,1050,1200,1200,1200,1225,1200,1200,1150,1175,1100,1125,1195,1175,1200,1200,1200,1196,1185,1100,1100,1100,1120,1195,1200,1200,1200,1200,1150,1150,1100
"Fresno, CA",55,,,,,,,,,,,,,,,,,,,,,,,,,,,,,,,,,,,,,,995,1000,995,970,995,950,995,1050,1100,1100,1195,1150,1095,1050,1090,950,995,1050,1050,1150,1000,1000,1000,1025,1075,1050,1050,1050,1075,1095,1100,1275,1300,1295,1250,1150,1150,1195,1195,1197.5,1200,1200,1247.5,1250
"Worcester, MA",56,,,,,,,,,,,,,1250,1300,1300,1400,1350,1400,1400,1400,1400,1350,1400,1400,1400,1400,1400,1400,1450,1444.5,1400,1390,1300,1350,1300,1300,1300,1297.5,1300,1358,1358,1400,1450,1450,1500,1400,1400,1475,1500,1400,1400,1400,1400,1500,1500,1500,1500,1485,1450,1450,1500,1450,1500,1450,1450,1500,1500,1500,1500,1500,1500,1500,1500,1500,1500,1450,1600,1450,1500,1550,1500
"Stamford, CT",57,,,,,,,,,,,,,,,,,,,,,,,,,,,,,,,,,,,,,,,,,,,,,,,,,,,,,,3300,3374.5,3250,3097.5,3000,3000,3000,2950,2950,2900,2950,3000,3100,3250,3250,3100,2950,2887.5,2800,2800,3000,3000,3250,3200,3337.5,3350,3200,3275
"Albuquerque, NM",58,,,,,,,,,,,,,992.5,997.5,1050,1100,1150,1150,1200,1195,1195,1150,1100,1100,1100,1100,1100,1100,1100,1100,1100,1107.5,1100,1095,1075,1050,1050,1095,1050,1095,1100,1100,1150,1170,1195,1175,1125,1150,1140,1100,1100,1100,1150,1175,1175,1150,1150,1150,1150,1145,1150,1150,1150,1195,1199,1195,1195,1195,1175,1150,1150,1150,1150,1150,1175,1195,1200,1200,1200,1200,1200
"Albany, NY",59,,,,,,,,,,,,1450,1500,1500,1500,1700,1695,1600,1500,1500,1500,1500,1400,1450,1400,1450,1495,1500,1550,1535,1550,1500,1500,1500,1495,1450,1410,1345,1500,1500,1650,1650,1700,1700,1675,1600,1600,1500,1525.5,1500,1477.5,1500,1600,1600,1650,1700,1600,1500,1500,1507.5,1550,1595,1600,1600,1650,1695,1700,1700,1600,1600,1600,1600,1600,1650,1695,1695,1600,1537.5,1600,1650,1700
"Omaha, NE",60,,,,,,,,,,,,,,947.5,995,1000,1095,1085,1112.5,1100,1050,1037.5,950,990,950,995,1075,995,1000,950,995,997.5,1000,1050,995,995,975,950,995,1062.5,1195,1150,1150,1150,1097.5,1095,1000,1000,1000,1000,1050,1100,1145,1100,1150,1150,1195,1130,1150,1100,1140,1125,1175,1197.5,1195,1195,1150,1150,1150,1162.5,1150,1150,1100,1150,1150,1150,1250,1200,1250,1250,1200
"New Haven, CT",61,,,,,,,,,,,,,,1500,1600,1650,1700,1700,1650,1700,1600,1600,1550,1500,1400,1400,1400,1450,1400,1500,1500,1500,1400,1400,1350,1350,1350,1400,1400,1400,1550,1550,1650,1700,1650,1600,1600,1600,1600,1500,1500,1512.5,1650,1700,1700,1650,1625,1600,1600,1600,1597.5,1600,1650,1697,1650,1650,1675,1692.5,1600,1650,1600,1595,1600,1600,1650,1650,1600,1600,1650,1650,1650
"Bakersfield, CA",62,,,,,,,,,,,,,,1250,1200,1000,1000,1000,1097.5,1050,1050,995,975,1085,1050,1000,1050,1100,1100,1100,1097.5,1095,1095,1100,1100,1150,1195,1150,1200,1200,1212.5,1200,1200,1225,1200,1200,1150,1100,1100,1150,1150,1150,1200,1200,1200,1202.5,1275,1250,1200,1212.5,1225,1247.5,1295,1250,1279.5,1300,1312.5,1347.5,1350,1345,1350,1300,1300,1325,1350,1300,1350,1300,1350,1350,1295
"Knoxville, TN",63,,,,,,,,,,,,,,,,,,,,,,,,,,,,,,1072.5,1075,1000,1000,975,950,850,850,825,900,922.5,975,1100,1139,1162.5,1100,1100,1000,1000,995,1000,1000,1000,1050,1100,1150,1200,1195,1150,1100,1050,1100,1100,1150,1145,1200,1195,1200,1200,1050,1100,1100,1100,1100,1100,1200,1195,1200,1100,1100,1200,1000
"Greenville, SC",64,,,,,,,,,,,,,,950,950,1097.5,1050,995,995,1025,990,995,995,1025,995,1000,1095,950,995,980,1000,950,900,900,950,930,950,925,900,950,995,1000,1025,1150,1250,1250,1200,1225,1195,1150,1150,1175,1250,1250,1275,1295,1250,1250,1275,1295,1300,1325,1325,1350,1350,1312.5,1295,1300,1295,1250,1225,1200,1200,1250,1295,1250,1300,1300,1295,1295,1250
"Ventura, CA",65,,,,,,,,,2200,2050,2125,2250,2500,2325,2385,2572.5,2600,2550,2400,2400,2395,2400,2350,2447.5,2372.5,2395,2300,2500,2350,2395,2462.5,2495,2485,2400,2295,2300,2400,2400,2395,2400,2400,2500,2500,2500,2600,2600,2500,2500,2590,2500,2500,2500,2595,2695,2700,2750,2750,2650,2725,2800,2800,2750,2795,2800,2800,2900,2900,2900,2825,2850,2800,2800,2802.5,2800,2850,2800,2797.5,2950,2850,2900,2800
"Allentown, PA",66,,1197.5,1150,1275,1295,1275,1250,1262.5,1275,1225,1225,1150,1185,1175,1200,1250,1300,1300,1295,1250,1250,1200,1200,1200,1200,1200,1200,1250,1200,1285,1297.5,1250,1200,1200,1200,1200,1200,1250,1275,1250,1285,1295,1295,1295,1280,1250,1250,1250,1250,1250,1250,1250,1350,1350,1350,1300,1250,1285,1295,1257.5,1250,1295,1350,1300,1300,1325,1350,1350,1300,1300,1295,1295,1295,1250,1295,1300,1325,1300,1275,1350,1300
"El Paso, TX",67,,,,,,,,,,,,,,,,1275,1250,1200,1200,1195,1200,1200,1175,1175,1200,1200,1200,1250,1200,1200,1200,1175,1150,1100,1100,1085,1050,1050,1095,1100,1100,1100,1100,1100,1100,1100,1095,1100,1095,1095,1095,1095,1150,1165,1150,1125,1125,1100,1100,1100,1100,1100,1100,1150,1150,1150,1150,1150,1125,1100,1100,1100,1100,1100,1100,1100,1100,1150,1150,1100,1100
"Baton Rouge, LA",68,,,,,,,,,,,,,,,1200,1295,1250,1100,1200,1200,1200,1100,1200,1200,1200,1200,1250,1200,1200,1200,1200,1195,1200,1145,1199,1100,1200,1112.5,1200,1200,1200,1200,1198,1100,1200,1200,1200,1200,1200,1137.5,1150,1200,1250,1275,1200,1200,1250,1275,1250,1200,1200,1200,1250,1300,1375,1350,1400,1350,1297.5,1250,1300,1297.5,1300,1300,1350,1350,1300,1350,1350,1395,1400
"Dayton, OH",69,,,,,,,,,,,,,,750,750,750,695,700,675,695,655,650,650,700,725,700,737.5,750,750,750,750,775,750,750,825,730,700,730,750,800,850,900,850,825,850,837.5,750,850,800,795,800,799,899,895,850,845,845,845,850,850,800,825,845,835,850,900,850,850,895,875,875,850,850,825,850,875,880,875,880,875,869.5
"Columbia, SC",70,,,,,,,,,,,,,,1095,1100,1100,1150,1100,1100,1100,1095,1050,1050,1095,1100,1050,1100,1100,1100,1150,1137,1150,1150,1150,1100,1100,1100,1095,1100,1100,1100,1100,1150,1100,1132.5,1150,1100,1175,1100,1100,1095,1095,1100,1150,1150,1200,1100,1100,1100,1100,1150,1145,1150,1175,1165,1187.5,1175,1175,1140,1150,1150,1150,1150,1150,1175,1199,1150,1150,1150,1195,1150
"Greensboro, NC",71,,,,,,,,,,,,,885,875,875,925,975,975,825,760,810,899,879,900,885,857.5,875,900,875,857.5,890,825,875,850,850,870,850,800,850,850,875,900,950,1000,1025,1000,995,925,949,949,950,950,975,975,950,990,995,995,955,975,957.5,995,1050,1125,1100,1099,1070,1000,1000,1000,975,950,925,900,995,1050,1050,1025,1000,1000,950
"Akron, OH",72,,,,,,,,,,,,,,,,,770,797.5,850,800,800,750,770,750,850,835,875,850,950,887.5,900,895,850,812.5,825,885,795,775,785,790,800,785,800,800,800,800,800,780,750,800,800,800,895,895,850,850,825,845,875,850,850,850,850,850,845,875,875,875,850,900,875,850,800,825,850,850,850,900,950,900,875
"North Port-Sarasota-Bradenton, FL",73,,,,,,,,,,,,,,1800,1800,1800,1800,1800,1797.5,1700,1795,1800,2000,2000,2000,2000,2000,1950,1850,1700,1750,1800,1750,1800,1792.5,1800,1650,1700,1700,1700,1695,1775,1810,1650,1755,1850,1850,1900,1850,1795,1725,1700,1800,1800,1800,1850,1875,1850,1950,1937.5,1900,1950,1850,1895,1850,1812.5,1855,1910,1900,1925,1995,1935,1960,2000,1995,1950,1950,1850,1800,1787.5,1750
"Little Rock, AR",74,,,,,,,,,,,,,,,,,,,,895,890,875,875,900,900,875,900,850,850,950,900,950,925,900,900,875,895,875,925,900,900,900,900,925,925,950,900,875,900,900,900,900,975,975,975,950,950,950,950,950,950,995,999,995,1000,1000,1000,997.5,995,995,1000,999,995,975,1000,1000,1000,985,995,950,975
"Stockton, CA",75,,,,,,,,,,,1100,1100,1295,1295,1362.5,1350,1325,1300,1350,1345,1350,1350,1350,1345,1295,1250,1250,1295,1300,1300,1295,1300,1300,1300,1280,1250,1250,1250,1295,1300,1350,1350,1350,1300,1300,1335,1300,1295,1300,1350,1350,1375,1395,1400,1485,1425,1450,1450,1400,1400,1400,1375,1450,1450,1450,1450,1495,1495,1495,1500,1500,1500,1500,1512.5,1500,1585,1595,1650,1595,1650,1650
"Charleston, SC",76,,,,,,,,,,,,,,1250,1295,1300,1350,1250,1200,1175,1200,1200,1200,1200,1247.5,1250,1250,1250,1300,1250,1200,1250,1250,1250,1250,1225,1275,1250,1225,1300,1275,1295,1300,1300,1300,1300,1275,1295,1295,1250,1250,1295,1350,1350,1395,1400,1400,1400,1395,1395,1400,1395,1375,1395,1445,1475,1495,1500,1475,1497.5,1450,1450,1450,1495,1500,1500,1500,1575,1500,1500,1500
"Syracuse, NY",77,,,,,,,,,,,,,,,,,,,,,,,,,,,,,,,,,,,,,,,,,,,,,,,,,,,,,,,,,,,,,,,,,,1450,1450,1537.5,1300,1350,1300,1300,1350,1400,1500,1480,1400,1350,1350,1375,1325
"Colorado Springs, CO",78,,,,,,,,,,,,,,1150,1197.5,1250,1250,1250,1225,1225,1200,1200,1195,1195,1195,1195,1195,1200,1200,1225,1250,1200,1195,1200,1200,1200,1200,1200,1250,1250,1250,1275,1275,1250,1250,1295,1250,1250,1250,1250,1250,1250,1295,1300,1300,1300,1300,1295,1295,1295,1295,1295,1300,1350,1350,1350,1350,1350,1350,1345,1350,1350,1350,1350,1350,1370,1375,1395,1395,1375,1395
"Winston-Salem, NC",79,,,,,,,,,,,,,,,,,,,862.5,895,865,870,897.5,895,895,950,975,975,895,950,975,950,925,937.5,925,912.5,900,875,900,945,950,1027.5,1049,1050,1050,1025,1025,1012.5,1000,1000,1000,999,957.5,995,1000,1050,1025,1000,1000,1015,1075,1095,1120,1125,1100,1100,1095,1092.5,1095,1100,1095,1050,1075,1090,1100,1095,1095,1050,1095,1050,1050
"Wichita, KS",80,,,,,,,,,,,,,,,,,,,,,,,,882.5,800,897.5,962.5,900,900,950,850,900,900,850,912.5,850,825,825,850,925,875,895,912.5,825,850,850,750,800,750,750,750,775,800,850,849,850,875,895,900,950,925,900,950,975,1000,975,950,950,900,900,895,900,900,900,947.5,925,975,925,920,900,892.5
"Springfield, MA",81,,,,,,,,,,,,,,,,,,,1700,1700,1500,1400,1300,1400,1395,1400,1450,1600,1500,1500,1500,1497.5,1400,1400,1387.5,1375,1350,1375,1375,1350,1400,1300,1400,1450,1425,1400,1187.5,1387.5,1300,1200,1200,1145,1300,1487.5,1475,1400,1450,1400,1465,1465,1400,1400,1475,1475,1425,1550,1500,1500,1400,1500,1450,1450,1500,1500,1500,1480,1375,1400,1500,1500,1500
"Fort Myers, FL",82,,,,,,,,,,,,,,,995,1000,995,950,950,965,950,950,950,900,900,950,995,999,997,1095,1095,1050,1000,1000,1112.5,1075,1000,1100,1200,1250,1250,1200,1250,1200,1195,1200,1250,1300,1300,1250,1200,1200,1375,1400,1395,1350,1350,1350,1375,1399.5,1350,1500,1600,1700,1595,1557.5,1550,1562.5,1575,1600,1650,1650,1650,1750,1800,1800,1500,1550,1450,1400,1400
"Boise City, ID",83,,,,,,,,,,,,,,,850,850,850,825,825,825,825,825,800,800,825,795,785,825,850,850,850,850,850,875,850,850,850,850,850,850,895,900,910,905,925,925,925,895,900,925,925,945,950,975,975,995,995,1000,995,995,995,997.5,1025,1025,1050,1050,1050,1050,1025,1005,995,995,995,1000,1035,1050,1050,1075,1100,1125,1100
"Toledo, OH",84,,,,,,,,,,,,,,,,,,,,700,755,649.5,650,650,650,650,654,650,650,654,650,650,650,675,675,650,675,675,690,675,700,700,700,675,750,750,725,750,700,707.5,700,717.5,703,700,725,714,750,750,750,750,795,795,795,795,797.5,800,800,840,800,795,795,780,750,782.5,800,800,800,800,800,780,797.5
"Madison, WI",85,,,,,,,,,,,,,,,,,,,,,1295,1449.5,1545,1495,1495,1405,1495,1395,1275,1350,1372.5,1440,1310,1395,1400,1495,1395,1395,1399,1370,1375,1450,1495,1395,1299,1350,1500,1425,1395,1395,1412.5,1425,1400,1385,1395,1500,1550,1495,1550,1510,1497.5,1495,1500,1562.5,1675,1575,1549,1500,1495,1500,1575,1499,1500,1500,1400,1495,1547.5,1495,1570,1495,1510
"Lakeland, FL",86,,,1100,1100,1100,1150,1125,1072.5,1075,1000,1075,1095,950,950,950,998,1000,1000,995,995,950,950,950,950,950,950,1000,1062.5,1100,1125,1100,1150,1100,1100,1100,1100,1120,1175,1200,1200,1200,1250,1225,1200,1250,1200,1200,1275,1250,1250,1200,1200,1325,1325,1375,1150,1150,1125,1150,1195,1175,1200,1200,1200,1225,1200,1200,1200,1200,1195,1195,1195,1195,1200,1265,1250,1250,1250,1250,1245,1247
"Ogden, UT",87,,,,,,,,,,,,,,,,,1075,1150,1075,1085,1000,1033,1000,1025,1000,995,999,1033,1012.5,1095,1050,1000,1000,1075,1095,1075,1075,1100,1150,1150,1195,1225,1220,1200,1200,1200,1195,1100,1100,1095,1100,1100,1145,1200,1200,1175,1195,1150,1175,1195,1200,1200,1250,1250,1250,1250,1200,1195,1200,1195,1150,1200,1200,1200,1200,1200,1200,1250,1250,1295,1200
"Daytona Beach, FL",88,,,,,,,,,,,,1025,895,950,997.5,1000,1000,950,950,950,950,950,925,950,950,950,950,975,995,1000,997.5,975,975,979,995,975,975,980,1000,1050,1100,1100,1100,1095,1100,1100,1100,1100,1100,1100,1100,1100,1100,1132,1100,1150,1125,1100,1100,1100,1100,1150,1200,1200,1180.5,1200,1200,1200,1250,1250,1250,1250,1250,1250,1300,1275,1250,1250,1280,1295,1250
"Des Moines, IA",89,,,,,,,,,,,,,,,,,,,,,1100,1150,1195,1195,1195,1195,1100,962.5,975,950,1000,995,1050,1050,1100,1050,1012.5,1050,1100,1125,1100,1100,1050,1100,1150,1175,1100,1150,1100,1050,1085,1100,1200,1200,1150,1200,1200,1200,1195,1150,1150,1125,1200,1250,1295,1270,1295,1200,1195,1200,1175,1200,1195,1250,1285,1300,1350,1195,1275,1275,1250
"Youngstown, OH",90,,,,,,,,,,,,,,,,,,,,,,,,,,,,,,,,,,,,,,,,,,,,,,,,,537.5,585,600,600,650,650,650,650,662.5,675,675,675,675,650,695,737.5,700,650,650,600,600,600,612.5,625,650,650,675,695,650,650,650,675,650
"Augusta, GA",91,,,,,,,,,,,,,995,850,1000,972.5,1005,1035,1100,1050,950,950,975,950,950,950,975,900,900,975,875,925,919,919.5,919,900,900,900,900,950,1000,995,995,995,995,995,975,995,995,975,975,975,1000,1000,950,950,975,975,975,1025,1000,1050,1086,1095,1100,1100,1100,1050,1025,1050,1025,1000,995,1025,1050,1095,1100,1100,1100,1075,990
"Scranton, PA",92,,,,,,,,,,,,,,,,,,,,,900,800,850,800,800,800,817.5,787.5,737.5,725,775,750,750,850,800,875,1017.5,1000,850,850,900,875,925,950,895,870,850,875,875,890,895,895,900,950,1000,1125,975,850,850,862.5,875,900,950,950,900,950,1000,925,872.5,850,875,900,900,922.5,900,950,900,850,850,900,900
"Harrisburg, PA",93,,,,,,,,,,,,,950,897.5,862.5,850,792.5,800,800,887.5,845,800,850,825,900,892.5,882.5,875,875,850,825,850,850,830,867.5,850,947.5,932,900,915,1000,995,995,1000,1000,1000,1025,1025,1000,1000,1030,1050,1057.5,1045,1000,1095,1125,1100,1150,1175,1150,1135,1150,1150,1195,1180,1177.5,1175,1195,1175,1100,1095,1062.5,1095,1125,1150,1150,1185,1177.5,1100,1185
"Melbourne, FL",94,,1000,950,900,950,950,1000,1000,985,950,945,925,950,975,995,1000,1000,1000,1000,995,987.5,1000,1000,1000,1000,1000,1050,1072.5,1100,1100,1050,1025,1050,1100,1100,1100,1100,1075,1100,1150,1150,1150,1150,1100,1100,1100,1095,1100,1100,1100,1100,1100,1195,1200,1200,1200,1200,1200,1195,1175,1175,1195,1200,1250,1250,1250,1250,1225,1225,1250,1295,1275,1295,1300,1350,1300,1300,1300,1300,1375,1300
"Chattanooga, TN",95,,,,,,,,,,,,,,,,,,,,,,,,,,,,,,,,,,,,,,,,,,,,,,,,,,,,,,1200,1025,1100,1195,1200,1100,1100,1100,1100,1100,1100,1125,1100,1100,1100,1100,1197.5,1095,1000,1150,1100,1197,1200,1200,1100,1100,1150,1100
"Spokane, WA",96,,,,,,,,,,,,,,895,865,950,950,900,925,945,945,950,895,885,895,900,975,1025,1045,995,995,975,1000,995,995,995,895,895,975,995,995,995,995,995,995,995,995,995,975,975,995,995,995,1045,1095,1050,1045,1000,995,995,995,995,1095,1100,1125,1095,1050,1000,1095,1047.5,995,995,985,995,1100,1150,1100,1095,1100,1095,1095
"Provo, UT",97,,,,,,,,,,,,,,,1250,1200,1295,1300,1200,1247.5,1250,1250,1200,1210,1250,1262.5,1222.5,1195,1197,1199,1199,1200,1210,1292.5,1295,1297.5,1289.5,1337.5,1300,1300,1310,1350,1400,1387.5,1400,1380,1350,1350,1300,1275,1275,1210,1267.5,1255,1300,1295,1387.5,1350,1325,1310,1295,1260,1250,1347.5,1350,1350,1325,1300,1310,1350,1290,1300,1295,1300,1350,1295,1395,1257.5,1300,1385,1450
"Lancaster, PA",98,,,,,,,,,,,,,,,,,,,,950,955,925,985,947.5,895,895,900,899.5,995,1010,1112.5,962.5,925,975,995,995,995,995,1050,1000,995,995,990,995,997.5,995,1050,987.5,957.5,995,995,995,1050,1000,1050,1050,1095,1075,1050,995,995,995,995,995,1095,1100,1100,1050,1050,1050,1097.5,1050,1100,1095,1095,1075,1095,1097.5,1112.5,1100,1145
"Modesto, CA",99,,,,,,,,,,,,,1062.5,1075,1095,1095,1095,1095,1095,1062.5,1095,1100,1100,1095,1050,1095,1075,1050,1095,1100,1100,1100,1095,1095,1095,1095,1095,1095,1095,1095,1095,1075,1095,1095,1095,1095,1075,1100,1100,1100,1100,1150,1195,1195,1175,1195,1195,1185,1195,1200,1250,1250,1200,1200,1295,1297.5,1250,1295,1295,1300,1300,1350,1350,1325,1300,1300,1350,1325,1395,1350,1395
"Portland, ME",100,,,,,,,,,,,,,1100,1137.5,1175,1200,1350,1497.5,1500,1500,1450,1397.5,1299.5,1400,1472.5,1450,1500,1495,1500,1595,1525,1500,1400,1395,1472.5,1450,1495,1400,1350,1325,1500,1500,1500,1500,1500,1400,1400,1300,1250,1250,1300,1300,1500,1750,1900,1772.5,1697.5,1650,1650,1650,1600,1800,1850,1650,1800,1700,1650,1650,1800,1800,1700,1650,1650,1650,1800,1650,1750,1695,1697.5,1737.5,1750
"Durham, NC",101,,1225,1250,1297.5,1350,1350,1350,1372.5,1300,1400,1400,1395,1225,1250,1200,1275,1200,1250,1275,1250,1200,1200,1122.5,1100,1095,1050,1100,1100,1125,1197.5,1195,1182.5,1150,1150,1100,1050,1100,975,1050.5,1200,1200,1200,1250,1250,1250,1250,1250,1250,1260,1250,1250,1275,1325,1350,1325,1350,1350,1350,1350,1350,1395,1375,1375,1395,1400,1400,1450,1397.5,1350,1344.5,1375,1350,1350,1400,1437.5,1425,1400,1395,1412.5,1450,1395
"Santa Rosa, CA",102,,,,,,,,,,,,,1650,1650,1650,1700,1825,1900,1770,1800,1700,1662.5,1700,1700,1650,1650,1695,1750,1750,1850,1800,1800,1750,1800,1750,1800,1895,1890,1750,1850,1950,1950,2000,1950,1950,1937.5,2000,2000,2000,1950,1950,1980,1975,2000,2025,2100,2100,2100,2200,2200,2200,2177.5,2275,2300,2375,2350,2400,2400,2400,2400,2400,2350,2500,2412.5,2350,2300,2500,2300,2500,2300,2500
"Lexington, KY",103,,,,,,,,,,,,,,,,,,,,,,,,,,,,,,,,,,1012.5,995,975,975,995,995,1025,1095,1095,1095,1099,1095,1095,1039,1000,995,1000,1000,998,1100,1080,1095,1095,1100,1086.5,1100,1095,1091.5,1100,1185,1185,1197,1150,1141,1100,1107.5,1100,1109.5,1100,1100,1149,1150,1169,1195,1200,1150,1150,1164
"Lafayette, LA",104,,,,,,,,,,,,,,,,,,,,,,,,,,,,,,,,,,,,,,,,,,,,,,,1400,1325,1295,1200,1200,1200,1200,1275,1375,1400,1250,1350,1345,1200,1275,1300,1372.5,1395,1200,1350,1350,1325,1325,1300,1300,1295,1295,1275,1297.5,1200,1312.5,1250,1200,1200,1250
"Lansing, MI",105,,,,,,,,,,,,,,,,,,825,862.5,845,695,695,695,695,695,675,665,675,692.5,695,725,700,725,725,700,700,700,750,743,750,757.5,750,795,795,795,795,775,750,750,750,750,750,800,795,795,777.5,795,780,775,775,787.5,795,795,800,790,799.5,795,775,795,790,775,750,750,795,800,795,799,800,850,800,800
"Fayetteville, AR",106,,862.5,900,850,850,900,900,895,850,885,897.5,875,850,850,850,850,897.5,912.5,895,875,900,900,850,900,850,850,900,892.5,850,900,950,950,975,1000,1000,1000,997.5,995,975,1100,1100,1100,1100,1100,975,1025,1000,1012.5,1050,1025,1025,1050,1200,1125,1105,1100,1100,1100,1100,1100,1150,1200,1200,1200,1200,1200,1200,1200,1200,1250,1200,1225,1200,1250,1295,1250,1200,1200,1200,1200,1200
"Pensacola, FL",107,,,900,895,850,850,950,950,950,995,1000,975,925,875,895,895,900,895,895,895,875,850,850,850,850,875,875,875,895,900,900,900,895,875,875,875,897.5,900,900,945,950,950,950,975,995,995,950,950,950,950,975,995,1000,1000,1050,1050,1075,1050,1050,1050,1050,1050,1025,1085,1100,1095,1095,1100,1095,1050,1075,1060,1050,1050,1150,1100,1100,1150,1125,1095,1075
"Visalia, CA",108,,,,,,,,,,,,,,,,,,,,,,1250,1250,1150,1275,1250,1150,1150,1150,1150,1175,1150,1095,1095,1095,1060,1075,1050,1125,1100,1150,1100,1100,1095,1080,1100,1050,1050,1100,1100,1100,1150,1100,1100,1095,1095,1095,1095,1097.5,1150,1150,1100,1195,1200,1195,1112.5,1150,1150,1197.5,1150,1150,1175,1195,1195,1195,1095,1172.5,1097.5,1125,1150,1197.5
"Shreveport, LA",109,,,,,,,,,,,,,,,,,,,,,,,,,,,,,,,,,,,,,,,,,,1100,912.5,890,995,1050,1012.5,1135,1000,1100,1087.5,1050,1000,950,950,995,950,1000,1000,1000,1000,950,1100,1200,1200,1150,1050,1100,1050,1000,1000,1000,997.5,950,1100,1100,1100,1050,1000,1000,975
"Springfield, MO",110,,,,,,,,,,,,,695,695,750,750,795,750,750,750,750,725,695,652.5,650,650,675,675,695,725,725,750,725,700,695,700,725,675,650,650,650,695,700,700,700,700,700,625,650,650,650,650,675,695,725,725,725,695,675,650,695,695,695,650,695,650,625,650,675,675,625,600,625,650,650,650,750,750,695,747.5,650
"York, PA",111,,,,,,,,,,,,,,,,,,,,950,995,1095,1095,1095,1095,1100,1095,1095,1175,1175,1095,1195,1095,1195,1175,1175,1185,1200,1175,1175,1195,1195,1197.5,1150,1195,1115,1115,1150,1095,1195,1095,1095,1125,1150,1150,1095,1100,1100,1095,1095,1037.5,1000,1100,1175,1162.5,1100,1100,1100,1050,1050,1100,1100,1095,1050,1100,1037.5,1195,1150,1100,1125,1100
"Corpus Christi, TX",112,,,,,,,,,,,,,,,,,,,,,,1295,1400,1275,1250,1275,1299,1350,1237.5,1250,1200,1250,1200,1300,1350,1199,1300,1300,1400,1350,1400,1500,1450,1500,1500,1500,1550,1575,1600,1537.5,1550,1525,1500,1575,1500,1500,1500,1550,1550,1537.5,1525,1550,1595,1600,1650,1600,1550,1600,1550,1500,1495,1495,1550,1500,1500,1600,1600,1595,1650,1595,1500
"Flint, MI",113,,,,,,,,,,,,,,,,,,,,,,,,,575,550,550,550,566.5,550,535,550,550,554,575,550,550,550,565,550,575,600,595,575,600,600,590,600,600,595,580,580,575,595,575,600,600,600,612.5,625,600,600,625,625,600,600,600,650,625,600,650,650,650,650,650,650,650,650,675,685,650
"Reno, NV",114,,,,,,,,,,,,,,,,,1250,1250,1250,1250,1250,1250,1250,1200,1200,1200,1200,1195,1250,1250,1295,1250,1240,1250,1250,1250,1250,1250,1250,1250,1275,1295,1300,1300,1295,1300,1295,1300,1300,1325,1325,1325,1350,1375,1400,1400,1400,1400,1400,1395,1450,1450,1450,1495,1500,1525,1500,1495,1495,1495,1500,1500,1500,1500,1595,1595,1595,1595,1550,1595,1595
"Asheville, NC",115,,,,,,,,,,,,,,,,,,,1000,995,1100,1050,1050,1100,1000,1095,1100,1100,1100,1150,1100,1150,1100,1095,1095,1037.5,995,995,995,1000,1000,1000,1100,995,1050,995,1000,1050,1175,1100,1100,1100,1195,1200,1150,1150,1100,1150,1200,1150,1100,1195,1225,1200,1200,1295,1300,1297.5,1295,1297.5,1275,1295,1325,1395,1295,1295,1350,1295,1337.5,1350,1400
"Port St. Lucie, FL",116,925,1050,1100,1000,1095,1100,1000,1050,1100,1087.5,1100,1187.5,1100,1100,1150,1200,1195,1200,1200,1250,1200,1200,1200,1200,1200,1250,1275,1225,1250,1250,1250,1200,1225,1200,1200,1200,1200,1200,1200,1250,1250,1275,1275,1275,1295,1295,1300,1300,1300,1300,1300,1300,1375,1350,1350,1350,1350,1375,1325,1350,1325,1325,1375,1400,1400,1405,1405,1450,1475,1450,1495,1500,1500,1500,1550,1595,1500,1495,1495,1450,1462.5
"Huntsville, AL",117,,,,1250,1195,1195,1195,1200,1195,1150,1100,1100,1100,1075,1075,1100,1100,1100,1195,1100,1150,1150,1100,1100,1195,1175,1150,1100,1050,1100,1050,1000,995,975,1050,995,995,1000,995,1000,1000,1000,1100,1097,1100,1150,1050,1100,1050,1000,995,995,1100,1150,1100,1095,1050,1000,1050,1075,1062.5,995,990,990,995,995,1000,950,950,950,950,950,1025,950,950,915,950,1025,1050,1000,850
"Fort Wayne, IN",118,,,,,,,,,,,,,,,,,,,,,,,,,,,,,,,,850,850,900,875,795,750,699.5,650,650,650,650,625,650,672.5,695,625,600,600,625,613.5,625,647.5,685,650,625,600,640,600,595,599,600,599,625,632.5,650,650,635,625,650,650,650,650,650,675,650,675,637.5,650,695,650
"Salinas, CA",119,,,,,,,,,,,,,2000,1800,1795,1925,1800,1845,1897.5,1895,1650,1720,1750,1795,1612.5,1600,1650,1695,1795,1750,1795,1800,1700,1685,1725,1700,1650,1775,1900,1850,1797.5,1825,1850,1850,1975,2000,1995,2100,2050,1997,1995,2050,2200,2025,2125,2125,2262.5,2250,2250,2272.5,2250,2262.5,2250,2250,2250,2200,2195,2250,2175,2200,2297.5,2400,2425,2400,2495,2395,2450,2530,2500,2437.5,2450
"Vallejo, CA",120,,,,,,,,,,,,,1500,1500,1500,1550,1500,1500,1500,1550,1500,1585,1550,1575,1550,1517.5,1550,1550,1575,1650,1600,1600,1600,1600,1595,1599,1600,1575,1599,1600,1600,1600,1595,1600,1600,1600,1575,1600,1600,1619.5,1600,1600,1650,1695,1700,1750,1742,1700,1750,1795,1766,1725,1750,1800,1799,1849,1900,1875,1863,1850,1887,1900,1900,1895,1900,1850,1850,1850,1875,1937.5,1950
"Mobile, AL",121,,,,,,,,,,,,,,,,,,,,,,,,,,,,,750,750,750,750,750,750,775,750,750,750,750,750,750,750,750,750,825,800,750,825,750,750,750,750,850,850,850,800,800,850,800,850,800,800,850,850,895,895,875,895,850,875,850,850,850,850,850,900,875,950,950,900,875
"Reading, PA",122,,,,,,,,,,,,,,,1200,1395,1297.5,1300,1200,1325,1250,1200,1175,1050,1050,1050,1050,1150,1062.5,1100,1100,1200,1100,1025,1000,992.5,1012.5,1025,975,975,1000,1025,1100,1050,1050,1035,997.5,1000,1000,1000,1000,1000,1000,1100,1150,1100,1100,1150,1100,1150,1187.5,1200,1187.5,1200,1150,1250,1237.5,1195,1137.5,1100,1150,1265,1200,1155,1100,1100,1200,1100,1100,1200,1100
"Brownsville, TX",123,,,,,,,,,,,,,,,,,,,,,,,,,,,,,,,,,,,,,,,,,,,,,,,,,,,,,,,,,,,,,,,,1250,1200,1150,1150,1150,1200,1200,1200,1150,1250,1195,1225,1200,1200,1100,1250,1200,1000
"Killeen, TX",124,,,,,,,,,,,,,975,900,900,995,1000,995,895,895,895,895,895,895,895,895,950,950,995,995,1000,995,995,950,950,975,975,950,950,960,975,995,975,950,950,950,950,950,950,950,950,950,995,995,995,995,975,995,975,995,995,990,995,995,995,995,995,995,975,975,950,950,950,950,950,975,995,995,995,995,975
"Canton, OH",125,,,,,,,,,,,,,,,,,,525,595,607.5,632.5,625,625,625,612.5,625,650,600,600,625,625,625,650,650,650,650,650,650,650,625,650,650,650,650,650,662.5,650,710,695,675,675,675,710,750,700,772.5,727.5,717.5,675,660,700,697.5,705,715,795,900,775,750,700,692.5,700,745,750,750,800,800,750,725,750,700,750
"Beaumont, TX",126,,,,,,,,,,,,,,,,,,,,,,,,,,,,795,761,775,760,795,750,750,679.5,725,750,700,750,790,782.5,775,777.5,799.5,825,800,800,850,850,825,825,825,850,900,875,850,875,895,850,900,942.5,900,895,900,900,900,925,950,1045,995,1025,1000,975,950,950,950,885,900,950,1085,962.5
"Manchester, NH",127,,,,,,,,,,,,,,,,,,,1595,1597.5,1500,1500,1525,1600,1550,1500,1500,1575,1500,1450,1495,1500,1500,1500,1595,1600,1550,1500,1400,1500,1550,1700,1599.5,1550,1500,1545,1500,1500,1500,1500,1550,1597.5,1700,1700,1770,1650,1570,1600,1597,1600,1600,1595,1595,1600,1600,1795,1800,1750,1700,1700,1750,1687.5,1650,1795,1700,1700,1595,1775,1800,1750,1750
"Salem, OR",128,,,,,,,,,,,,,,800,825,825,850,875,903,895,895,895,875,887.5,895,895,875,950,925,950,975,990,950,995,980,995,950,965,995,995,990,999,990,1050,1075,1000,1000,1000,1050,1045,1000,1050,1095,1092.5,1100,1195,1165,1197.5,1195,1195,1195,1095,1170,1195,1200,1200,1295,1295,1235,1250,1200,1250,1247.5,1285,1250,1200,1200,1200,1360,1295,1300
"Anchorage, AK",129,,,,,,,,,,,,,,1700,1625,1600,1675,1700,1890,1650,1700,1650,1700,1700,1700,1700,1695,1600,1682.5,1650,1600,1600,1595,1600,1750,1750,1695,1700,1695,1750,1800,1800,1770,1800,1797.5,1797.5,1750,1700,1790,1700,1700,1700,1850,1890,1992.5,2000,2000,1975,1900,1895,1850,1750,1700,1795,1850,1850,1862.5,1890,1800,1850,1950,1900,1800,1800,1800,1800,1800,1800,1800,1800,1795
"Davenport, IL",130,,,,,,,,,,,,,,,,,,,,,,,,,,,,,900,875,895,875,850,850,850,850,850,850,850,862.5,885,895,825,862.5,897.5,900,850,875,850,850,875,875,900,900,946,900,900,850,875,875,850,862.5,900,900,937.5,950,900,875,850,850,850,875,875,875,895,900,875,850,962.5,995,950
"Peoria, IL",131,,,,,,,,,,,,,,,,,,,,,,,,,,,,,,,,,,,,,962.5,975,900,850,937.5,1000,900,937.5,925,925,900,900,897.5,867.5,800,850,850,800,900,900,795,850,800,850,897.5,912.5,850,950,950,862.5,945,900,800,878,850,850,850,850,900,900,892.5,897.5,850,875,800
"Myrtle Beach, SC",132,,,,,,,,,,,,,,,,,,,,,,,1050,1050,1050,1099,1100,1050,1022.5,1075,1150,1100,1100,1100,1100,1100,1097.5,1100,1175,1195,1150,1150,1175,1195,1150,1100,1100,1100,1100,1100,1125,1125,1100,1175,1175,1200,1200,1225,1200,1200,1200,1200,1295,1297,1250,1200,1250,1300,1250,1250,1225,1250,1295,1295,1262.5,1275,1250,1250,1300,1300,1297.5
"Montgomery, AL",133,,,,,,,,,,,,,,,,,,,,,,,,,,,,,750,775,762.5,775,750,750,769,750,750,750,769,800,787.5,795,782.5,775,799,795,780,797,775,775,775,795,895,862.5,900,850,850,850,850,850,850,850,900,900,950,950,912.5,895,875,875,895,875,895,895,950,900,950,950,900,850,850
"Salisbury, MD",134,,,,,,,,,,,,,,,,,,1275,1300,1250,1250,1150,1100,1250,1300,1250,1250,1250,1300,1325,1300,1250,1300,1400,1250,1100,1100,1100,1100,1200,1300,1300,1420,1350,1250,1200,1150,1150,1100,1150,1200,1200,1300,1250,1262.5,1200,1200,1195,1185,1125,1100,1200,1200,1200,1250,1250,1237.5,1250,1200,1200,1200,1200,1200,1200,1255,1275,1255,1255,1250,1200,1200
"Gulfport, MS",135,,,,,,,,,,,,,750,750,850,850,895,895,850,850,850,850,850,912.5,900,900,950,900,899.5,900,900,850,895,895,850,950,950,937.5,950,950,950,900,900,900,900,900,895,900,900,900,900,900,950,1000,975,995,995,995,995,950,925,900,962.5,950,995,995,1000,1000,995,975,950,950,900,900,950,1000,1000,995,995,950,950
"Tallahassee, FL",136,,,,,,,,,,,,,1050,1050,1050,1050,1050,1050,1100,1050,1000,996.5,1000,1050,1050,1050,1100,1050,1050,1000,995,1000,950,950,967.5,950,925,975,1000,1000,1000,995,999.5,995,975,950,925,990,1000,1000,1050,1050,1050,1050,1050,1012.5,1000,1000,1000,1000,1000,1050,1100,1100,1095,1072.5,1050,1000,1000,1000,1000,1000,1000,1100,1132.5,1100,1100,1077.5,1050,1097.5,1025
"Trenton, NJ",137,,,1600,1862.5,1800,1800,1800,2000,1895,1800,1925,1847.5,1697.5,1700,1700,1700,1747.5,1900,1900,1725,1750,1750,1650,1600,1650,1550,1650,1750,1850,1925,1900,1900,1862.5,1840,1850,1850,1850,1800,1700,1695,1800,1900,1975,1997,1900,1862.5,1850,1800,1750,1750,1750,1715,1850,1910,1900,1850,1750,1700,1650,1650,1700,1700,1800,1800,1800,1800,1812.5,1900,1800,1800,1800,1700,1700,1725,1850,1850,1850,1999.5,1850,1853.5,1697.5
"Fayetteville, NC",138,,,,,,,,,,,,,,,1000,995,1100,1050,1000,1000,975,975,975,985,995,975,985,1000,1000,1000,1000,995,950,950,950,950,975,990,1000,1000,1050,1000,1050,1000,1000,1000,995,995,995,995,995,995,1025,1025,1000,1000,1000,1000,1000,1000,1000,995,1000,995,1000,1000,1000,1000,1000,995,995,1000,995,1000,1000,1050,1000,1000,1000,999,1000
"Eugene, OR",139,,,,,,,,,,,,,950,1000,950,997.5,1095,1150,1150,1100,1000,1000,995,995,995,995,997.5,1050,1055,1050,1095,1095,1095,1045,1000,995,995,995,1095,1095,1100,1150,1100,1095,1095,1050,1050,1050,1025,1000,1025,1050,1125,1150,1195,1160,1195,1195,1195,1150,1097.5,1195,1175,1135,1167.5,1185,1195,1195,1175,1162.5,1095,1165,1195,1195,1200,1200,1250,1200,1225,1245,1200
"Rockford, IL",140,,,,,,,,,,,,,,,,,,,,,,,,,,,,,,,,,,,,,,,,,,,1100,975,975,925,875,875,950,950,950,950,975,887.5,850,900,895,885,900,850,862.5,935,985,925,950,1050,995,985,950,950,850,842.5,800,795,825,850,875,875,937.5,950,912.5
"Savannah, GA",141,,,,,,,,,,,,,,1100,1150,1200,1200,1175,1125,1150,1145,1100,1150,1100,1150,1100,1150,1200,1200,1200,1200,1200,1175,1175,1195,1175,1150,1150,1150,1200,1200,1200,1200,1200,1200,1200,1200,1200,1200,1195,1195,1200,1250,1262.5,1300,1275,1295,1275,1295,1250,1250,1250,1275,1300,1325,1300,1300,1300,1275,1275,1250,1250,1250,1250,1295,1300,1300,1325,1295,1275,1275
"Ocala, FL",142,,,975,950,950,850,825,850,850,900,950,900,835,800,825,850,850,850,875,850,850,800,825,800,795,800,850,850,850,850,850,850,850,850,850,850,850,850,850,895,895,900,850,900,862.5,875,850,850,875,850,850,850,900,900,900,900,900,900,900,900,900,900,900,950,1000,1000,995,950,950,950,950,950,950,950,1050,950,975,975,962.5,950,975
"Kalamazoo, MI",143,,,,,,,,,,,,,,,,,,,,,,,,,700,700,750,750,750,695,743.5,750,750,730,700,725,750,795,900,900,900,900,862.5,800,890,895,850,900,930,900,927.5,900,930,927.5,900,900,900,995,1100,1025,1000,1050,1037.5,975,946,932.5,900,950,900,997.5,1100,1150,1100,1100,1050,1100,975,1000,950,1050,1050
"South Bend, IN",144,,,,,,,,,,,,,600,600,650,650,650,650,650,600,650,625,650,650,650,697.5,650,650,625,645,650,625,623.5,622,625,625,622,625,625,650,650,650,650,625,650,650,650,650,650,650,650,650,675,675,675,700,685,675,650,650,675,650,700,700,675,675,675,675,675,699.5,675,675,700,700,725,750,750,710,732.5,700,725
"Spartanburg, SC",145,,,,,,,,,,,,,,,,,,,,,,,,,,,,900,885,875,900,945,1000,950,950,850,775,862.5,825,895,995,925,925,1057.5,1150,1112.5,1100,1000,975,950,900,925,1010,982.5,900,982.5,895,900,900,1025,1050,1100,1100,1150,1100,995,995,1000,995,995,975,950,950,1000,997.5,1025,1050,1100,1050,1050,975
"Evansville, IN",146,,,,,,,,,,,,,,,,,,,,,,,,,,,,,,,,,,,,,,,,,,,,,,,,,,,,,,,,,812.5,700,737.5,695,700,715,750,810,837.5,895,862.5,775,750,750,800,695,695,700,762.5,775,795,725,795,800,750
"Roanoke, VA",147,,,,,,,,,,,,,,,,,,,,,,,,,,,,,912.5,990,1050,950,925,925,950,897.5,875,775,850,825,900,900,897.5,825,895,850,850,850,845,800,795,812.5,895,895,850,897.5,895,895,895,895,900,895,995,995,925,895,800,875,875,895,897.5,900,945,900,900,895,1000,950,1095,995,950
"Lincoln, NE",148,,,,,,,,,,,,,,,,,,,,,,,,,,,,,,,,,,,,,,,,,,,,,,,,,,945,995,1000,1100,1000,1000,1000,1000,1000,1000,995,995,1090,1197.5,1200,1200,1195,1162.5,1175,1150,1120,1070,1095,1050,1200,1175,1197.5,1150,1200,1200,1125,1100
"Fort Collins, CO",149,,,,,,,,,,,,,,,,,,,,,,,,,,,,1195,1195,1310,1297.5,1225,1275,1385,1395,1295,1300,1295,1325,1337.5,1297.5,1295,1350,1370,1350,1395,1395,1350,1350,1350,1395,1400,1450,1475,1462.5,1450,1497.5,1495,1500,1500,1495,1550,1595,1597.5,1595,1612.5,1650,1645,1647.5,1650,1600,1600,1650,1650,1650,1700,1700,1695,1695,1695,1695
"Columbus, GA",150,,,,,,,,,,,,,,,,,,,,,,,,900,800,900,897.5,931,950,1000,1000,975,950,950,962.5,950,942.5,925,950,950,995,950,950,950,950,945,950,950,950,950,950,950,995,995,1000,995,975,950,975,950,950,925,950,950,975,995,975,945,910,897.5,900,925,913.5,918,950,995,995,950,1025,950,950
"Boulder, CO",151,,,,,,,,,,,,,,,,,,,,,,,,,,,,,,,,,,,,,,,,2100,2000,1975,2000,1947.5,2150,2175,2350,2250,2295,2250,2150,2150,2150,2037.5,2097,2047.5,1995,1995,2000,2262.5,2400,2350,2395,2400,2398.5,2300,2300,2385,2350,2300,2195,2350,2395,2390,2495,2500,2325,2350,2395,2250,2200
"Lubbock, TX",152,,,,,,,,,,,,,,,,,,,,,,,,,,,,,,,,,,,,,,,,1195,1065,1000,1100,995,995,900,950,995,995,1000,1000,1000,995,995,995,1100,1100,1095,1095,1000,1000,1150,1197.5,1200,1195,1200,1200,1175,1100,1100,1100,1100,1050,1075,1100,1195,1100,1100,1100,1100,1080
"Fort Smith, AR",153,,,,,,,,,,,,,,,,,,,,,,,,,,,,,,,,,,,,,,,,,,,807.5,700,800,750,750,750,800,825,800,800,750,700,775,750,750,712.5,700,695,695,795,725,685,750,750,700,700,690,775,725,725,725,725,725,725,750,800,737.5,700,700
"Duluth, MN",154,,,,,,,,,,,,,,,,,,,,,,,,,,,,,,,,,,,,,1050,1185,1050,1055,1137.5,1100,1090,1065,1060,1035,1062.5,1080,1050,1062.5,1035,1000,1042.5,1050,1035,1060,1072.5,1017.5,1035,1215,1137.5,1100,1097.5,1050,1050,1075,1160,1200,1157.5,1100,1200,1215,1215,1200,1200,1100,1062.5,1195,1200,1220,1050
"Atlantic City, NJ",155,,,,,,,,,,,,,,,,,,,,,,,,,,,,2500,2500,2300,2000,1725,1650,1600,1600,1600,1650,1800,1900,2000,2250,2250,2200,1850,1750,1600,1600,1600,1700,1700,1700,1750,1950,1900,1800,1600,1500,1500,1500,1550,1650,1800,1900,2000,2200,2100,1900,1795,1600,1600,1600,1600,1650,1795,1850,2000,1800,1800,1800,1750,1600
"New London, CT",156,,,1500,1550,1725,1600,1600,1600,1500,1500,1500,1700,1600,1500,1600,1500,1550,1500,1500,1400,1400,1400,1400,1400,1400,1400,1400,1400,1495,1500,1400,1400,1395,1400,1350,1325,1332.5,1325,1350,1400,1500,1500,1500,1500,1500,1500,1500,1450,1450,1500,1500,1500,1500,1500,1500,1500,1495,1400,1450,1400,1500,1500,1500,1500,1500,1500,1500,1500,1500,1500,1500,1500,1500,1500,1600,1600,1550,1500,1500,1500,1500
"San Luis Obispo, CA",157,,,,,,,,,,,,,,,,,,,,,,,,,,,,,,,,,,,,,,,,,,,,,,,,,,,,,,,,,,,,,,,,,2270,2150,2000,2075,2200,2100,2100,2100,2100,2300,2300,2300,2250,2250,2200,2150,2100
"Gainesville, FL",158,,1395,1395,1272.5,1297.5,1295,1200,995,867.5,809,945,902.5,899.5,895,950,1050,1050,1050,1000,975,950,950,950,950,950,995,977.5,950,975,995,995,995,950,950,985,975,1000,1000,1000,1000,1050,1050,1050,1000,1000,1025,1100,1187.5,1100,1100,1100,1100,1162.5,1175,1150,1150,1100,1100,1140,1175,1200,1200,1195,1200,1200,1150,1200,1200,1150,1162.5,1185,1195,1200,1200,1200,1250,1250,1250,1197.5,1250,1200
"Santa Cruz, CA",159,,,,,,,,,,,,,,,,,,,,,,,,2050,2200,2300,2340,2095,2031,2200,2146,2100,2100,2300,2225,2225,2285,2172.5,2200,2150,2350,2400,2200,2350,2300,2247.5,2000,2325,2200,2000,2100,2200,2575,2525,2600,2500,2500,2600,2450,2500,2700,2787.5,2600,3000,3125,3100,2700,2825,2700,2950,2935,2862.5,2875,2917.5,2700,2595,2700,2917.5,2935,2750,2942.5
"Clarksville, TN",160,,,,,,,,,950,900,837.5,850,850,900,950,1000,1100,1100,1095,1095,1050,1050,1100,1075,1025,1057.5,1095,1100,1100,1100,1095,1050,1000,995,975,950,950,950,950,995,995,1000,995,1025,1000,1000,1000,1000,1000,1000,1000,1000,1025,1000,1000,997,1025,1050,1000,990,995,975,1000,1050,1100,1100,1095,1015,1000,1000,1000,995,1000,995,1050,1050,1050,1050,1050,1000,1000
"Cedar Rapids, IA",161,,,,,,,,,,,,,,,,,,,,,,,,,,,,,,895,925,900,912.5,995,995,1000,992.5,900,950,950,1000,1100,1000,990,975,1000,975,950,950,950,950,944.5,975,997.5,1000,995,900,945,950,975,950,900,995,975,1000,1048,950,1000,950,950,950,950,995,995,975,1000,1012.5,912.5,950,1000,1000
"Merced, CA",162,,,,,,,,,,,,,1045,1000,1000,950,922.5,900,925,925,950,900,900,900,900,900,900,900,900,900,917.5,975,925,900,900,925,900,900,925,950,950,912.5,950,975,1000,1000,950,997.5,980,950,980,995,1075,1050,1000,1037.5,1000,1000,950,1000,995,962.5,1000,1000,1075,1100,1100,1050,1050,1050,1100,1100,1135,1135,1185,1200,1200,1100,1250,1195,1150
"Wilmington, NC",163,,,,,,,,,,,,,975,995,1025,1062.5,1050,1050,1050,1000,999.5,995,995,1025,1025,1050,1100,1100,1100,1100,1100,1100,1100,1050,1025,1075,1050,1000,1100,1100,1100,1152.5,1152.5,1165,1145,1150,1150,1150,1135,1112.5,1100,1125,1150,1195,1200,1250,1175,1195,1150,1175,1200,1250,1200,1237.5,1250,1250,1300,1300,1295,1250,1250,1250,1250,1250,1250,1250,1250,1250,1270,1285,1250
"Kennewick, WA",164,,,,,,,,,,,,,,,,,1350,1295,1350,1350,1395,1300,1350,1395,1350,1300,1300,1337.5,1250,1250,1295,1350,1250,1200,1195,1250,1197.5,1200,1250,1262.5,1300,1300,1300,1300,1200,1250,1250,1250,1195,1100,1095,1150,1250,1250,1285,1299.5,1250,1237.5,1250,1225,1212.5,1275,1395,1275,1250,1300,1395,1375,1399,1372.5,1372.5,1395,1400,1450,1495,1367.5,1450,1397.5,1400,1450,1400
"Greeley, CO",165,,,,,,,,,,,,,,,,,,,,,,,,,,,,,,,,,,1350,1250,1195,1195,1195,1250,1295,1485,1345,1250,1300,1350,1400,1495,1350,1350,1295,1295,1295,1400,1400,1395,1500,1500,1575,1462.5,1362.5,1450,1497,1599.5,1550,1550,1585,1650,1525,1500,1500,1550,1500,1512.5,1522.5,1600,1625,1595,1600,1550,1600,1650
"Waco, TX",166,,,,,,,,,,,,,,,,,,,,,,,,,,,,995,1000,995,1050,1000,950,950,950,950,950,972.5,1050,1050,950,1025,1000,995,1000,1050,932.5,907.5,950,987.5,1000,1000,1150,1025,1062.5,985,985,995,985,985,950,995,985,995,975,1050,1050,1100,1095,1075,995,950,975,1000,1060,1150,1200,1250,1150,1125,1125
"Lynchburg, VA",167,,,,,,,,,,,,,,,,,750,795,792.5,800,775,750,800,825,800,775,780,770,795,825,775,750,750,750,700,700,700,710,780,800,897.5,950,1072.5,955,895,850,825,850,825,825,850,875,950,990,995,950,950,900,900,850,850,850,900,950,1000,1000,950,995,975,950,950,925,925,950,950,950,950,960,950,950,1037.5
"Olympia, WA",168,,,,,,,,,,,,,1292.5,1300,1300,1300,1395,1350,1395,1350,1350,1325,1300,1295,1295,1325,1350,1380,1350,1350,1350,1350,1350,1350,1375,1350,1300,1350,1350,1395,1395,1400,1395,1395,1395,1375,1375,1387.5,1395,1395,1385,1395,1395,1397.5,1395,1395,1395,1395,1375,1350,1375,1395,1395,1400,1450,1475,1440,1400,1400,1400,1450,1400,1400,1450,1450,1450,1495,1495,1495,1495,1495
"Amarillo, TX",169,,,,,,,,,,,,,,,,,,,,,,,,,,,,,,,,,,,,,,,,,,,1200,1100,1175,1100,1250,1275,1200,1000,995,1000,1075,1250,1300,1250,1200,1225,1295,1200,1295,1297.5,1237.5,1295,1200,1195,1200,1150,1175,1295,1262.5,1300,1295,1337.5,1497.5,1275,1250,1282.5,1250,1200,1195
"Hagerstown, MD",170,,,,,,,,,,,,,,,,,1150,1250,1200,1187.5,1085,1000,1000,1050,1075,1100,1100,1175,1150,1150,1200,1200,1100,1199.5,1200,1200,1200,1150,1100,1000,1100,1172.5,1200,1200,1137.5,1200,1200,1100,1100,1150,1170,1125,1185,1150,1175,1200,1200,1100,1150,1100,1125,1100,1200,1200,1100,1100,1100,1137.5,1150,1195,1100,1100,1100,1100,1150,1200,1125,1100,1200,1195,1197.5
"Bremerton, WA",171,,,,,,,,,,,,,,1275,1337.5,1300,1350,1450,1350,1300,1297,1250,1200,1250,1225,1290,1250,1250,1299.5,1350,1295,1250,1250,1250,1250,1250,1250,1250,1250,1250,1250,1300,1300,1300,1300,1295,1250,1295,1295,1300,1300,1300,1350,1350,1350,1385,1362.5,1350,1350,1350,1400,1350,1350,1400,1375,1400,1425,1500,1450,1475,1450,1450,1400,1400,1350,1387.5,1400,1425,1475,1450,1500
"Crestview-Fort Walton Beach-Destin, FL",172,,975,997,995,1000,1000,995,1050,1050,1100,1050,1000,1000,1000,1000,1000,1000,1050,1095,1100,1050,1082.5,1100,1095,1095,1050,1050,1100,1175,1175,1195,1150,1200,1200,1195,1200,1195,1150,1150,1200,1212.5,1212.5,1200,1200,1200,1200,1225,1200,1262.5,1250,1200,1200,1250,1250,1295,1250,1250,1250,1275,1250,1250,1250,1225,1295,1295,1300,1325,1325,1350,1300,1300,1295,1250,1250,1295,1325,1300,1350,1425,1350,1297.5
"Topeka, KS",173,,,,,,,,,,,,,,,,,,,,,,,,,,,,,,,,,,,,,,,,,,895,895,895,850,862.5,850,750,775,795,775,775,800,850,830,795,785,750,750,800,750,750,755,761,773.5,795,800,800,800,845,795,750,750,750,775,775,795,795,775,750,795
"Macon, GA",174,,,,,,,,,,,,,,,,,,,,,,,,,,,,,,,,,,,,,,,,,,,,,,,,,,,,,,800,800,812.5,800,780,850,869,869,850,800,820,850,850,850,850,812.5,825,850,850,797.5,795,795,775,900,900,840,795,895
"Champaign-Urbana, IL",175,,,,,,,,,,,,,,950,950,900,900,980,950,880,825,862.5,800,800,899,850,820,890,850,850,895,897.5,812.5,850,950,900,925,950,950,950,925,900,900,900,900,925,900,997.5,945,950,975,950,950,900,950,887.5,990,1050,1050,950,907.5,950,975,975,950,959,950,995,1100,1050,1075,1000,1050,1050,1035,1000,975,950,1000,950,950
"College Station, TX",176,,,,,,,,,,,,,,,,,,,,,,,910,950,1000,1150,1245,1250,1250,1200,1200,1200,1200,1200,1195,1195,1200,1295,1297.5,1200,1250,1250,1250,1290,1299,1299.5,1300,1345,1400,1335,1300,1300,1350,1395,1400,1350,1350,1367.5,1500,1500,1525,1425,1395,1495,1495,1500,1450,1400,1395,1450,1597.5,1650,1600,1470,1450,1475,1500,1550,1472.5,1450,1400
"Sioux Falls, SD",177,,,,,,,,,,,,,,,,,,,,,,,,,,,,,,,,,,,,,,,,,,,,,,,,,995,900,1000,995,950,950,875,916.5,975,950,995,995,962.5,985,962.5,985,950,1050,1187,1040,1099.5,1100,1050,1047.5,975,950,1025,1052.5,1072.5,1095,1100,995,997.5
"Chico, CA",178,,,,,,,,,,,,,1100,1050,1147.5,1097.5,1100,1175,1100,1095,1050,1020,1000,1050,1000,1050,1100,1150,1225,1150,1100,1050,1000,1050,1100,997.5,1000,1045,1050,1100,1100,1100,1100,1250,1085,1075,1050,1050,1050,1080,1100,1185,1167.5,1195,1295,1200,1200,1200,1197.5,1200,1197.5,1200,1250,1200,1200,1262.5,1200,1250,1275,1295,1225,1200,1200,1250,1250,1362.5,1350,1295,1250,1350,1395
"Charlottesville, VA",179,,,950,1050,1095,1100,1250,1250,1100,1100,1100,1200,1150,1175,1200,1200,1250,1200,1200,1200,1250,1250,1200,1200,1200,1200,1270,1295,1300,1295,1250,1250,1200,1200,1223,1295,1200,1300,1345,1350,1400,1395,1395,1350,1350,1350,1350,1325,1295,1300,1350,1350,1350,1350,1335,1320,1300,1337.5,1395,1400,1387.5,1395,1445,1437.5,1375,1420,1420,1420,1395,1395,1500,1450,1450,1450,1465,1397.5,1457.5,1500,1500,1495,1450
"Claremont, NH",180,,,,,,,,,,,,,,,,,,,,,,,,,1400,1400,1400,1500,1400,1495,1525,1500,1500,1500,1525,1500,1300,1375,1450,1500,1500,1400,1500,1500,1550,1600,1500,1500,1500,1600,1500,1500,1500,1500,1500,1500,1500,1500,1400,1450,1500,1550,1550,1650,1600,1600,1575,1500,1575,1500,1500,1500,1500,1500,1500,1650,1500,1500,1500,1500,1550
"Prescott, AZ",181,,,,,,,,,1085,1037.5,1000,995,1000,1072.5,1050,1050,1050,1050,1050,995,995,995,950,950,950,950,950,997.5,978,950,969,995,1025,1085,1000,1150,1125,1100,1000,1035,1050,1125,1195,1195,1200,1195,1200,1200,1200,1200,1200,1200,1295,1272.5,1297.5,1300,1300,1250,1250,1295,1250,1250,1300,1300,1350,1375,1395,1400,1395,1350,1350,1350,1400,1450,1450,1497.5,1400,1425,1400,1500,1400
"Springfield, IL",182,,,,,,,,,,,,,,,,,,,,,,,,,,,,,,,,,,,,,,,,,,,825,870,900,800,775,795,895,850,850,857.5,865,850,837.5,900,925,895,850,850,875,937.5,950,950,900,850,900,985,950,900,895,900,900,995,1100,1050,1100,975,872.5,875,875
"Tyler, TX",183,,,,,,,,,,,,,,,,,,,,,,,,,,,,,,,,,,,,,,,,,,,,,,,,,,,,,,1250,1250,1195,1175,1150,1200,1200,1225,1200,1250,1295,1295,1247.5,1228,1182.5,1195,1195,1215,1250,1165,1200,1235,1175,1200,1200,1250,1295,1195
"Las Cruces, NM",184,,,,,,,,,,,,,,,,,,,995,995,995,1100,1100,1025,1100,1100,1050,1050,1050,982.5,995,1097.5,1000,1000,1000,1062.5,1000,1050,1075,1100,1100,1100,1095,1000,995,995,995,995,995,995,975,985,1000,995,1050,1000,1000,995,995,995,995,1000,1000,1000,995,1000,1000,985,995,995,1000,995,995,990,1000,997.5,995,1000,995,992.5,995
"Fargo, ND",185,,,,,,,,,,,,,,,,,,,,,,,,,,,,,,,,,,,,,,,,,,,,,,,,,,,,,,,,,,,,,,,,,,,,1295,1300,1295,1197.5,1200,1300,1295,1395,1362.5,1312.5,1350,1349,1297.5,1297.5
"Rochester, MN",186,,,,,,,,,,,,,,,,,,,,,,,1025,899,899,899,949,975,975,1100,1050,1100,1050,1025,1075,949,949,949,975,1049,1150,1145,1195,1195,1162.5,1095,1072.5,995,995,1050,1050,1095,1195,1195,1195,1195,1162.5,1100,1100,1195,1195,1145,1200,1200,1200,1195,1250,1250,1247.5,1355,1355,1300,1255,1295,1295,1350,1300,1267.5,1250,1295,1350
"Medford, OR",187,,,,,,,,,,,,,,,,,,,,,,,,,950,995,862.5,995,997.5,1050,1035,1037.5,1000,1050,995,995,997.5,975,950,985,975,997.5,975,950,985,1100,995,1025,975,995,950,950,1062.5,1075,1025,1095,1100,1100,1195,1095,1095,1200,1200,1200,1235,1350,1325,1350,1300,1297.5,1300,1450,1462.5,1450,1550,1450,1450,1350,1350,1350,1400
"Lafayette-West Lafayette, IN",188,,,,,,,,,,,,,,,,,,,,,,850,825,825,795,795,795,850,850,875,800,850,822.5,850,862.5,795,795,795,795,850,895,950,908,800,895,950,900,925,925,925,895,900,1000,1000,945,937.5,900,962.5,975,995,950,900,925,885,950,1000,995,1000,985,1000,980,995,1000,995,1000,1000,1000,950,1025,996,987.5
"Bellingham, WA",189,,,,,,,,,,,,,,,,1300,1250,1250,1350,1300,1295,1297.5,1225,1195,1250,1250,1380,1385,1275,1475,1350,1300,1300,1250,1200,1250,1250,1250,1300,1250,1250,1300,1300,1300,1350,1297.5,1250,1250,1272.5,1325,1250,1295,1300,1350,1350,1392.5,1375,1350,1300,1350,1362.5,1387.5,1435,1380,1250,1300,1350,1367.5,1400,1350,1400,1500,1400,1365,1397.5,1312.5,1337.5,1512.5,1600,1450,1500
"Lake Havasu City, AZ",190,,,,1074.5,1034,1034,1000,1000,1034.5,1034,1035,1094,1200,1017,964,997,999,1035,1100,1100,1100,1061,1093.5,1029.5,1061,1050,1050,1197.5,1100,1074.5,1100,1100,1200,1100,1100,1100,1100,1000,950,982.5,999,1000,1050,995,1000,1100,1185,1100,1000,975,950,950,995,1000,1050,1075,1100,1050,1100,1000,900,900,1050,1175,1100,1075,1150,1050,1095,1100,1200,1175,1100,1097.5,1050,1085,1000,1072.5,1100,1100,1200
"Saginaw, MI",191,,,,,,,,,,,,,,,,,,,,,,,,,,,,,,,555,565,600,600,570,560,577.5,595,593,590,592.5,580,575,575,562.5,575,600,600,575,550,560,565,600,600,600,625,605,600,625,622.5,600,600,600,600,600,600,600,612.5,575,575,580,600,600,600,605,620,620,600,622.5,600,650
"Lake Charles, LA",192,,,,,,,,,,,,,,,,,,,,,,,,,,,,,,,,,,,,,,,,,,,,,,,,,,,,,,,,,,,,,,,,,,,,,1337.5,1250,1200,1197.5,1150,1197.5,1195,1250,1295,1175,1100,1295,1172.5
"Johnson City, TN",193,,,,,,,,,,,,,,,,,,,,,,,,,,,,,,,,,,,,,,,,,,795,750,775,725,775,807.5,800,825,850,812.5,797.5,850,775,800,850,900,850,850,875,897.5,837.5,850,800,795,750,775,850,837.5,850,750,875,862.5,875,962.5,975,950,887.5,900,897.5,895
"Yuma, AZ",194,,,,,,,,,,,,,,,,1000,1025,1012.5,1000,985,950,962.5,962.5,1000,1000,1000,997.5,1000,1095,975,937.5,997.5,1090,1100,1062.5,1050,1000,995,975,1100,1100,1100,1100,1085,1100,1025,1000,1062.5,1050,1000,1050,1095,1100,1075,1050,1025,1050,1100,1037.5,1012.5,1000,1100,1100,1100,1100,1100,1000,1000,1000,975,1000,1022.5,1100,1100,1100,1100,1200,1100,1100,1050,1093.5
"Athens, GA",195,,,,,,,,,,,,,,,900,950,1000,975,950,925,950,900,900,900,975,975,950,900,900,850,885,850,850,850,837.5,850,900,900,900,900,900,950,950,925,900,900,962.5,962.5,950,950,975,975,975,1000,1000,962.5,1000,1000,1050,1150,1050,1100,1100,1100,1050,997.5,1000,1000,1100,1200,1200,1200,1100,1100,1100,1200,1200,1150,1100,1100,1100
"Torrington, CT",196,,,,,,,,,,,,,,,,,,2500,2200,2175,1900,1800,1800,1795,1700,1750,1700,1800,1650,1700,1800,1800,1750,1800,1650,1695,1672.5,1750,1750,1772.5,1800,1800,1875,1950,1950,1600,1600,1500,1650,1725,1700,1725,1850,1900,1900,1750,1700,1650,1650,1650,1750,1750,1825,1800,1750,1800,1800,1800,1850,1795,1650,1650,1700,1750,1750,1900,1700,1750,1625,1800,1800
"Bloomington, IL",197,,,,,,,,,,,,,,,,,,,,,,,,,,,,,,,,,,,,,,,,,,,,,,,,,,,,,,,,,,,,,,,,,,,,,,962.5,942.5,897.5,900,950,995,920,937.5,985,875,1000,960
"Panama City, FL",198,,,,,,,,,,,,,,,,1072.5,995,1050,1095,1050,995,995,995,950,895,895,895,950,950,895,900,895,900,950,975,950,962.5,950,995,995,995,950,1000,1000,950,1000,1000,1000,995,995,1000,1095,1200,1150,1150,1150,1150,1200,1100,1100,1050,1050,1185,1195,1200,1250,1250,1250,1250,1200,1250,1250,1250,1200,1250,1250,1225,1162.5,1325,1275,1250
"Kingston, NY",199,,,,,,,,,,,,,,,,,,,,,,,,,,,,,,,,,,,,,,,,,,,,,,,,,,,,,,,,,,,,,,,,,,1800,1740,1730,1650,1600,1500,1600,1600,1650,1600,1600,1750,1750,1600,1600,1600
"Daphne, AL",200,,,,,,,,,,,,,,975,1000,1100,1100,1062.5,1000,1012.5,950,900,950,950,925,950,975,975,950,975,1000,1097.5,1010,1050,1050,1000,1000,1000,1100,1100,1112.5,1000,1100,1200,1200,1140,1100,912.5,1000,1050,1050,1050,1225,1285,1297.5,1250,1250,1285,1295,1300,1300,1271,1350,1350,1400,1300,1350,1395,1397.5,1375,1325,1300,1300,1300,1300,1300,1362.5,1295,1300,1400,1372.5
"Gainesville, GA",201,,,,,,,,,,,,,,,,,1300,1100,1125,1100,1192.5,1195,1200,1100,1195,1125,1097.5,1200,1200,1095,1097.5,1150,1100,1100,1050,1100,1095,975,1080,1000,1097.5,1100,1100,1100,1100,1095,1090,1050,1050,1075,1075,1075,1100,1100,1145,1150,1150,1195,1150,1250,1200,1200,1200,1250,1250,1300,1300,1218,1250,1295,1273,1204,1250,1250,1247.5,1200,1400,1252.5,1350,1300,1300
"Warner Robins, GA",202,,,,,,,,,,,,,,,,,,,,,,,,,,,,,,,,,1000,1037.5,1100,1000,955,975,1050,1000,1062.5,1050,1000,1050,1050,995,950,950,950,975,995,975,1000,1100,1025,1100,1025,1000,1025,1000,995,999,975,975,1050,1037.5,995,950,950,950,975,962.5,950,950,1050,995,1050,1095,1085,995,995
"Blacksburg, VA",203,,,,,,,,,,,,,,,,,,,,,,,,,,,,,,,,,,,,,,,,,,,,,,,,,,,,,,,,,,,,,,,,1200,1125,1200,1200,1200,1150,1200,1187.5,1100,1175,1300,1300,1200,1200,1200,1300,1200,1200
"Jacksonville, NC",204,,,,,,,,,,,,,,925,900,900,925,925,925,900,925,925,949,925,950,950,950,950,950,950,950,950,925,900,900,900,900,900,900,900,925,900,900,900,900,900,895,875,895,895,895,895,900,925,925,900,900,895,875,875,890,895,900,900,925,925,910,900,900,897,897,899,899,899,900,900,925,932.5,900,925,899
"Redding, CA",205,,,,,,,,,,,,,,,,,,,,,,,,,,,,,,,,,,,,,,,,,,,1150,1100,1150,1150,1125,1062.5,1095,1050,1075,1085,1100,1100,1100,1150,1200,1100,1100,1100,1150,1100,1150,1175,1100,1147.5,1200,1275,1300,1212.5,1295,1250,1250,1250,1235,1200,1250,1250,1250,1200,1197.5
"East Stroudsburg, PA",206,,,,,,,,,,,,1200,1150,1200,1199,1200,1200,1200,1200,1250,1200,1200,1150,1100,1100,1100,1100,1100,1150,1150,1150,1150,1147.5,1112.5,1150,1145,1195,1150,1190,1150,1200,1200,1200,1200,1200,1200,1145,1150,1150,1100,1100,1100,1200,1200,1200,1200,1200,1195,1150,1100,1100,1100,1150,1200,1200,1200,1200,1200,1200,1195,1200,1195,1195,1150,1200,1200,1200,1200,1200,1200,1250
"Greenville, NC",207,,,,,,,,,,,,,,1000,1050,1150,1100,1097.5,1000,1000,987.5,950,912.5,937.5,900,800,887.5,950,1000,950,950,900,950,950,900,925,900,950,950,950,1000,1150,1100,1100,1095,1100,977.5,1025,1095,1050,1072.5,1050,1100,1050,1000,1100,1100,1050,1050,1100,1100,1100,1150,1100,1150,1200,1150,1150,1150,1100,1100,1100,1100,1100,1200,1150,1000,1100,1100,1100,1100
"Waterloo, IA",208,,,,,,,,,,,,,,,,,,,,,,,,,,,,,,,,,,,,,,,,,,,,,,,,,,,,,,,,,,,,,,,972.5,975,900,850,925,900,850,867.5,875,850,950,1025,995,875,785,900,912.5,832.5,862.5
"Abilene, TX",209,,,,,,,,,,,,,,,,,,,,,,,,847.5,835,800,900,937.5,900,950,950,827,800,845,800,795,800,875,795,895,895,895,895,895,875,895,850,825,850,850,850,850,869.5,900,937.5,950,950,950,925,895,897.5,900,995,950,950,1025,1037.5,1000,950,985,975,995,995,1000,1050,1095,995,950,995,900,1055
"Columbia, MO",210,,,,,,,,,,,,,,,,,,,,1095,1100,1000,1150,1275,1175,1112.5,1197.5,1112.5,1100,1100,1100,1250,1100,1100,1100,1197.5,1200,1125,1200,1200,1225,1200,1225,1200,1100,1100,1100,1100,1137.5,1185,1147.5,1185,1200,1200,1200,1200,1200,1200,1200,1000,1100,1100,1150,1098,1100,1200,1100,1195,1100,1050,995,1000,975,987.5,985,1000,1050,995,1100,1100,1100
"Dover, DE",211,,,,,,,,,,,,,1300,1300,1350,1350,1325,1350,1275,1250,1212.5,1200,1250,1200,1200,1200,1197.5,1200,1200,1200,1200,1200,1200,1195,1195,1200,1200,1200,1200,1200,1200,1200,1212.5,1200,1200,1200,1200,1200,1200,1200,1200,1195,1225,1300,1300,1212.5,1200,1225,1200,1200,1200,1200,1200,1250,1300,1300,1300,1300,1300,1300,1250,1300,1300,1275,1250,1312.5,1287.5,1262.5,1300,1250,1200
"Jackson, MI",212,,,,,,,,,,,,,,,,,,,,,597.5,595,595,595,595,595,625,617.5,639.5,645,650,680,650,650,650,625,625,653,650,650,650,650,675,695,695,695,695,675,675,675,672,665,695,697.5,720,725,750,750,700,700,725,725,762.5,750,792.5,790,795,762.5,795,785,795,795,800,785,800,750,725,740,725,795,725
"Pueblo, CO",213,,,,,,,,,,,,,,,,,,,,,,,,,,,,,,,,,,,,,,,,,,,,,,,,,,750,750,750,800,850,897.5,800,775,800,850,850,837.5,800,897.5,900,800,800,900,975,862.5,900,850,890,867.5,895,885,925,1000,850,990,975,925
"Billings, MT",214,,,,,,,,,,,,,,,,,,,,,,,,,,,,,,,,,,,,,,,,,,,,,,,,,,975,925,900,895,850,910,995,925,995,995,895,912.5,895,925,925,897.5,1000,967.5,975,1012.5,1000,982.5,995,1100,1095,995,895,997.5,992.5,977.5,995,1070
"Bend, OR",215,,,,,,,,,,,,,,,,,,,,,,,,,,,,,,,,,,,,,,,,,1150,1095,1195,1200,1297.5,1295,1295,1275,1195,1250,1250,1262.5,1297.5,1450,1497.5,1550,1595,1525,1500,1500,1495,1500,1550,1500,1625,1545,1600,1695,1650,1595,1550,1550,1525,1550,1650,1550,1650,1695,1595,1650,1700
"Hanford, CA",216,,,,,,,,,,,,,,,,,,,,,,,,,,,,,,,,,,,,,1200,1200,1050,1050,1150,1125,1175,1162.5,1150,1100,1100,1150,1150,1150,1175,1150,1150,1200,1275,1200,1200,1200,1200,1197.5,1180,1250,1200,1200,1200,1200,1250,1350,1250,1350,1250,1300,1300,1325,1350,1250,1250,1250,1200,1285,1275
"Iowa City, IA",217,,,,,,,,,,,,,,,,,,,,,,,,,,,,,,,,,,,,,,,,,,,,,,,,,,,,,,,,,,1300,1337.5,1250,1125,1150,1250,1312.5,1297.5,1250,1300,1395,1350,1350,1400,1350,1300,1250,1250,1270,1250,1380,1295,1362.5,1295
"Wichita Falls, TX",218,,,,,,,,,,,,,,,,,,,962.5,900,975,950,1000,950,925,895,950,969.5,950,982,994.5,1000,895,895,850,825,850,850,895,895,1050,1050,1025,937.5,925,975,900,850,900,875,885,897.5,950,925,950,1000,975,975,950,950,875,875,900,850,900,950,949.5,850,950,900,875,900,900,900,950,900,900,900,892.5,1000,897.5
"Burlington, NC",219,,,,,,,,,,,,,,,,,,,,,,,,,,,,,,,,,,,,,,,,,,,,,,,,,,,,,,,,,,,,,,,,,700,685,750,750,750,750,750,750,737.5,737.5,750,762.5,800,797.5,800,880,895
"Chambersburg, PA",220,,,,,,,,,,,885,895,895,912.5,895,895,900,900,942.5,850,850,895,855,900,900,865,865,895,895,875,825,925,927.5,950,895,900,930,902.5,942.5,1050,950,1000,1000,950,950,950,945,862.5,900,945,900,940,950,975,950,950,962.5,975,965,950,950,950,957.5,995,1000,887.5,937,965,995,950,962.5,950,962.5,1035,995,997.5,995,1070,1025,995,950
"Elizabethtown, KY",221,,,,,,,,,,,,,,,,,,,,,,,,,,,,,,,,975,900,995,900,895,885,865,950,995,1032.5,997.5,950,950,950,910,895,950,962.5,975,975,975,975,995,937.5,950,950,925,905,950,950,925,905,1025,1000,997,950,975,995,995,950,900,950,995,1000,1050,1085,1050,1000,1000,995
"Grand Junction, CO",222,,,,,,,,,,,,,,,,,,,,,,,,,1000,1000,1000,1055,1100,1095,1050,1050,1000,1050,1000,1095,1095,1095,1097.5,1100,1100,1100,1100,1100,1075,1100,1100,1100,1100,1100,1095,1095,1095,1112.5,1100,1100,1100,1100,1100,1062.5,1075,1095,1100,1100,1195,1150,1150,1100,1100,1100,1100,1100,1100,1125,1100,1150,1100,1200,1150,1175,1150
"Dothan, AL",223,,,,,,,,,,,,,,,,,,,,,,,,,,,,,,,,,,,,,,,,,,,,,,,,,,,,,,,,,975,850,850,872.5,950,900,875,1000,900,912.5,950,895,885,897.5,900,900,875,850,950,1000,897.5,975,937.5,975,950
"Hattiesburg, MS",224,,,,,,,,,,,,,,,,,,,,,,,,,,,,,,,,,,,,,,,,,,,,,,,,,900,900,900,900,950,900,850,950,850,800,800,850,875,900,887.5,875,812.5,800,800,850,777,822.5,845,937.5,900,900,912.5,887.5,925,950,875,925,950
"Midland, TX",225,,,,,,,,,,,,,,,,,,,,,,,,,,,,,,,,,,,,,,,,,,,,,,,,,,,,,,,,,,,,,,,2250,2400,2100,2350,2225,2000,1800,1750,1700,1700,1700,1750,1700,1750,1750,1825,1700,1650,1600
"Auburn, AL",226,,,,,,,,,,,,,,625,612.5,675,775,750,750,767.5,800,862.5,892.5,862.5,825,845,850,900,1000,950,950,925,925,950,950,1095,1100,1049.5,1072.5,1010,1100,1200,1095,1050,1050,1075,1100,1124.5,1100,1097,1087.5,1050,1050,1050,1050,1100,1150,1097.5,1125,1172.5,1087.5,1150,1150,1150,1125,1150,1125,1137.5,1100,1150,1200,1150,1125,1112.5,1125,1172.5,1197.5,1197.5,1233,1100,1150
"Valdosta, GA",227,,,,,,,,,,,,,,,,,,,,,,,,,,,,850,850,850,895,875,875,895,895,875,850,825,850,875,857.5,875,875,850,850,830,850,900,900,875,885,900,925,900,895,925,900,895,900,895,897.5,895,900,925,900,900,895,875,850,850,850,850,825,800,800,825,850,800,895,875,900
"Coeur d'Alene, ID",228,,,,,,,,,,,,,,,,,,,,,,,,,,,,,,,,,,,,,,,,,,,,,,,,,,,,,,,,,,1100,1100,1100,1075,1100,972.5,1100,1025,1100,1200,1325,1250,1250,1250,1195,1195,1250,1100,1200,1200,1225,1150,1312.5,1300
"St. George, UT",229,,,,,,,,,,,,,,,,,,,,,,,,,,,,,,,,,,,,,,,,,,,,1200,1200,1225,1325,1250,1292.5,1150,1200,1195,1350,1325,1300,1250,1300,1290,1250,1400,1300,1300,1292.5,1295,1300,1295,1250,1250,1262.5,1263,1300,1295,1308,1400,1450,1400,1425,1566,1500,1400,1416
"Odessa, TX",230,,,,,,,,,,,,,,,,,,,,,,,,,,,,,,,,,,,,,,,,,,,,,,,,,,,,,,,,,,,,,,,,,,1850,1700,1600,1600,1500,1500,1400,1500,1500,1500,1387.5,1350,1347.5,1400,1200,1200
"Napa, CA",231,,,,,,,,,,,,,,,,,,,,,,,,,,,,,,,,,,,,,,,,,,,,,,,,,,,,,,,,,,,,,,,,2750,2725,2550,2900,2900,2600,2725,2900,2800,2695,2650,2697.5,2850,2962.5,2675,2650,2700,2575
"Sierra Vista, AZ",232,,,,,,,,,,,1000,950,995,1000,1000,995,950,995,997.5,1095,1022.5,1000,995,1025,985,950,1000,1100,1000,1085,1050,1000,995,995,995,995,962.5,995,1000,1000,1000,1000,995,1000,975,995,995,980,950,950,950,975,997,999.5,995,975,995,995,990,995,990,975,995,995,995,985,975,950,950,950,950,950,950,950,950,950,950,950,975,950,950
"Lawton, OK",233,,,,,,,,,,,,,,,,,,,,,,,,,,,795,800,800,795,795,775,795,790,775,750,750,745,750,795,795,795,795,750,745,750,750,762.5,750,750,750,750,775,775,795,795,795,785,750,775,745,725,750,750,775,775,795,775,770,775,775,775,750,750,750,750,795,775,750,750,750
"Farmington, NM",234,,,,,,,,,,,,,,,,,,,,,,,,,,,,,,,,,,,,,,,,1167.5,1300,1250,1100,1100,1200,1150,1195,1045,1100,1097.5,1100,1100,1250,1200,1300,1300,1400,1350,1300,1300,1175,1150,1250,1295,1200,1200,1200,1200,1200,1200,1195,1195,1195,1150,1045,1125,1150,1200,1172.5,1300,1150
"Winchester, VA",235,,,,,1100,1125,1050,1050,1200,1200,1100,1200,1175,1150,1175,1297.5,1300,1200,1200,1200,1200,1200,1100,1025,1125,1150,1200,1200,1200,1250,1200,1200,1200,1200,1250,1200,1025,1137.5,1225,1250,1200,1300,1225,1285,1300,1275,1250,1195,1200,1200,1175,1162.5,1200,1200,1200,1225,1200,1200,1200,1200,1297.5,1272.5,1250,1300,1250,1237.5,1200,1200,1222.5,1212.5,1250,1250,1250,1200,1200,1212.5,1200,1200,1200,1275,1250
"New Bern, NC",236,,,,,,,,,,,,,,925,995,995,1000,1000,1075,1000,1000,1100,1100,1075,1050,1050,1050,1062.5,1075,1000,1000,995,950,995,950,950,950,950,975,975,1000,1000,1000,1000,1000,975,950,995,950,937.5,950,950,1000,1050,1000,1000,1000,1000,1000,975,995,975,985,987.5,1000,1000,1000,999,995,950,950,950,950,950,950,975,975,1000,950,962.5,950
"Harrisonburg, VA",237,,,,,,,,,,,,,,,,,,,,,,,,,,,,,,,,,,,,,950,950,950,950,950,950,950,950,950,950,950,950,950,950,950,950,950,950,975,950,950,975,900,900,900,975,975,975,975,975,1000,975,975,1037.5,1000,1000,1000,1050,1000,1000,1050,995,975,1075,975
"Goldsboro, NC",238,,,,,,,,,,,,,,,,,,,,,,,,,,,,,,,,,,,,,,,,,,,,,,,,,,1150,1150,1150,1200,1150,1125,1100,1100,1150,1100,1100,1095,1100,1100,1100,1100,1100,1050,1000,1062.5,995,1000,997.5,1000,950,900,995,847.5,950,1010,1075,950
"Sherman, TX",239,,,,,,,,,,,,,,,,,,,,,,,,,,,,,,,,,,,,,,,,,,,,,,,,,,,,,,,,,,,,,,1000,1025,972.5,997.5,1095,1000,995,997.5,995,950,995,1095,1095,1250,1200,1250,1050,1100,1150,1047.5
"Anniston, AL",240,,,,,,,,,,,,,,,,,,,,,,,,,,,,,,,,,,,,,,,,,,,,,,,,,725,737.5,750,750,787.5,850,750,800,750,750,725,750,750,745,750,750,750,750,700,712.5,750,750,700,750,750,750,750,737.5,772.5,750,797.5,750,750
"Staunton, VA",241,,,,,,,,,,,,,,,,,,,,,,,,,,,,,,,,,,,,,,,,,,,,,,,,,,,,,,1072.5,1102.5,1235,1197.5,1100,1100,1150,1095,1015,1175,1097.5,1100,1100,1100,1062.5,1095,1100,1100,1100,1100,1100,1286.5,1291,1147.5,995,1097.5,1035,1040
"Albany, OR",242,,,,,,,,,,,,,,,,,,,,,,,,,,,,,,,,,,,,,,,,,,937.5,1035,1097.5,1100,1000,950,900,910,900,900,910,995,937.5,1050,1025,1085,1100,1150,1165,1100,1100,997.5,1095,1100,1150,1125,1150,1100,1100,1150,1175,1195,1050,1100,1025,1195,1100,1172.5,1195,1175
"Watertown, NY",243,,,,,,,,,,,,,,,,,,,,,,,,,,,,,,,,,,,,1300,1300,1300,1300,1300,1350,1299.5,1274.5,1200,1300,1250,1200,1200,1200,1200,1200,1200,1300,1350,1400,1400,1400,1400,1300,1300,1300,1299,1250,1300,1250,1250,1300,1300,1300,1250,1200,1150,1150,1199,1200,1200,1200,1200,1200,1387.5,1250
"Dunn, NC",244,,,,,,,,,,,,,1299,1300,1300,1300,1300,1300,1300,1295,1250,1250,1200,1200,1200,1225,1200,1200,1225,1225,1250,1250,1250,1200,1200,1200,1200,1200,1200,1250,1250,1250,1250,1250,1200,1200,1200,1200,1200,1200,1200,1200,1250,1250,1250,1250,1210,1200,1212.5,1200,1200,1200,1200,1250,1250,1250,1250,1200,1200,1200,1200,1200,1200,1200,1219,1219,1250,1250,1250,1250,1250
"San Angelo, TX",245,,,,,,,,,,,,,,,,,,,,,,,,,,,,,,,,,,,,,,,,,,,,,,,,,,,,,,,,,,,,,,,,,1250,1250,1250,1287.5,1325,1200,1200,1200,1200,1200,1200,1250,1200,1100,1200,1225,1200
"Missoula, MT",246,,,,,,,,,,,,,,,,,,,,,,,,,,,,,,,,,,,,,,,,,,,,,,,,,,,,,,1195,1195,1195,1172.5,1100,1095,1195,1075,1062.5,1137.5,1122.5,1100,1135,1225,1297.5,1250,1195,1007.5,1000,1000,950,1025,1125,1200,1175,1237.5,1245,1250
"Roseburg, OR",247,,,,,,,,,,,,,,,,,,,,,,,,,,737.5,797.5,750,750,750,750,795,795,750,795,795,795,795,785,800,795,750,725,757.5,797.5,800,795,750,750,750,775,752.5,785,750,795,795,750,750,795,795,795,795,795,795,825,825,825,825,837.5,825,825,795,825,825,837.5,825,785,825,825,862.5,900
"Sumter, SC",248,,,,,,,,,,,,,,,,,,,,,,,,,,,,,,,,,,,,,,,,,,,,,,,,,,,,,,,,,,,,,,,,,,,,,950,900,950,950,985,1000,1100,1125,1000,1050,1150,1000,1000
"California-Lexington Park, MD",249,,,,,,,1750,1612.5,1450,1400,1500,1365,1350,1300,1350,1550,1600,1600,1500,1400,1425,1500,1500,1500,1475,1400,1400,1412.5,1600,1625,1700,1600,1650,1650,1600,1600,1500,1500,1450,1475,1550,1600,1695,1600,1550,1437.5,1400,1400,1400,1395,1382.5,1450,1600,1600,1599,1600,1595,1550,1500,1500,1500,1505,1650,1612.5,1650,1650,1650,1650,1600,1597.5,1575,1600,1550,1600,1600,1600,1600,1600,1650,1650,1685
"Fairbanks, AK",250,,,,,,,,,,,,,,,,,,,,,,,,,,,,,,,,,,,,,,,,,,,,,,,,,,,,,,1550,1600,1600,1600,1500,1400,1400,1375,1450,1600,1650,1750,1700,1650,1600,1600,1497.5,1485,1475,1400,1487.5,1500,1500,1500,1650,1612.5,1650,1550
"Manhattan, KS",251,,,,,,,,,,,,,,,,,,,,,,,,,,,,,,,,,1200,1250,1250,1250,1175,1182.5,1110,1200,1250,1250,1250,1250,1275,1250,1192.5,1197.5,1200,1200,1200,1200,1225,1200,1250,1200,1200,1177.5,1175,1195,1250,1250,1250,1250,1240,1200,1200,1175,1180,1200,1200,1200,1200,1240,1200,1200,1250,1200,1250,1250,1150
"Cheyenne, WY",252,,,,,,,,,,,,,,,,,,,,,,,,,,,,,,,,,,,,,,,,,,,,,,,,,,,,,,,,,,,,,,,,,1395,1395,1395,1350,1400,1395,1295,1197.5,1295,1295,1345,1250,1295,1350,1262.5,1195,1400
"Pinehurst-Southern Pines, NC",253,,,,,,,,,,,,,,,,,,,,,,,,,,,,,,,,,,,,,,,,,,,,,,,,,,,,,,,,,,,,,,,,,,,1500,1450,1400,1425,1475,1412.5,1400,1412.5,1412.5,1350,1400,1450,1350,1400,1400
"Corvallis, OR",254,,,,,,,,,,,,,,,,,,,,,,,,,,,,,,,,,1500,1572.5,1547.5,1495,1350,1125,1125,1250,1350,1285,1395,1470,1480,1400,1385,1395,1300,1325,1312.5,1325,1350,1350,1395,1397.5,1350,1395,1395,1395,1395,1487.5,1595,1625,1595,1562.5,1462.5,1600,1597.5,1500,1400,1437.5,1350,1395,1500,1637.5,1792.5,1525,1600,1625,1595
"Pocatello, ID",255,,,,,,,,,,,,,,,,,,,,,,,,,,,,,,,,,,,,,,,,,,,,812,797,775,775,775,750,750,700,750,775,775,775,775,750,762.5,737.5,750,750,800,795,795,799,799,799,775,750,795,775,775,785,799,799,775,799,699,799,820,795
"Oak Harbor, WA",256,,,,,,,,,,,,,,,1172.5,1197.5,1172.5,1162.5,1150,1200,1150,1100,1095,1095,995,1000,1000,995,1000,1100,1150,1125,1175,1200,1195,1200,1195,1150,1175,1150,1179,1200,1300,1300,1250,1225,1200,1200,1200,1200,1200,1195,1250,1300,1300,1300,1300,1250,1237.5,1295,1250,1250,1300,1350,1395,1357.5,1400,1400,1400,1400,1470,1400,1400,1380,1387.5,1400,1365,1562.5,1447.5,1400,1550
"Hinesville, GA",257,,,,,,,,,,,,,,,,,,,,,,,,,,,,,,,,,,,1087.5,1100,1085,975,975,1000,1012.5,1092.5,1100,1000,975,975,975,1050,1050,1000,1050,1050,1095,1075,1050,1050,1050,1000,1000,1000,975,985,1000,1000,1000,1050,1050,1050,1000,1000,1000,1000,1000,1000,975,995,975,975,995,1025,1000
"Casper, WY",258,,,,,,,,,,,,,,,,,,,,,,,,,,,,,,,,,,,,,,,,,,,,,,,,,,,,,,,,,,,,,,,,,,1300,1325,1155,1200,1275,1200,1275,1300,1200,1100,1100,1100,1100,1037.5,1100,1012.5
"Seneca, SC",259,,,,,,,,,,,,,,,,,,,,,,,,,,,,,,,,,,,,,,,,,,,,,,,,,,,,,,,,,,950,850,850,925,1000,1000,925,805,875,900,987.5,1000,900,925,1000,975,1000,987.5,1000,1075,950,790,850,1000
"Key West, FL",260,,,,,,,,,,,,,,,,,,,,,,,,,,,,,,,,,,,,,,,,,,,,,,,,,,,,,,,,,,,,,,,,,,,3500,3500,3675,4000,3925,3500,3500,3500,3525,3550,3350,3500,2950,3000,3100
"Statesboro, GA",261,,,,,,,,,,,,,,,,,,,,,,,,,,,,,,,,,,,,,,850,850,897.5,950,975,900,900,900,850,1000,1000,975,950,875,875,975,975,975,875,897.5,875,982.5,1050,1050,1000,995,975,990,975,950,900,912.5,900,950,1050,1000,1050,1050,1050,975,1000,975,950,985
"Morehead City, NC",262,,,,,,,,,,,,,,1282.5,1200,1300,1275,1350,1325,1300,1275,1272.5,1200,1225,1250,1250,1275,1350,1350,1212.5,1175,1125,1200,1225,1200,1200,1200,1200,1200,1200,1200,1250,1212.5,1250,1212.5,1200,1200,1200,1150,1150,1150,1150,1195,1200,1200,1200,1200,1200,1150,1162.5,1150,1150,1200,1195,1250,1275,1285,1300,1275,1200,1200,1200,1200,1197.5,1200,1275,1300,1262.5,1200,1200,1300
"Elizabeth City, NC",263,,,,,,,,,,,,,,,,,,,,,,,,,,,,,,,,,,,,,,,,,,,,,,,,,,,,,,,,,,,,,,,,,,,,950,900,900,937.5,875,875,897.5,1000,1000,975,1000,1047.5,1095,987.5
"Walla Walla, WA",264,,,,,,,,,,,,,,,,,,,,,,,,,,,,,,,,,,,,,,,,,,,,,,,,,,,,,,,,,,,,,,,,,,,,,1092.5,1122.5,1100,1195,1167.5,1197.5,1150,1097.5,1122.5,1250,1150,1172.5,1225
"Fort Polk South, LA",265,,,,,,,,,,,,,,,,,,,,,,,,,,,,,,,,,,,,,,,,,,,,,,,,,,,,,,,,,,,,962.5,950,950,1100,1100,1200,1100,1100,1150,950,950,950,900,900,950,925,875,925,875,950,850,900
"Fort Leonard Wood, MO",266,,,,,,,,,,,,,,,,,,,,,,,,,,,,,,,,,1000,1050,1050,1100,1050,1100,1100,1100,1100,1100,1100,1075,950,950,1000,1000,1000,1000,1000,1000,975,1000,997.5,1000,1000,950,950,950,950,912.5,975,950,975,1000,1000,995,935,942.5,950,925,900,900,950,950,955,950,935,925,900
"St. Marys, GA",267,,,995,995,1012.5,995,995,950,925,897.5,900,897.5,900,900,900,895,895,900,900,900,925,900,925,900,900,900,925,925,950,937.5,950,925,900,900,900,950,950,950,950,950,950,975,950,950,950,950,937.5,925,950,950,950,950,995,975,975,995,995,1000,995,995,995,950,995,995,1000,1000,995,995,975,985,975,975,1000,1000,1050,1050,1062.5,1050,1000,1050,995
"Enterprise, AL",268,,,,,,,,,,,,,,,,,,,,,,,,,,,,,,,962.5,950,950,950,950,925,900,900,925,900,950,900,875,950,1000,975,1000,962.5,950,900,925,900,875,900,950,950,900,900,900,897.5,875,875,897.5,950,925,925,925,950,1050,1075,1000,1100,1075,1050,1075,1050,1050,1100,1050,1100,950
"Clovis, NM",269,,,,,,,,,,,,,,,,,,,,,,,,,,,,,,,,,,,,,,,,,,,,,,,875,925,800,862.5,882.5,895,895,900,1000,1000,1000,1000,1000,1000,950,925,925,1050,1075,1025,1000,1025,1025,1000,1025,1025,1037.5,1050,1012.5,995,1100,997.5,972.5,972.5,1100
"Junction City, KS",270,,,,,,,,,,,,,,,,,,,,,,,,,,,,,,,,,,,,,,,,,,1197.5,1200,1200,1225,1225,1175,1135,1100,1100,1100,1100,1290,1300,1200,1200,1195,1100,1150,1095,1095,1062.5,1012.5,1095,1180,1117.5,1100,1100,1050,1100,1025,1050,1000,1000,1000,1025,1000,1100,995,1000,1100
