"RegionName","State","Jun 2008","Jul 2008","Aug 2008","Sep 2008","Oct 2008","Nov 2008","Dec 2008","Jan 2009","Feb 2009","Mar 2009","Apr 2009","May 2009","Jun 2009","Jul 2009","Aug 2009","Sep 2009","Oct 2009","Nov 2009","Dec 2009","Jan 2010","Feb 2010","Mar 2010","Apr 2010","May 2010","Jun 2010","Jul 2010","Aug 2010","Sep 2010","Oct 2010","Nov 2010","Dec 2010","Jan 2011","Feb 2011","Mar 2011","Apr 2011","May 2011","Jun 2011","Jul 2011","Aug 2011","Sep 2011","Oct 2011","Nov 2011","Dec 2011","Jan 2012","Feb 2012","Mar 2012","Apr 2012","May 2012","Jun 2012","Jul 2012","Aug 2012","Sep 2012","Oct 2012","Nov 2012","Dec 2012","Jan 2013","Feb 2013","Mar 2013","Apr 2013","May 2013","Jun 2013","Jul 2013","Aug 2013","Sep 2013","Oct 2013","Nov 2013","Dec 2013","Jan 2014","Feb 2014","Mar 2014","Apr 2014","May 2014","Jun 2014","Jul 2014","Aug 2014","Sep 2014","Oct 2014","Nov 2014","Dec 2014","Jan 2015","Feb 2015","Mar 2015","Apr 2015","May 2015","Jun 2015","Jul 2015","Aug 2015","Sep 2015","Oct 2015","Nov 2015","Dec 2015","Jan 2016","Feb 2016","Mar 2016","Apr 2016","May 2016","Jun 2016"
"United States",,294595,291375,295508,298953,282334,265121,250587,254692,261209,267976,250426,269572,279174,293616,296926,302692,314178,358317,308328,298872,286751,306439,312503,324862,320746,255584,248999,250913,254447,264172,273060,306384,277110,283105,282441,279104,274595,271328,275028,274796,272638,281890,283635,303239,299936,299715,304205,301881,300792,298422,299060,308244,311819,318051,324127,331506,333879,333842,330826,329803,330971,329242,327263,325475,316406,315376,308836,293309,298822,304445,302198,306977,313801,325491,331777,330274,334571,343646,329655,318270,333737,342279,353607,360181,357543,355832,354536,353232,351490,347293,352313,361126,356628,346061,384352,348523,248750
"New York, NY","New York",11464,11555,11066,11066,10724,10072,9408,8373,8344,8564,8475,9534,8848,9351,10350,10649,11268,12279,12972,11577,10391,11071,11179,11306,12738,12663,8928,8740,8951,9165,9249,10060,10747,10615,10697,9996,9914,9777,9081,9023,9120,8915,9498,9946,9633,10586,10515,11150,11069,10481,10549,10594,9758,9715,10695,11605,11487,11144,11790,12892,11938,12206,12735,13660,13366,13624,12892,12032,11132,11813,12085,12535,12081,12295,12426,11963,12395,12202,12550,11998,12498,12335,12297,12142,12912,12973,12904,12938,13423,13020,12768,13637,14210,13412,12014,,
"Chicago, IL","Illinois",8237,8485,8390,7904,7499,7080,6267,5577,6182,6231,6353,6635,6782,7684,7784,7878,8502,9381,9078,8251,7910,7516,8726,8812,8686,7957,5936,6115,6120,6002,6208,7652,7174,7420,7624,7566,7612,7390,7252,7002,7003,7142,8095,8356,8332,8460,8099,8134,9062,8547,8550,9044,8961,10150,10012,12012,11441,11247,10761,11098,10995,12757,12309,11582,12811,11855,11286,10559,10630,10505,11093,11038,10583,10229,10296,10856,10745,10297,10589,9257,9959,10620,10606,11000,11572,11877,12022,11378,11122,10696,10269,11193,11556,11012,11349,10963,6368
"Dallas-Fort Worth, TX","Texas",8293,8333,8407,8688,7826,7514,7337,7060,7538,6679,6413,6558,6959,8120,7238,7495,8097,9275,7737,7094,7407,7481,8497,8143,7437,5893,5827,5891,6118,6046,5991,6463,6195,6588,6281,6279,6402,6113,6426,6167,6019,6432,6435,6630,6868,6768,6901,6926,6898,6557,6452,6824,6957,7116,7618,7527,7708,7723,7746,7228,7660,7956,7676,7724,7328,7381,6916,6881,7476,7037,7290,7381,7377,7458,7546,7301,7631,7229,7235,7167,7025,7450,7180,6998,6675,7554,7292,7415,6951,6941,7742,8100,7414,6992,6641,7038,
"Houston, TX","Texas",6981,6813,6326,5824,5983,5332,5573,5843,5712,5703,5116,5320,5529,5822,5943,6382,6261,6770,6597,5101,5272,5683,6393,6197,6351,5150,4790,4605,4529,4832,4582,5485,4805,5179,5340,5179,5110,5184,5165,5020,4923,4648,5446,5068,4952,5175,5159,5228,5308,5286,5644,5261,5764,5457,5343,5199,5540,4773,4792,4774,4624,4706,4237,4758,4622,4532,4512,4238,5323,4397,4196,4025,4720,4018,4445,4378,4168,4254,3889,3863,3718,3606,3415,3609,3200,3653,3336,3285,2998,2586,3051,3041,2946,3518,3439,2965,
"Washington, DC","District of Columbia",6197,6808,6879,7311,6987,6648,6603,5699,6371,6401,6344,6458,6689,7189,7231,7679,7709,8730,7975,7981,6171,7288,7329,7948,7341,6893,7861,6518,6680,6474,6462,6571,6535,6368,6723,6464,6948,6481,6328,6173,6261,6096,6324,6331,6676,6879,6693,6782,6818,7011,6942,7570,7593,8761,8434,8868,8387,8771,8365,8479,8164,7737,7904,7695,7372,7521,6988,6636,7211,7519,7187,7214,7062,7353,7531,7223,7387,7316,7354,6951,7080,7009,7616,7551,8026,8119,7207,7903,7753,7370,7758,6803,7858,7575,7860,,
"San Francisco, CA","California",3211,3535,3646,3850,3749,3424,3324,3433,3396,3361,3311,3649,3784,3895,3926,4211,4059,4260,4203,3938,4057,3916,3708,4410,3784,3322,3289,3278,3334,3337,3664,3973,3577,3611,3649,3567,3580,3523,3469,3409,3473,3523,3716,4127,3839,3855,3717,3620,3584,3476,3545,3513,3528,3764,3781,3650,3577,3598,3593,3436,3349,3405,3346,3294,3288,3301,3272,3200,3322,3200,3176,3265,3146,3291,3179,3202,3287,3247,3105,3004,3127,3182,3340,3330,3395,3277,3304,3241,3121,2944,3462,3441,2865,3016,3083,3196,2284
"Riverside, CA","California",5010,5279,5623,6058,6195,6148,5741,5917,5949,5924,6104,6334,6458,6727,6644,6519,6638,6951,7161,6280,6344,6401,6544,6811,6753,5375,5745,5847,5887,5529,5519,5754,5495,5565,5559,5362,5434,5334,5258,5299,5252,5186,5332,5481,5507,5369,4980,4865,4725,4539,4496,4368,4856,4809,4926,4830,4782,4593,4508,4339,4362,4342,4433,4173,4099,4111,3973,3827,3862,3832,3886,3957,3915,3915,3924,3843,3906,3925,3871,3691,3737,4028,4160,4141,4175,4169,4045,4089,3941,3905,3881,3954,3885,3984,4039,4380,4190
"Phoenix, AZ","Arizona",6667,6924,6810,7253,7931,7040,7032,7254,7290,8153,7802,8769,9303,9688,9928,9986,10467,10580,10443,9348,8997,8646,9059,8736,8574,8268,7314,8450,8070,8507,8983,10235,10637,9875,9918,9443,9520,9612,9488,8951,9320,9469,9375,9650,9460,9289,9272,9116,8048,8493,9016,8956,9266,8938,8904,8164,8750,8114,7748,7834,7687,7864,7589,8039,7256,6960,7046,7013,7548,6850,6737,6803,6794,6741,6814,6652,6807,6940,6898,7012,7035,7534,7689,7743,8108,7910,7830,7728,7415,6671,7161,7373,6523,7205,7787,7430,6565
"Seattle, WA","Washington",3665,3362,3237,3577,2952,2720,2538,2784,3102,2517,2669,2881,3322,3580,3322,3839,4193,4440,3291,3529,3799,3927,3971,4098,4071,2580,2936,2821,3280,3409,3817,3944,3748,4043,3841,3932,3713,3475,3612,3603,3711,3871,3867,3883,4001,3900,3832,3652,3756,3907,3838,4204,4068,4280,4478,4467,4614,4602,4689,4726,4660,4818,4763,4518,4458,4445,4105,4379,4564,4401,4363,4375,4472,4223,4315,4304,4490,4425,4230,4513,4682,4926,5332,5324,5868,5688,5452,5445,5239,4652,4993,5034,4953,5127,5280,5474,
"Minneapolis-St Paul, MN","Minnesota",3630,3570,3803,3806,4003,3282,3319,3512,3613,3745,3618,3509,3814,4223,4389,4214,4412,5023,4644,3924,4288,4006,4196,4268,4506,3669,2818,3022,2875,3041,3042,3962,3719,3816,3950,3784,3574,3623,3484,3421,3623,3515,3416,3832,4165,4314,4044,4058,4312,4072,4058,4164,4201,4369,4477,4661,4742,4672,4608,4567,4805,4762,4887,4811,4717,4623,4531,4182,4151,4078,4006,4212,4144,4515,4313,4367,4287,4171,4074,3749,4101,4107,4605,4781,5104,4680,4611,4269,4327,4222,4204,4564,4226,4354,4462,4086,3722
"San Diego, CA","California",2457,2651,2817,3021,3205,2723,2566,2866,2903,2735,2730,2891,2951,3072,3064,3201,3460,3590,3394,3169,3102,3284,3105,3419,3166,2639,2957,2888,2721,2855,2857,2788,2658,2707,2692,2584,2568,2566,2520,2556,2586,2540,2659,2700,2689,2609,2666,2434,2466,2604,2652,2655,2737,2819,2751,3021,2841,2819,2667,2646,2678,2599,2589,2512,2479,2477,2326,2301,2444,2382,2383,2323,2325,2289,2369,2418,2464,2426,2329,2383,2508,2779,2571,2708,2799,2738,2677,2610,2512,2366,2603,2603,2376,2618,2810,2773,2697
"St. Louis, MO","Missouri",3236,3288,3344,3448,3034,2822,2748,2722,3083,2765,2656,2781,2953,3203,3175,3186,3628,4174,3245,2599,2854,3070,3240,3441,3160,2433,2208,2413,2470,2546,2490,2729,2557,2627,2678,2575,2482,2474,2508,2642,2649,2796,3148,2827,3015,2866,2796,2948,2870,3190,3135,3007,3007,3150,3221,3656,3744,3517,3524,3380,3448,3373,3552,3502,3361,3451,3307,3167,3231,3146,3165,3302,3382,3313,3321,3400,3523,3250,3313,3271,3326,3481,3469,3778,3747,3700,3601,3750,3505,3388,3532,3710,3335,3471,3399,3165,2024
"Tampa, FL","Florida",3332,3390,3417,3618,3477,3909,2899,3358,3236,3221,3254,3164,3516,3925,3791,3973,4319,4319,4368,4331,4534,4432,4170,4237,4133,3866,3280,3706,3679,3956,3870,4252,4203,4293,4307,4403,3841,4123,4340,4292,4305,4126,4830,4293,4544,4249,4762,4564,4690,4624,4946,4891,5109,5405,4469,5153,4827,4869,4897,5048,5190,5221,5132,5209,4943,4976,5343,4752,5256,5379,5261,5115,5136,5537,5404,5373,5619,5589,5780,5377,5511,5903,5893,6198,6075,6111,5894,5936,5710,5850,5576,5806,5734,5777,5869,5818,4476
"Baltimore, MD","Maryland",3018,2838,2753,3088,2670,2610,2360,2106,2785,2465,2166,2175,2297,2659,2882,2783,3054,3137,3143,2897,2705,2763,2925,3007,3361,2798,2338,2598,2507,2414,2669,2823,3304,2736,2716,2586,2549,2912,2363,2406,2587,2592,2560,2632,2764,2959,2935,2973,2883,2788,2893,2982,2920,3296,3249,3330,3478,3269,3252,3429,3545,3532,3494,3547,3418,3285,3209,3274,3160,3316,3427,3338,3351,3461,3576,3340,3732,3472,3835,3571,3545,3573,3707,3695,4143,3580,3985,3984,3889,3880,3933,3546,4042,,,,
"Denver, CO","Colorado",4464,4496,4470,4362,4561,4018,3506,3825,4453,4001,3603,3397,3912,3786,3779,3833,4049,5140,3979,4100,4040,4219,4342,4369,4156,2882,3124,3310,2916,3529,3518,4203,3582,3577,3819,3337,3370,3068,3326,3348,3261,3409,3520,3732,3968,3698,3888,4005,4046,4117,4263,4246,4166,4383,4733,4754,4990,4918,4870,5008,4925,4986,4967,4715,4720,4680,4618,4465,4536,4730,4770,4794,5120,4966,4918,5053,5003,5037,4637,4605,4941,4967,5028,5004,5179,5090,4978,4929,4902,4385,4650,4812,4505,4327,4448,4604,4235
"Portland, OR","Oregon",2148,2254,2283,2350,2020,1785,1661,1654,2120,1760,1813,1865,2144,2344,2322,2396,2909,2951,2683,2425,2426,2718,2834,2698,2557,1973,1885,1882,1943,2106,2246,2409,2415,2531,2312,2211,2282,2170,2177,2348,2440,2552,2641,2694,2584,2473,2521,2634,2631,2561,2731,2758,2821,3014,3213,3031,3218,3215,3263,3302,3291,3346,3442,3220,3089,3087,3013,3020,3111,2922,3139,3224,3113,3226,3307,3331,3447,3226,3157,3349,3602,3941,3846,3810,3879,3882,3734,3749,3729,3373,3754,3896,3416,3664,3739,3787,2306
"Charlotte, NC","North Carolina",3677,3573,3406,3406,2901,2979,2570,2306,2580,2592,2325,2414,2481,2684,2620,2759,2997,3507,2916,2479,2666,2925,3194,3122,3172,2241,2459,2445,2484,2534,2617,2879,2749,2873,2804,2856,2728,2619,2677,3045,2661,2653,2894,3058,3252,3047,2875,3223,3759,3510,3393,3406,3705,3845,4274,4038,4212,3889,3822,3908,4041,4009,3905,3841,4050,4018,3833,3830,3608,3765,3841,3748,3821,3764,3957,3974,3800,3921,3823,3687,3742,3864,4439,4135,3973,4048,3929,4122,3739,3210,3596,3750,3964,4102,4064,3988,
"Sacramento, CA","California",3079,2790,3217,3343,3192,3107,3036,2948,2815,2572,2766,2643,2673,2803,2990,2729,3140,3467,3052,2911,2802,3056,2778,2955,2929,2370,2484,2421,2377,2438,2509,2883,2598,2637,2724,2695,2596,2918,2807,2849,2700,2782,2838,3359,2945,2785,2667,2434,2541,2408,2472,2501,2657,2760,2550,2654,2582,2527,2402,2460,2448,2136,2587,2217,2194,2101,2132,2099,2078,2119,2124,2171,2107,2195,2243,2251,2258,2234,2215,2064,2332,2315,2449,2404,2469,2510,2462,2459,2421,2257,2378,2242,2268,2326,2439,2441,2382
"Cincinnati, OH","Ohio",2147,2127,2181,2157,2115,2044,1921,1641,1998,2060,1836,1791,1979,2057,2122,2173,2330,2709,2384,1854,1818,2069,2217,2570,2409,1758,1552,1734,1704,1727,1816,1982,1937,2024,1952,1893,1826,1860,1813,1878,1862,2029,2087,2094,2118,2147,2243,2189,2232,2135,2277,2198,2347,2355,2451,2626,2675,2705,2646,2660,2678,2688,2798,2771,2716,2652,2576,2445,2487,2295,2510,2566,2461,2538,2512,2573,2391,2572,2324,2356,2437,2647,2481,2592,2623,2617,2415,2446,2585,2519,2638,2832,2544,2522,,,
"Cleveland, OH","Ohio",1775,1770,1756,1805,1810,1862,1835,1741,1730,1677,1572,1524,1597,1647,1633,1638,1862,2052,1524,1572,1424,1648,1887,1934,1939,1199,1330,1364,1404,1394,1391,1449,1317,1591,1608,1538,1557,1494,1532,1569,1474,1476,1557,1620,1729,1686,1791,1869,2029,1944,1860,1944,2071,2168,2219,2295,2324,2322,2325,2362,2314,2274,2283,2135,2339,2358,2432,1861,1903,1975,1916,1895,1983,2028,2086,2056,1957,2036,2035,1936,1913,1982,1990,2091,2060,2174,2166,2167,2160,2068,2122,2261,2385,2432,,,
"San Jose, CA","California",1180,1358,1432,1416,1364,1143,1101,1267,1268,1194,1230,1389,1490,1756,1442,1684,1762,1766,1686,1561,1592,1506,1464,1763,1560,1349,1344,1289,1289,1329,1383,1465,1426,1494,1471,1337,1355,1362,1361,1362,1317,1361,1435,1515,1485,1497,1455,1427,1306,1307,1271,1294,1385,1429,1419,1196,1356,1321,1288,1276,1222,1317,1328,1316,1236,1210,1160,1062,1190,1139,1185,1209,1207,1230,1177,1256,1274,1254,1103,1128,1195,1330,1502,1287,1342,1302,1305,1212,1207,1142,1216,1333,1088,1111,1264,1321,1324
"Providence, RI","Rhode Island",1130,1160,1105,1043,1151,1014,982,976,1162,1025,1032,1136,1175,1202,1202,1302,1349,1507,1275,1103,1213,1268,1308,1294,1345,933,1001,1051,953,1012,1021,1197,1119,1142,1179,1162,1081,1109,1075,1018,1084,1045,1116,1333,1302,1261,1207,1223,1253,1227,1193,1249,1204,1409,1468,1367,1321,1384,1352,1247,1333,1229,1302,1150,1194,1150,1115,1173,947,891,937,947,932,937,917,1040,1008,1019,1095,1031,1122,1045,1085,1194,1182,1332,1347,1325,1317,1185,1249,1365,1388,1528,1591,1591,
"Jacksonville, FL","Florida",1680,1643,1528,1575,1563,1482,1315,1386,1327,1376,1349,1387,1484,1775,1628,1690,1793,1895,1919,1504,1788,1774,1870,1856,2013,1720,1655,1671,1587,1590,1777,1892,1810,1684,2133,1854,1671,1749,1821,1634,1728,1742,1750,1928,1893,1923,1780,1818,1949,1982,1861,2256,2272,2601,2349,2379,2393,2339,2553,2571,2532,2366,2482,2536,2461,2483,2374,2328,2416,2376,2319,2378,2461,2641,2529,2475,2552,2486,2523,2155,2250,2502,2505,2438,2332,2463,2418,2307,2189,2109,1943,2136,2311,2365,2298,2235,
"Oklahoma City, OK","Oklahoma",1760,2094,2145,1952,1770,1580,1453,1405,1639,1557,1443,1469,1602,1809,1730,1900,2167,2079,1725,1530,1543,1715,2013,1785,1710,1553,1365,1423,1491,1499,1602,1840,1494,1494,1612,1515,1566,1439,1538,1531,1547,1572,1694,1761,1872,1745,1817,1844,1683,1756,1754,1735,1823,2007,1967,2039,2035,1988,1940,1677,1879,2246,2174,2169,2074,1949,1900,1890,1985,2021,1953,2020,2119,2035,2014,2049,2038,2134,2187,2109,2006,2072,1989,1981,2084,2181,2123,2032,1949,1607,1687,2089,1892,2013,2092,1207,
"Hartford, CT","Connecticut",1062,1090,1096,1020,988,993,882,846,857,888,820,895,934,1029,1045,1083,1140,1261,1081,1006,1016,1016,1141,1128,1202,734,730,769,786,760,785,916,889,869,850,846,843,774,793,782,765,820,882,911,931,992,1005,1011,936,939,907,922,984,1057,1160,1151,1051,1059,1053,990,927,992,1022,998,966,1035,944,926,934,956,943,850,951,997,974,990,945,919,940,901,1000,903,921,964,1021,1036,1059,1057,1088,925,1039,1053,1084,1079,1105,1145,
"Richmond, VA","Virginia",1614,1655,1593,1449,1400,1308,1221,1237,1375,1172,1114,1336,1400,1392,1353,1385,1434,1882,1414,1348,1271,1422,1485,1452,1542,1062,1146,1242,1235,1245,1257,1473,1275,1343,1260,1285,1291,1298,1292,1253,1301,1326,1439,1532,1585,1526,1620,1600,1547,1608,1658,1663,1696,1828,1851,2086,2015,2001,1853,1855,1760,1690,1708,1736,1554,1804,1613,1523,1430,1430,1473,1495,1543,1548,1501,1515,1503,1597,1492,1450,1444,1622,1529,1522,1564,1574,1528,1507,1525,1369,1510,1430,1606,1586,1635,,
"Raleigh, NC","North Carolina",2042,1988,1889,1872,1801,1600,1502,1323,1487,1456,1350,1298,1508,1696,1566,1657,1815,2244,1606,1432,1485,1642,1780,1804,1754,1234,1247,1184,1214,1317,1341,1378,1358,1380,1392,1298,1347,1308,1327,1365,1396,1388,1439,1484,1631,1560,1628,1754,1672,1653,1804,1839,1876,1951,2235,2162,2218,2131,2087,2174,2176,2240,2190,2311,2227,2279,2366,2227,2162,2234,2279,2276,2290,2368,2417,2306,2396,2404,2246,2266,2322,2267,1953,2027,2027,1939,1801,1735,1755,1461,1560,1587,1524,1617,1651,,
"Birmingham, AL","Alabama",1165,1096,1178,1185,1122,955,896,1040,1190,937,951,961,942,987,1002,1033,1097,1171,1037,1046,1003,1072,1069,1088,985,799,794,793,785,763,814,810,829,875,772,750,820,905,961,820,974,734,1047,993,999,1073,1276,1182,1242,1225,1135,1194,1152,1247,1273,1504,1465,1373,1464,1521,1405,1495,1558,1448,1389,1388,1342,1259,1405,1375,1373,1348,1369,1383,1462,1483,1529,1496,1420,1373,1235,1382,1289,1308,1387,1376,1337,1365,1452,1276,1504,1542,1532,1554,1520,,
"Salt Lake City, UT","Utah",1157,1192,1250,1300,999,823,918,831,972,934,987,1067,1107,1146,1114,1244,1300,1477,1206,1011,1129,1176,1401,1158,1062,805,705,780,789,884,905,939,879,922,921,868,925,892,919,969,1011,1007,1027,1084,1094,1013,957,819,936,1037,1025,1020,988,1010,1129,839,882,856,875,833,885,845,937,915,937,863,856,865,888,912,946,1056,1016,1042,983,994,1009,990,1040,1076,1275,1252,1234,1241,1216,1296,1241,1253,1171,1069,1402,1253,1114,1186,1182,1103,
"Grand Rapids, MI","Michigan",1129,1042,1113,1165,1159,1092,1008,872,969,999,977,1025,1069,1231,1215,1202,1249,1288,1189,1153,1071,1186,1385,1292,1353,1059,807,943,947,981,1072,1155,1158,1128,1089,1056,1030,1013,1184,988,917,1048,1326,1152,1159,1205,1204,1106,1135,1153,1125,1267,1189,1211,1216,1392,1315,1309,1347,1357,1378,1379,1460,1455,1407,1390,1374,1202,1262,1095,1180,1324,1329,1379,1295,1325,1315,1326,1243,1000,1183,1224,1328,1326,1542,1441,1467,1387,1378,1376,1369,1412,1389,,,,
"Fresno, CA","California",582,710,700,752,771,763,808,799,817,868,785,801,775,844,935,769,897,914,802,763,965,748,770,829,818,723,706,882,689,679,806,770,733,796,854,835,877,852,832,870,893,886,858,929,870,787,824,757,790,809,838,741,818,926,791,833,818,806,743,706,717,755,712,708,675,687,718,619,683,709,704,742,653,701,723,691,710,705,721,682,738,746,689,705,723,674,678,724,678,615,659,710,661,678,740,748,722
"Stamford, CT","Connecticut",796,788,746,749,640,595,501,522,584,567,518,547,568,651,693,715,768,881,766,720,745,761,754,720,828,662,654,650,700,688,677,731,706,673,687,706,741,565,644,627,591,595,642,670,688,706,738,726,720,729,711,754,686,762,898,860,786,939,853,784,783,841,892,803,804,856,821,747,728,754,764,804,807,788,784,801,844,830,792,820,868,804,803,867,864,877,860,942,844,747,790,796,875,801,935,817,
"Albany, NY","New York",653,701,704,672,662,634,566,492,549,531,562,672,473,630,630,729,702,756,810,578,630,628,680,730,755,595,436,458,491,513,512,593,558,570,539,512,532,546,541,543,535,530,586,572,595,641,668,635,622,599,626,606,657,674,666,698,700,710,708,694,699,715,716,708,642,648,738,675,638,642,663,669,654,673,617,660,694,688,649,666,647,644,661,698,731,739,759,756,725,739,745,760,868,820,826,,
"New Haven, CT","Connecticut",745,678,682,697,689,654,549,576,578,563,606,635,666,731,745,728,763,894,758,722,704,725,699,710,808,507,499,518,518,477,511,569,573,573,574,570,533,475,525,538,438,543,606,626,545,600,611,630,588,597,587,583,585,607,708,617,695,687,647,606,614,623,637,614,638,646,586,575,547,570,578,590,617,652,616,627,594,612,622,548,638,615,656,627,670,661,706,765,701,579,664,728,735,704,709,759,
"Bakersfield, CA","California",849,809,850,968,872,851,898,928,1057,1103,1142,1087,990,986,967,1047,1018,1321,1024,901,894,918,918,1016,1109,731,953,895,905,891,956,1061,1128,967,961,938,940,986,1027,991,976,1007,951,983,936,893,1200,822,874,850,847,885,848,1003,1033,867,858,862,963,832,790,787,746,754,707,698,684,796,774,694,718,750,751,743,752,705,791,777,743,735,735,802,863,755,775,766,787,783,832,690,732,705,687,717,709,752,742
"Greenville, SC","South Carolina",1062,1123,993,912,886,848,831,844,792,996,769,757,794,805,886,876,851,1095,919,796,782,799,1115,921,996,809,755,735,761,744,762,806,854,828,825,719,791,780,783,839,866,847,922,1063,1022,908,921,987,955,993,972,992,1014,1113,1340,969,984,1040,1072,1029,1024,1063,1086,1071,1009,1122,1036,1081,1028,1077,1016,1062,1067,1078,1076,1078,1047,956,990,947,1000,1037,1067,1021,1080,1045,1047,1034,1054,1010,1042,1063,986,,,,
"Ventura, CA","California",515,571,578,638,617,609,600,569,561,575,554,572,568,601,614,618,652,668,773,634,633,618,592,629,607,488,519,509,479,493,503,724,599,507,523,489,530,509,523,537,594,487,593,599,611,600,560,614,591,576,604,573,591,613,590,553,638,660,634,569,558,608,560,587,542,543,595,527,495,499,530,538,539,527,580,534,582,575,572,590,558,654,696,669,670,691,672,691,652,568,628,664,653,654,666,695,725
"Allentown, PA","Pennsylvania",701,690,709,681,642,644,554,574,530,567,587,612,669,673,720,756,801,890,790,541,604,673,720,754,877,626,493,537,609,571,551,597,610,628,547,534,552,585,556,614,574,590,699,662,663,616,714,698,683,667,691,683,681,727,711,772,838,843,861,862,768,991,899,921,891,860,871,802,793,827,820,816,828,850,828,835,837,861,834,803,820,761,781,854,877,902,917,898,984,805,821,1005,892,946,885,810,773
"Columbia, SC","South Carolina",924,1101,988,929,830,731,687,690,752,817,697,653,774,815,881,960,978,1039,878,777,788,761,842,860,920,727,628,661,635,653,671,691,639,707,662,648,711,843,674,687,725,792,811,982,882,910,913,869,842,862,908,880,937,1001,1099,1034,1074,992,904,1048,1029,1014,1065,1026,1078,959,933,966,920,1029,953,1000,951,993,1022,1033,924,962,998,870,887,843,870,880,924,898,869,866,854,727,713,914,961,938,961,910,
"Stockton, CA","California",982,1069,1108,1148,1208,1122,1065,1107,1029,1050,1106,1026,1074,1086,1150,932,1003,951,1063,935,970,888,894,953,1005,815,818,820,722,803,852,847,846,862,848,826,858,846,793,780,797,872,794,838,780,805,734,626,673,716,727,734,732,747,778,656,707,674,675,607,573,591,582,610,578,555,511,502,548,496,508,512,524,492,528,501,541,523,549,538,579,614,609,652,710,674,616,612,570,495,546,595,548,580,580,609,602
"Charleston, SC","South Carolina",968,923,840,954,880,831,837,766,743,690,634,721,745,779,866,850,899,1067,1129,938,804,819,998,1009,1095,919,740,795,837,860,818,1012,925,957,923,851,838,864,832,885,903,865,934,968,982,972,1033,1042,1011,1044,1126,1084,1073,1107,1152,1147,1110,1121,1116,1145,1246,1254,1230,1233,1192,1198,1135,1089,1125,1085,1029,1107,1090,1072,1108,1093,1230,1104,1082,1036,1061,1179,1226,1201,1304,1183,1029,1208,1187,891,1179,1166,1156,1217,1244,1150,
"Fort Myers, FL","Florida",1311,1376,1617,1563,1734,1559,1649,1638,1655,1730,1831,1941,2611,2524,2478,2295,2369,2444,2458,2307,2259,2204,2159,2074,2042,2140,1973,2040,2010,1895,1808,2232,2074,2098,1980,1977,1915,1872,1873,1805,1850,1900,1739,1810,1824,1731,1962,1624,1769,1689,1739,1800,1693,1886,1711,2045,1830,1855,1811,1835,1822,1895,2067,1866,1884,1798,1894,1844,1867,1824,2017,2087,2032,2061,2032,2096,2061,2130,2209,1886,2062,2190,2126,2199,2259,2211,2201,1969,2153,1987,1944,1912,1817,1731,1670,1360,
"Lakeland, FL","Florida",652,579,591,696,657,604,718,723,683,717,560,674,664,810,713,713,739,735,762,850,1042,791,756,788,824,805,797,730,732,767,717,885,738,794,753,642,687,665,699,701,778,870,787,747,770,737,792,876,844,958,859,1095,958,1037,970,956,1054,1091,1107,1138,1115,986,1050,990,860,873,1056,960,900,896,969,981,842,875,895,891,1000,931,956,897,900,915,885,855,889,904,864,892,884,847,873,866,930,887,883,957,1195
"Ogden, UT","Utah",607,614,619,591,508,522,502,483,474,440,414,512,541,569,533,540,574,695,511,469,509,562,580,534,459,373,388,407,402,416,420,431,430,407,407,390,417,407,448,436,455,444,473,467,506,498,463,434,475,452,477,483,545,553,565,531,518,486,570,579,561,498,569,542,539,530,604,548,525,544,579,654,619,684,697,708,687,777,652,599,767,787,811,791,815,790,721,724,655,616,689,758,675,659,546,363,
"Scranton, PA","Pennsylvania",480,456,488,487,422,386,359,369,376,399,384,418,391,442,425,410,461,469,451,416,386,427,403,434,395,362,325,343,326,333,351,457,365,347,357,330,353,377,411,382,329,374,508,372,391,373,409,413,419,410,423,421,400,461,451,556,416,489,486,460,501,451,482,489,516,472,507,455,469,413,463,488,442,475,460,443,465,467,471,477,451,493,468,460,502,518,503,524,541,485,433,571,524,478,488,274,
"Chattanooga, TN","Tennessee",1009,992,959,954,904,816,780,748,833,696,626,561,574,608,638,639,689,787,680,571,673,632,668,793,698,595,577,593,573,590,546,548,549,605,617,555,565,626,638,612,591,587,728,672,664,612,636,676,689,682,693,669,662,719,736,866,728,740,726,744,679,728,671,709,745,711,734,643,682,681,706,723,778,748,776,765,824,779,725,724,797,815,773,814,831,795,803,831,758,742,817,915,795,816,876,644,388
"Modesto, CA","California",659,728,794,821,780,742,836,832,762,760,725,734,716,793,694,617,729,761,674,637,660,683,672,697,716,586,598,586,552,565,576,662,632,551,565,563,559,561,571,604,620,595,511,640,569,562,540,498,463,474,482,453,419,476,465,460,426,450,426,410,449,428,443,424,411,422,401,380,443,401,418,406,375,393,367,351,374,362,361,384,371,419,419,538,464,448,443,452,443,399,435,402,418,411,431,435,495
"Santa Rosa, CA","California",407,351,438,453,452,427,424,436,417,390,407,424,427,407,412,461,458,478,447,447,445,455,422,404,425,414,389,381,320,375,435,398,445,402,404,382,375,402,413,374,401,429,414,586,444,455,423,421,423,412,375,403,395,387,435,418,391,405,422,410,363,358,397,383,374,339,376,358,372,336,331,363,373,385,362,377,278,367,325,307,354,367,396,399,437,427,431,371,399,410,399,409,354,413,415,421,265
"Lexington, KY","Kentucky",645,671,702,655,639,576,547,518,664,498,503,552,585,625,629,652,777,809,695,663,673,652,717,763,724,610,556,592,460,407,540,604,649,633,571,489,515,513,536,571,547,565,725,559,486,506,507,500,495,601,534,514,528,588,584,566,597,667,610,595,604,643,598,583,611,603,497,508,546,519,554,550,549,536,482,455,502,482,530,503,534,574,466,467,509,372,542,542,495,455,475,559,408,424,473,496,463
"York, PA","Pennsylvania",515,517,547,539,501,473,444,420,424,443,403,398,440,456,495,534,516,600,523,386,414,480,498,469,617,450,339,336,379,356,363,421,401,406,400,435,469,376,389,385,403,380,394,416,436,441,460,432,455,517,488,483,492,551,570,544,579,547,537,568,571,515,624,562,546,610,559,559,508,504,522,455,499,569,539,573,533,518,520,485,517,517,518,554,527,687,537,584,559,518,520,547,544,574,577,563,293
"Asheville, NC","North Carolina",499,504,491,484,480,424,418,410,459,431,379,370,418,441,496,506,534,532,511,527,469,474,519,496,495,370,430,475,407,367,427,493,432,431,436,435,430,446,440,434,415,452,469,451,491,497,518,505,542,574,539,537,592,624,745,655,660,643,720,674,572,609,630,645,648,612,575,594,645,606,606,638,614,627,633,639,634,654,648,681,653,707,700,704,713,697,725,703,682,525,636,690,598,578,517,,
"Reading, PA","Pennsylvania",351,348,377,342,327,319,285,283,275,306,279,271,310,329,320,356,371,401,353,312,319,325,349,340,376,298,244,277,290,270,290,294,363,268,268,284,306,290,290,281,279,313,304,307,305,354,401,370,334,339,338,349,363,358,406,427,417,387,377,327,353,377,363,424,372,359,328,381,343,333,345,391,371,364,379,398,338,374,365,346,367,377,390,405,427,443,451,413,449,372,431,418,440,463,426,376,361
"Salem, OR","Oregon",300,319,308,298,301,273,209,242,226,251,239,260,278,303,313,362,366,431,341,294,249,306,332,337,312,182,270,252,249,224,283,361,261,276,258,252,268,259,266,250,263,255,265,358,316,284,282,286,346,279,300,300,258,321,312,325,369,355,351,328,349,373,380,347,380,382,357,347,338,330,345,382,369,379,379,415,389,397,426,419,400,449,496,460,507,499,478,518,500,472,491,499,497,488,459,487,387
"Anchorage, AK","Alaska",378,304,316,305,281,273,269,292,337,292,235,259,258,295,283,302,305,351,307,254,308,339,349,375,368,227,236,259,284,289,284,312,298,297,304,295,286,303,288,265,267,275,286,270,298,282,264,296,321,321,331,321,300,307,326,329,336,319,332,408,377,364,392,374,393,381,363,355,341,367,379,386,378,400,375,391,405,397,357,391,415,394,383,330,345,322,321,337,313,238,336,312,295,297,282,295,239
"Davenport, IL","Illinois",416,440,459,442,415,340,332,311,337,379,351,403,393,442,478,466,496,558,437,432,414,424,500,519,470,320,330,352,376,401,431,431,392,382,378,386,496,398,374,426,345,385,420,445,467,462,446,427,378,372,426,387,414,311,402,401,438,424,418,406,412,439,429,409,417,426,483,375,388,397,414,438,427,431,411,389,336,387,366,378,345,326,305,313,340,324,318,325,333,235,262,271,264,168,245,238,
"Eugene, OR","Oregon",300,298,306,263,279,272,222,237,285,236,206,250,265,292,272,323,313,313,347,273,325,308,322,328,333,193,215,210,209,248,253,302,241,258,271,233,240,228,217,224,239,217,252,264,252,264,233,270,220,268,289,273,324,245,292,285,318,307,304,330,316,303,292,313,276,306,276,275,278,284,284,272,297,319,311,306,337,315,329,343,301,358,405,387,403,387,395,406,384,343,384,420,402,394,396,399,332
"Kalamazoo, MI","Michigan",365,307,336,335,338,258,258,280,292,278,252,273,251,305,307,277,275,318,302,242,271,296,308,372,344,249,243,236,211,278,271,288,249,253,268,266,291,310,296,304,293,272,305,280,374,422,285,316,278,239,259,312,332,341,324,361,362,470,379,354,334,337,364,325,333,263,326,337,363,313,339,315,390,415,362,383,372,377,372,356,328,379,306,392,390,377,448,430,407,387,391,401,401,397,408,,
"Roanoke, VA","Virginia",353,424,407,407,353,302,290,265,304,343,284,308,316,348,359,330,360,431,326,270,290,309,338,380,340,266,302,293,271,302,287,291,281,268,296,286,283,285,256,280,309,292,306,324,344,347,312,308,313,308,364,395,373,399,402,444,481,413,424,407,401,377,380,333,335,370,353,305,294,305,288,322,317,325,301,295,315,311,354,296,320,313,315,332,326,345,360,393,354,338,351,369,335,391,347,311,
"Utica, NY","New York",188,209,208,220,175,179,191,167,166,185,181,200,198,204,206,175,227,211,209,169,204,220,221,223,269,156,155,152,156,193,151,197,164,168,173,158,161,162,152,186,180,176,179,176,189,162,179,172,185,168,194,184,172,176,181,200,202,193,183,201,169,201,217,184,187,189,206,182,167,189,180,188,206,201,190,207,212,261,192,165,215,223,228,221,207,227,178,221,236,217,245,278,233,186,217,186,100
"Duluth, MN","Minnesota",253,234,278,275,231,226,196,187,192,186,188,177,199,217,223,182,224,241,267,242,271,230,254,258,244,228,179,205,213,217,217,245,232,250,238,259,227,236,229,246,240,233,263,198,243,244,248,296,254,234,250,239,263,267,267,246,268,281,288,255,293,304,275,304,307,303,276,292,271,230,282,234,297,299,306,288,299,284,308,320,296,348,294,298,310,300,318,316,251,289,283,291,289,281,283,283,155
"New London, CT","Connecticut",219,251,246,240,250,215,215,211,195,177,184,204,227,232,230,248,224,289,218,173,216,228,223,268,264,204,198,170,178,182,186,190,197,186,195,168,171,174,174,190,191,163,197,197,204,239,223,217,185,210,226,208,204,218,233,264,218,211,205,222,201,200,193,202,212,222,206,168,214,222,195,193,203,217,215,225,247,236,211,205,197,212,218,225,257,247,254,243,200,180,223,301,242,234,244,243,135
"Santa Cruz, CA","California",172,139,151,143,149,107,137,133,166,145,144,142,154,159,162,167,181,185,143,161,144,142,148,152,130,144,131,143,128,147,142,148,149,148,144,142,158,159,153,120,146,151,172,215,176,175,165,159,146,119,145,148,156,152,172,158,188,173,151,176,160,148,162,125,163,146,143,136,129,127,162,136,137,153,151,154,138,148,120,140,151,163,172,151,189,170,165,154,157,158,153,172,133,143,162,161,153
"Merced, CA","California",294,388,394,416,458,420,425,411,411,444,426,442,470,424,426,404,383,371,411,305,330,278,350,327,314,324,259,313,292,292,283,286,260,292,272,273,245,262,241,244,259,258,228,236,237,206,205,188,199,189,205,196,199,186,201,198,188,167,181,175,131,176,180,160,169,201,162,142,161,155,156,155,217,173,179,180,172,211,153,172,173,176,170,177,161,159,155,163,155,157,150,163,131,169,150,145,152
"Wilmington, NC","North Carolina",370,379,358,361,324,296,300,286,416,291,225,277,284,317,331,352,431,385,353,358,325,310,347,326,373,266,310,309,309,338,360,398,345,340,339,282,329,316,321,291,327,320,311,357,359,392,384,469,408,379,383,407,393,416,441,410,445,444,443,436,425,469,462,464,451,425,441,377,428,437,423,462,477,451,482,473,508,495,475,489,477,460,485,419,613,520,437,444,399,355,329,412,439,,,,
"Kennewick, WA","Washington",335,297,309,298,264,252,265,250,268,254,263,314,307,342,349,348,416,441,363,299,318,396,421,426,461,242,250,263,279,295,280,311,298,302,308,255,278,281,208,271,278,346,305,316,336,346,314,345,312,337,346,356,363,359,378,369,362,353,351,363,339,359,356,342,288,317,338,329,337,329,352,325,342,336,353,376,378,387,350,373,383,401,440,407,436,519,390,373,367,326,388,367,345,345,331,346,207
"Yakima, WA","Washington",194,218,204,209,169,169,153,176,181,149,164,175,182,269,188,197,200,237,224,184,189,159,201,213,215,131,139,130,139,122,146,147,148,159,146,138,140,141,129,161,173,174,151,168,163,131,193,152,170,157,175,150,169,160,170,184,176,192,182,186,185,191,184,193,180,224,187,187,191,181,190,212,183,206,195,183,180,205,193,192,248,221,210,193,225,193,198,230,216,189,222,205,188,189,209,234,176
"Champaign-Urbana, IL","Illinois",267,302,234,224,208,205,183,182,269,190,201,191,214,245,243,248,254,302,250,173,212,238,249,234,265,161,142,193,194,204,196,203,205,202,181,212,181,199,194,194,224,189,237,221,248,215,299,227,304,234,254,254,227,271,239,271,232,275,260,264,280,280,283,279,275,285,271,291,344,270,270,259,261,269,253,279,270,262,267,249,241,272,193,253,236,230,240,239,243,186,246,221,258,244,276,234,56
"Claremont, NH","New Hampshire",156,155,162,149,139,129,125,142,140,139,120,146,143,197,158,162,180,206,169,168,169,170,213,184,186,142,162,176,167,175,169,165,183,178,167,163,193,165,170,132,157,169,192,195,189,193,207,190,187,192,182,196,198,175,199,220,212,237,222,241,216,212,242,215,235,234,224,195,195,183,196,208,219,232,211,220,174,216,207,183,195,205,206,205,227,229,234,238,238,218,233,259,298,244,251,206,230
"Prescott, AZ","Arizona",227,249,249,240,197,206,217,204,213,214,197,232,277,292,301,289,322,307,319,289,248,304,333,273,335,265,251,274,302,303,284,335,315,308,310,330,300,271,353,317,307,304,311,330,343,348,350,311,319,321,312,337,332,354,357,314,356,328,338,366,387,354,353,337,279,311,327,326,315,326,327,327,314,318,318,317,321,332,312,309,306,335,327,332,322,356,339,327,324,309,373,330,318,324,325,342,376
"Las Cruces, NM","New Mexico",131,159,170,135,140,112,128,131,145,140,114,125,143,151,157,162,181,177,154,133,139,126,153,154,173,122,106,120,98,108,106,115,101,117,99,80,104,124,101,95,101,101,111,116,124,94,130,114,107,122,119,126,129,122,113,119,107,116,109,114,136,105,129,116,106,133,131,134,117,129,115,110,124,127,109,137,135,98,117,109,123,104,114,120,107,116,117,87,97,77,106,91,108,111,117,126,93
"Medford, OR","Oregon",139,140,127,127,131,132,119,135,129,169,127,137,143,145,130,162,193,213,148,149,161,161,177,199,195,135,162,169,146,162,178,205,153,158,167,141,140,135,159,160,156,159,186,195,198,194,176,152,164,186,191,151,192,206,205,190,206,211,207,237,291,252,223,219,227,203,197,204,215,215,224,239,219,219,220,211,226,283,220,230,225,212,232,249,298,249,241,254,245,244,257,251,212,267,286,225,233
"Yuba City, CA","California",197,229,222,303,215,199,201,214,204,195,190,180,222,211,210,214,215,183,208,190,203,194,187,193,179,169,193,161,162,171,170,196,168,185,198,192,170,187,188,197,190,205,197,189,197,190,179,173,176,168,160,166,172,165,170,170,158,161,155,145,141,148,146,146,134,131,126,143,120,128,142,148,172,154,156,151,159,158,133,147,177,165,155,156,139,172,164,149,148,150,153,156,153,153,157,158,168
"Pueblo, CO","Colorado",235,253,258,253,237,225,208,155,200,194,175,198,202,247,191,209,229,271,220,168,229,225,238,259,239,206,196,161,195,183,193,228,185,191,191,177,164,158,170,183,166,195,179,177,183,179,186,182,194,206,203,195,200,202,222,218,219,228,205,210,213,222,203,200,220,209,225,234,260,210,180,237,216,225,244,242,221,228,210,226,202,239,302,255,259,251,248,251,253,209,230,211,213,225,251,217,227
"Burlington, NC","North Carolina",189,174,195,163,143,115,135,116,127,124,118,127,108,140,164,138,144,160,142,144,120,145,148,158,163,144,128,107,119,125,116,121,111,112,119,109,113,120,113,116,121,108,95,128,135,158,139,123,133,128,145,156,151,161,136,168,169,163,159,174,166,158,167,166,169,164,170,164,154,175,167,182,173,225,177,167,193,215,200,173,177,175,174,139,179,177,173,166,168,134,171,174,178,167,168,167,160
"Madera, CA","California",121,132,152,148,135,125,134,195,156,168,185,199,183,178,185,142,199,197,188,175,136,144,155,139,172,135,128,178,140,150,158,142,157,161,140,144,149,157,146,151,144,137,133,150,152,133,133,123,113,116,117,108,161,118,121,126,125,135,115,101,127,135,137,117,110,117,148,105,115,102,112,111,113,108,94,103,109,113,107,103,95,112,106,110,102,103,111,112,105,103,101,109,109,103,122,117,129
"Eureka, CA","California",89,69,68,66,68,66,56,62,64,56,59,54,58,71,65,65,89,78,69,50,70,78,77,79,65,44,68,68,61,59,65,68,66,69,66,47,68,70,73,71,78,79,87,80,78,75,65,71,73,60,69,74,88,70,55,75,84,77,85,75,84,86,72,77,57,68,89,64,63,63,82,79,77,78,80,74,78,81,74,58,96,83,68,88,67,75,84,79,108,77,78,84,80,90,88,82,101
"Lebanon, PA","Pennsylvania",139,141,144,134,127,110,114,89,140,129,113,110,117,124,140,162,145,129,143,135,112,113,135,152,139,84,79,79,92,109,101,139,103,108,122,102,109,114,101,113,97,106,106,142,112,123,102,114,126,109,118,104,118,118,143,110,138,117,130,138,116,163,148,150,137,102,141,153,145,132,133,140,142,122,116,121,136,124,105,107,109,117,113,112,93,115,129,122,122,87,127,120,117,136,132,,
"Jackson, TN","Tennessee",240,243,236,284,195,168,165,196,199,197,180,184,207,202,188,221,220,248,200,194,178,186,202,199,190,134,142,135,148,138,178,204,151,161,147,141,144,146,154,134,142,174,154,140,160,156,178,184,169,176,138,165,149,156,166,188,207,173,167,159,175,162,179,181,179,183,153,156,172,167,180,183,178,181,183,171,172,170,181,198,159,178,167,179,172,225,181,197,192,188,184,182,207,197,191,197,69
"Albany, OR","Oregon",106,121,109,103,88,91,86,73,67,73,75,81,92,96,80,104,111,121,106,90,95,94,130,123,101,79,73,82,89,75,86,127,105,93,92,85,79,81,90,87,79,74,97,92,97,98,83,87,74,96,99,92,103,93,85,91,87,88,94,101,106,100,91,96,89,96,91,99,82,103,116,107,112,103,118,118,112,128,123,109,115,126,123,123,138,150,143,136,154,123,149,161,152,146,145,151,116
"Roseburg, OR","Oregon",82,83,95,93,80,82,69,76,73,77,79,97,63,86,85,92,95,120,106,81,86,77,93,91,89,82,71,72,83,74,87,111,76,84,81,79,93,78,81,74,75,78,68,110,79,93,79,76,80,92,96,106,88,95,109,101,119,106,102,123,98,109,119,88,113,113,95,107,110,92,89,91,99,102,92,104,95,101,134,97,101,110,125,102,130,128,126,127,145,123,130,136,131,136,141,134,82
"Lima, OH","Ohio",79,72,78,70,70,73,77,65,85,72,86,72,81,87,92,71,88,97,97,81,85,75,72,77,80,67,65,71,80,54,66,91,80,81,83,83,76,85,79,80,74,76,75,91,86,102,86,98,84,93,95,104,106,130,124,116,101,123,115,115,92,115,112,108,122,109,79,99,97,91,110,103,120,114,120,120,92,91,105,78,101,106,109,111,113,106,102,93,115,83,107,119,111,102,106,101,98
"Sebring, FL","Florida",89,92,99,95,97,106,98,86,95,89,81,109,115,119,117,94,123,110,109,130,109,114,108,97,140,104,101,98,111,107,116,141,131,130,136,135,124,91,109,125,115,124,121,111,126,113,133,137,133,138,146,139,137,156,156,130,130,163,163,147,158,152,178,173,193,122,154,166,176,185,169,179,161,173,169,172,192,187,188,181,174,184,185,189,224,208,186,199,181,176,198,199,204,179,186,183,104
"Truckee, CA","California",73,91,92,98,95,98,78,81,96,88,101,102,121,120,114,122,127,127,142,122,131,121,122,128,125,89,112,94,122,112,136,149,127,128,121,130,101,123,136,131,116,132,119,151,134,149,138,115,119,129,130,132,145,133,140,129,132,142,147,143,153,137,126,140,117,133,123,116,124,113,119,132,116,128,137,121,142,140,129,181,123,147,151,150,159,162,158,155,153,146,142,131,145,151,150,152,182
"Ocean City, NJ","New Jersey",272,243,234,225,226,241,196,198,188,214,210,212,219,253,253,247,249,247,277,248,265,236,246,236,229,192,258,235,207,239,244,284,232,190,235,247,235,254,247,253,247,231,225,240,260,264,269,263,269,239,242,225,237,257,293,265,206,254,293,255,268,267,272,271,282,287,281,282,258,277,265,286,278,274,288,303,303,297,292,297,321,302,318,314,327,336,322,385,336,308,324,334,359,341,320,285,196
"Oak Harbor, WA","Washington",97,109,87,86,88,73,63,86,85,94,78,84,80,83,89,88,113,114,100,107,108,102,97,103,93,83,75,99,69,75,89,75,76,71,79,78,64,77,90,85,79,83,83,72,82,91,90,83,90,88,90,87,107,90,91,98,102,98,109,102,128,127,122,112,111,120,145,125,109,129,120,100,128,135,134,145,136,149,137,144,156,139,149,157,148,146,145,152,152,138,160,155,146,172,162,170,52
"Greeneville, TN","Tennessee",126,139,114,126,133,99,106,106,111,111,99,114,106,97,108,109,78,117,112,138,122,119,123,89,125,92,110,96,94,94,92,98,94,89,96,91,96,108,98,106,113,102,105,109,96,134,106,121,78,86,106,113,102,115,123,101,126,103,104,107,103,112,105,91,88,122,105,106,116,128,114,109,122,116,117,114,113,101,106,119,103,109,126,120,121,116,116,129,129,123,125,105,128,128,120,127,36
"Morehead City, NC","North Carolina",80,92,102,82,85,63,66,69,81,62,72,75,74,71,74,78,74,90,79,83,77,80,85,90,82,79,75,73,75,72,79,82,98,90,79,69,75,79,75,80,72,77,78,86,88,99,80,89,92,95,100,105,117,119,121,107,112,112,121,109,108,110,104,96,98,95,94,88,89,104,95,90,101,99,113,138,115,118,114,114,129,109,121,122,123,128,137,116,119,115,122,127,113,123,117,143,51
"Boone, NC","North Carolina",77,67,75,68,57,35,60,56,71,53,39,53,63,66,94,63,81,69,59,63,55,63,54,65,88,64,53,54,62,53,69,56,50,55,55,59,54,51,57,67,54,68,65,67,79,74,76,69,60,68,63,59,53,55,78,62,62,65,74,63,66,49,59,57,70,67,55,62,48,57,48,54,44,70,75,77,81,79,57,60,97,71,82,74,88,84,85,87,74,75,86,91,98,92,79,99,32
