"RegionName","City","State","Metro","CountyName","SizeRank","2010-01","2010-02","2010-03","2010-04","2010-05","2010-06","2010-07","2010-08","2010-09","2010-10","2010-11","2010-12","2011-01","2011-02","2011-03","2011-04","2011-05","2011-06","2011-07","2011-08","2011-09","2011-10","2011-11","2011-12","2012-01","2012-02","2012-03","2012-04","2012-05","2012-06","2012-07","2012-08","2012-09","2012-10","2012-11","2012-12","2013-01","2013-02","2013-03","2013-04","2013-05","2013-06","2013-07","2013-08","2013-09","2013-10","2013-11","2013-12","2014-01","2014-02","2014-03","2014-04","2014-05","2014-06","2014-07","2014-08","2014-09","2014-10","2014-11","2014-12","2015-01","2015-02","2015-03","2015-04","2015-05","2015-06","2015-07","2015-08","2015-09","2015-10","2015-11","2015-12","2016-01","2016-02","2016-03","2016-04","2016-05","2016-06","2016-07","2016-08","2016-09"
"Northeast Dallas","Dallas","TX","Dallas-Fort Worth","Dallas",1,,,,,,,,,,,,,,,,,,,,,,,,,,,,,,,,,,,,,,,,,,,,,,,,,,,,,,,,,,,,,642490,629990,639990,649990,662990,704250,699500,693745,665490,687990,687990,699990,704990,699000,689900,689000,749000,799500,749000,679999.5,675000
"Paradise","Las Vegas","NV","Las Vegas","Clark",2,,,,,,,,,,,,,,,140000,134999,140000,145000,147500,158200,150000,174900,175000,170000,171800,181500,184900,180000,198800,2e+05,199900,212000,208900,215000,249850,245500,235000,224950,235000,240000,240000,240000,248499.5,260000,267500,289000,294499.5,287000,268000,267000,278950,279500,269000,279900,298944,299999,305000,299900,299999.5,299900,306800,315000,324900,327000,324950,330000,339900,336666.5,333333,325000,322995,317499.5,324888,330000,319000,312444,334900,335000,339945,339900,335000
"Upper West Side","New York","NY","New York","New York",3,,,,,,,,,,,,,,,,,,,,,,,,,,,,,,,,,,,,,,,,,,,,,,,,,,,,,,,,,,10394000,10750000,9475000,9200000,10700000,11115000,10500000,10475000,10147500,9875000,9850000,10500000,1.1e+07,10500000,11230000,11700000,11230000,10972500,10450000,10450000,10450000,10400000,10722500,10995000
"Sherman Oaks","Los Angeles","CA","Los Angeles-Long Beach-Anaheim","Los Angeles",4,,,,,,,,,,,,,,,,,,,,,,,,,,,,,,,,,,,,,,,,,,,,,,,,,,,,,,,,,,,,,,,1997250,2199000,2250000,2097500,1999900,1949000,1972000,1949000,1699950,1899000,1995000,1862500,1850000,1885000,1995000,1885000,1799500,1799250,1935000
"South Los Angeles","Los Angeles","CA","Los Angeles-Long Beach-Anaheim","Los Angeles",5,,,,,,,,,,,,,,,,,,,,,,,,,,,,,,,,,,,,,,,,,,,,,,,437450,399900,382900,421500,423999,429450,429000,439450,426000,447000,468500,450000,459000,420000,445000,466000,470000,5e+05,549000,549500,559500,580000,569000,554500,559000,557000,559000,537500,559000,550000,550000,572499.5,527000,574499.5,549900
"Upper East Side","New York","NY","New York","New York",6,,,,,,,,,,,,,,,,,,,,,,,,,,,,,,,,,,,,,,,,,,,,,,,,,,,,13500000,12495000,1.2e+07,12750000,1.2e+07,12750000,13075000,13900000,13500000,12925000,12925000,12925000,12825000,12825000,12750000,13500000,12825000,12500000,12750000,12825000,12750000,12500000,11200000,11975000,12250000,12850000,14350000,13500000,13800000,1.3e+07
"Sunrise Manor","Las Vegas","NV","Las Vegas","Clark",7,,,,,,,,,,,,,,,,,,,,,,,,,,,,,,,,,,,,,,,,,179000,175000,175000,184900,188250,189900,189900,179400,189900,191700,199950,199900,204900,205000,209000,209500,209500,207000,217450,199900,205000,205000,209000,225000,235000,230000,222500,225000,220000,220000,224000,220000,225000,225000,229000,228444,229444,241450,255000,249499.5,249000
"East New York","New York","NY","New York","Kings",8,469000,459000,450000,450000,449000,449000,449000,429000,429000,419000,4e+05,399000,399000,399450,399000,399000,399000,399000,399000,399000,399000,399000,399000,396000,399000,399000,418999,409999,430000,439000,449000,449000,450000,459000,469000,475000,475000,477000,479000,485000,499000,499000,499000,499000,499000,499000,499000,499000,499000,519000,519000,520000,525000,520000,519000,525000,529000,525000,549000,549999,560000,575000,575000,578000,597000,599000,599999,629000,624999,639999,639999,639000,629000,649000,649999,659000,650000,652500,659000,679000,699000
"Spring Valley","Las Vegas","NV","Las Vegas","Clark",9,,,,,,,,,,,,,,,,,,,,,,,,,,,,,,,,,,,,,,,,,,,,,,380000,390000,381990,374950,379000,395000,429990,422499.5,419999,415000,415000,422500,449950,430000,446250,419900,419888,419990,419000,407880,409999,402950,417000,405000,399900,399950,399900,403870,415000,425000,423856,417750,425440,429900,433000,415990
"Southeast Los Angeles","Los Angeles","CA","Los Angeles-Long Beach-Anaheim","Los Angeles",10,,,,,,,,,,,,,,,,,,,,,,,,,,,,,,,,,,,,,,,,,,,,,,,394900,379500,399000,399000,410000,404950,416000,414900,420000,405000,413000,410000,399999,387500,399999,405000,410435.5,410871,417444,429900,450000,462499.5,465000,480000,480000,465000,455000,472500,470000,477000,480000,480000,474900,475000,495000
"Paradise Valley","Phoenix","AZ","Phoenix","Maricopa",11,,,,,,,,,,,,,,,,,,,,,,,,,,,,,,,,,,,,,,,,,,,,,,,529000,548000,535000,532500,557000,576950,550000,550000,548500,539900,539000,535000,525000,525000,525000,545000,569000,535000,525000,524950,524950,538000,525000,540000,539500,530000,549400,575000,582000,550000,572425,569950,582500,6e+05,605000
"Williamsburg","New York","NY","New York","Kings",12,,,,,,,,,,,,,,,,,,,,,,,,,,,,,,,,,,,,,,,,,,,,,,,,,,,,,,,,,,,,,,,,,,,2925000,2695000,2750000,2800000,3200000,3e+06,3250000,3625000,3422000,3697500,3500000,3649500,3075000,3350000,3374500
"Bedford Stuyvesant","New York","NY","New York","Kings",13,,,,,,,,,,,,,,,,,,,,,,,,,,,,,,,,,,,,,,,,,,,,,,,,,,,,,999000,999000,1037499.5,999000,999000,1089000,1100000,1100000,1225000,1249000,1250000,1250000,1250000,1250000,1250000,1350000,1390000,1390000,1490000,1490000,1490000,1500000,1500000,1500000,1582500,1499000,1499000,1590000,1595000
"Jamaica","New York","NY","New York","Queens",14,449499.5,450000,459000,450000,459999,449000,439999.5,449000,449000,439000,436500,435000,430000,425000,435000,419000,426999.5,419000,399499.5,419000,419000,419000,399999,389000,399000,399000,390000,389000,398000,389000,389999,399000,410000,419000,429000,429000,429450,435000,439000,459999,464500,469000,489999,499475,516000,509000,519000,519000,499000,489000,489000,489000,489000,489000,499000,519000,519000,529000,589000,589000,599000,599000,599000,584000,589000,589000,539000,569000,619000,639000,639000,649000,649000,649000,675000,662000,675000,699000,679000,679900,684450
"Williamsbridge","New York","NY","New York","Bronx",15,469900,484900,499000,499000,479000,479000,468500,468500,472000,469000,465000,465000,465000,459995,468500,455000,450000,449000,449000,450000,448500,442000,449000,449000,441000,449000,449000,449000,459000,449000,459000,465000,455000,455000,479000,484000,475000,489000,495000,494000,499000,510000,499000,499000,499000,527000,529000,519000,519000,519000,519000,519000,529000,549000,529000,510000,499000,529000,549000,549000,549000,499999.5,529500,525000,525000,509500,529000,550000,569000,569000,569000,570000,594000,599000,599000,599000,579000,569000,575000,577000,579000
"Bushwick","New York","NY","New York","Kings",16,499000,499000,489900,489000,465000,454500,459000,459000,469000,479000,479999,470000,469000,469000,475000,479000,469500,479000,495000,489000,490000,487000,495000,495000,499000,499000,498999,489000,489000,495000,499000,522500,529000,549000,559000,569000,560000,579000,589000,599000,6e+05,650000,679000,699000,749000,787500,799000,799000,799999,829000,829000,829000,849000,849000,862500,954500,995000,995000,999000,999000,999000,999000,999000,999000,999000,999999,1050000,1100000,1187000,1150000,1184500,1179000,1200000,1297000,1299000,1300000,1300000,1300000,1300000,1300000,1300000
"North Scottsdale","Scottsdale","AZ","Phoenix","Maricopa",17,,,,,,,,,,,,,,,,,,,,,,,,,,,,,,,,,,,,,,,,,,,,,,,1499000,1597450,1599900,1572500,1525000,1499500,1500000,1495000,1492450,1495000,1500000,1545000,1650000,1607500,1597450,1657450,1512500,1495000,1400000,1495000,1255000,1286950,1297000,1497000,1499000,1499900,1499000,1499450,1299000,1350000,1497500,1597000,1400000,1299999,1350000
"East Flatbush","New York","NY","New York","Kings",18,534000,525000,525000,525000,520000,525000,520000,525000,519500,525000,539000,529000,519999.5,519000,513000,519000,519000,510299,5e+05,5e+05,525000,517000,519000,499459,525000,499000,499000,509000,499000,499000,525000,525000,529000,529000,550000,549450,549450,549000,559000,591000,569000,569000,575000,572000,569000,579000,575000,591000,6e+05,629000,629000,629999,639950,649999.5,649000,645000,649000,629000,614500,625000,629000,674500,699000,719000,699000,650000,667500,647000,650000,652500,649000,649000,689000,689000,709000,722500,699000,699000,695000,699000,739000
"Enterprise","Las Vegas","NV","Las Vegas","Clark",19,,,,,,,,,,,,,,,,,,,,,,,,,,,,,,,,,,,,349900,344000,342000,346500,368650,361000,399000,419000,419000,409950,419000,430122.5,413650,399444,389990,415000,415524,448610,432475,449993.5,437425,429900,429995,434950,434950,419990,434800,439000,440995,449000,449900,497000,496000,487450,479900,472200,469900,469900,448000,479000,474495,475990,499949.5,474500,499777,499949.5
"Corona","New York","NY","New York","Queens",20,725000,720000,699000,699000,699000,699000,689000,699000,699000,685000,683999,680000,680000,659000,675000,670000,675000,692500,699000,695000,695000,690000,689500,690000,690000,679000,679000,669000,677999.5,663500,649000,639450,620000,649000,695000,690000,695000,699000,699000,699000,699000,699000,704000,789999,869000,854000,850000,869000,861500,869000,872000,869000,809500,819000,849500,850000,869000,910000,904999.5,925000,980000,939000,936944,993500,999000,1080000,1089500,965000,922000,944000,1003944,1060000,1020000,1008888,1100000,1100000,1050000,1050000,1100000,1088000,1125000
"Mid City","Los Angeles","CA","Los Angeles-Long Beach-Anaheim","Los Angeles",21,,,,,,,,,,,,,,,,,,,,,,,,,,,,,,,,,,,,,,,,,,,,,,,,,,,,,,,,,,1263999.5,1253500,1199000,1227000,1179000,1100000,1100000,1100000,1100000,1211000,1150000,1150000,1200000,1295000,1324500,1320000,1359000,1325000,1300000,1290000,1399000,1299000,1275000,1339000
"Canarsie","New York","NY","New York","Kings",22,598999,585000,585000,585000,585000,585000,579500,577000,577000,559000,550000,549500,549000,550000,550000,550000,545000,548000,540000,539000,529000,539000,529990,522000,518500,519000,517000,504499.5,519500,539000,532000,499000,499000,499000,499500,499000,499000,530000,539000,530000,544000,539000,539000,549000,549000,549000,539998,522000,549000,519000,519000,539000,550000,565000,579000,599000,595000,598750,549000,549000,570000,585000,585000,589000,599000,599000,599000,599499.5,629000,629000,629499.5,637499.5,649000,645000,638000,638000,625000,649000,650000,650000,649999.5
"Northwest","El Paso","TX","El Paso","El Paso",23,385000,349500,327500,339000,344375,348850,339900,361950,399000,399000,410000,404999.5,392000,399000,399000,392000,385000,390750,379000,379000,389000,399000,389950,395000,397000,394900,399000,387500,379000,377000,392450,384950,379950,369000,369000,369900,369900,365000,365000,374450,364725,364725,369250,395000,396700,377400,384900,374500,369000,360750,362000,364888,349907.5,349900,354500,360000,360000,369800,369900,385000,409900,399900,410000,387000,389975,394950,390000,395500,393500,390000,390000,384000,374900,360000,369750,394450,367475,349950,364000,366950,353950
"Logan Square","Chicago","IL","Chicago","Cook",24,,,,,,,,,,,,,,,,,,,,,,,,,,,,,,,,,,,,,,,,,,,,,,,,,,,,,,,,,,,,399000,384200,337450,387450,399000,399000,399000,399375,399900,425000,425000,427000,429000,419000,439000,439000,477450,467450,449900,450000,450000,457450
"Preston Hollow","Dallas","TX","Dallas-Fort Worth","Dallas",25,,,,,,,,,,,,,,,,,,,,,,,,,,,,,,,,,,,,,,,,,,,,,,,,,,,,,1899000,1697500,1697500,1697500,1697500,1995000,1895000,1897500,1935000,1935000,1950000,1965000,1895000,1895000,2025000,1850000,1872500,1749000,1697000,1724000,1825000,1902500,1749500,1749500,1800000,1699000,1767500,1780000,1749500
"South Ozone Park","New York","NY","New York","Queens",26,549500,549000,546500,529000,554500,549000,544000,539000,549000,525000,526500,525000,525000,525000,519950,499000,499000,529000,519000,519000,499450,499000,498400,498400,489000,489000,475000,462000,459000,462000,484450,499000,502499.5,499000,494499.5,499000,514500,514500,554000,559000,544000,550000,559000,569000,582000,659000,675000,679000,679499.5,689000,689999,689000,684499.5,639000,672499.5,669000,669000,689000,699000,694000,679000,679000,679000,679000,669000,669000,677499.5,682500,695000,670000,682500,722000,739000,704500,734499.5,695000,695000,749000,737000,729000,729000
"Ahwatukee Foothills","Phoenix","AZ","Phoenix","Maricopa",27,,,,,,,,,,,,,,,,,,,,,,,,,,,,,,,,,,,,,,,,,,,,,,,,,,,,,,,,,,,540000,584900,596950,509500,552950,554900,562400,538000,519950,509000,525000,554000,559000,553450,535000,589000,574450,539950,559000,569900,565950,549500,532200
"Evergreen","San Jose","CA","San Jose","Santa Clara",28,,,,,,,,,,,,,,,,,,,,,,,,,,,,,,,,,,,,,,,,,,,,,,,,,,,,1649000,1557500,1500000,1537500,1498000,1488499.5,1428000,1420000,1435000,1442500,1535000,1558500,1595000,1459000,1498800,1445000,1348500,1399999,1398000,1349800,1428999.5,1458000,1500000,1500000,1499000,1561500,1622000,1667098.5,1625000,1654444
"Northridge","Los Angeles","CA","Los Angeles-Long Beach-Anaheim","Los Angeles",29,,,,,,,,,,,,,,,,,,,,,,,,,,,,,,,,,,,,,,,,,,,,,,,,,,,,,,,,,,,,,,,799000,879000,939000,974000,959900,985000,1054950,1009999,912450,879000,899000,899000,894450,875000,862000,875000,869000,869000,882000
"Little Village","Chicago","IL","Chicago","Cook",30,,,,,,,,,,,,,,,,,,,,,,,,,,,,,,,,,,,,,,,,,,,,,,,,,,,,,,,,,,,,,,,,,,,,,152200,151750,159900,157400,152000,149500,142000,139400,122500,125000,144950,149900,149900
"Far Rockaway","New York","NY","New York","Queens",31,359000,359000,364450,399000,375000,375000,390000,387500,387500,359000,315000,315000,304499.5,315000,309000,299000,299000,299900,299900,317000,299999,302500,315000,319499.5,321300,329000,329000,322450,319450,325000,322000,299999,299000,290000,329000,329499.5,329000,3e+05,349000,344000,354500,349000,369000,375000,369000,399000,396500,395000,399000,398000,390000,379500,369000,369000,394500,399000,399000,4e+05,425000,425000,424950,4e+05,420000,420000,399000,419000,425000,409000,419000,399000,399000,399499.5,404499.5,460000,454500,449000,499000,489000,499000,469000,459000
"East Elmhurst","New York","NY","New York","Queens",32,,,,,,,,,,,,,,,,,,,,,,,,,,,,,,,,,,,,,,,,,,,,,,,,,,,,,,,,,,,,,827000,799000,899500,969000,879500,875000,929000,929000,914500,929000,9e+05,929000,910000,910000,904999.5,929000,875000,887000,929000,949000,949000
"South Dorchester","Boston","MA","Boston","Suffolk",33,,,,,,,,,,,,,,,,,,,,,,,,,,,,,,,,,,,,,,,,,,,,,,449450,439900,454450,464450,479900,479000,496000,520999,509450,509450,499000,515000,509000,509000,509000,504450,499900,503999,514900,514900,515000,554450,539900,539000,549950,549000,514900,504950,525000,529950,579000,554450,589000,565000,582000,565000
"Princess Anne","Virginia Beach","VA","Virginia Beach","Virginia Beach City",34,524900,5e+05,539000,539000,533000,529900,531450,533000,549900,547500,547500,529900,529900,539900,549900,524900,523900,535000,545000,541200,542500,553450,537450,537450,549900,545900,506825,502500,499900,525900,529900,527450,525000,529900,565000,557450,559900,560000,562500,565000,565000,550000,557900,549450,557900,554900,551900,549000,542900,549450,542900,524900,539900,542900,542900,549500,549000,542900,531492.5,517450,5e+05,487617.5,499450,499450,489900,515705,499000,505000,499450,499450,475305,496900,491000,5e+05,505250,529000,524949.5,532445,539000,549900,539900
"Kingwood Area","Houston","TX","Houston","Harris",35,,,,,,,,,,399900,406450,399900,410000,443100,444050,424950,397000,398000,382445,384990,357400,359900,343900,340000,338500,339450,340000,342400,316500,328950,332900,319900,316200,319450,337995,350495,364445,359900,374950,375000,369900,368000,385000,399900,415000,424900,422450,420000,399000,361445,425000,427500,425000,427500,410000,410000,470750,449000,409000,402321,383990,415000,428000,439000,449900,449900,432450,449900,425000,429450,399900,382950,388950,422500,425000,422500,432500,430000,430000,456445,435000
"Clear Lake","Houston","TX","Houston","Harris",36,,,,,,,,,,,,,,,,,,,,,,,,,,,,,,,,,,,,,,,,,,,,,,,,,,,,,,,,,,,,,,,,435000,439000,432500,504500,539900,511900,594430.5,603577.5,615400,615400,617400,625400,620900,614990,599152,614990,607152,586990
"Albany Park","Chicago","IL","Chicago","Cook",37,,,,,,,,,,,,,,,,,,,,,,,,,,,,,,,,,,,,,,,,,,,,,,,,,,,,,,,,,,,,,,,354500,366950,350000,350000,374900,345000,385000,395500,399000,399000,415500,402950,444500,454950,454900,449900,432450,437000,434450
"Richmond Hill","New York","NY","New York","Queens",38,559000,559000,554500,549000,554500,550000,549500,549000,549000,549000,550000,549000,540000,519500,549000,499495,515000,499000,499990,499990,499900,499900,499000,499000,499000,479999.5,489000,489000,499000,529000,520000,499000,489000,499000,534500,549000,549000,540000,549000,540000,559000,589000,584000,599000,590000,579000,589000,589000,579000,679000,699000,624000,629000,629000,629000,629950,639000,643944,699000,699000,662000,649000,649000,649000,635000,669000,669999,679000,689000,699000,699000,680000,740000,729000,714000,695000,695000,729000,729000,699000,704000
"Centennial Hills","Las Vegas","NV","Las Vegas","Clark",39,,,,,,,,,,,,,,,,,,,,,,,,,,,,,,,,,,,,,,,,,,,,,,,314994.5,314995,295950,290000,314500,340000,360000,366950,397450,374900,389224,365000,364950,344000,348000,387950,399900,449500,436990,479000,499999,475000,475000,470000,442995,429475,433470,404949.5,399875,387000,394950,395000,397000,409990,442500
"Roxbury","Boston","MA","Boston","Suffolk",40,,,,,,,,,,,,,,,,,,,,,,,,,,,,,,,,,,,,,,,,,,,,,,,,,,,484000,495000,519999,544450,525000,499900,514900,519999,524900,509900,519450,539000,549000,529900,539000,529900,499999,499000,549000,549000,593500,599000,635000,607000,635000,599000,609450,599000,599900,550000,534900
"Lone Mountain","Las Vegas","NV","Las Vegas","Clark",41,,,,248900,249900,259956,235725,230000,227450,230000,201000,199950,189000,168500,165000,164000,175000,179500,184000,191815,199000,190000,195000,184950,184900,198900,198000,199000,220245,235000,225000,227500,225000,224000,232500,229758,225500,226000,250000,254992,254996,274900,282450,294000,286500,260000,273250,295000,3e+05,299000,308700,307500,316700,322919,322944,316950,319943.5,328450,322493.5,319950,325000,324990,325000,330000,327400,324950,330000,336000,339995,330000,335500,320000,314000,339900,339950,339500,339000,347700,345900,349700,349900
"Summerlin North","Las Vegas","NV","Las Vegas","Clark",42,,,,,,,,,,,,,,,,,,,,,,,,,,,,,,,,,,,,,,,449000,422500,399900,459900,454950,449000,449990,454444,441944,449500,460000,437616.5,435000,430000,440000,447000,469999,551945,529131.5,575000,542990,529900,542990,549000,549990,549990,534888,526374,525000,527761.5,542000,562696.5,546950,560685,547400,549950,528980,550000,550000,550000,549900,549900,535000
"Lake View","Chicago","IL","Chicago","Cook",43,,,,,,,,,,,,,,,,,,,,,,,,,,,,,,,,,,,,,,,,,,,,,,,,,,,,,,,,,,,,,,1549000,1597000,1549000,1424000,1399900,1462500,1437500,1387000,1324999.5,1350000,1299999,1350000,1362500,1299000,1250000,1375000,1399450,1350000,1400000,1499000
"Woodland Hills","Los Angeles","CA","Los Angeles-Long Beach-Anaheim","Los Angeles",44,,,,,,,,,,,,,,,,,,,,,,,,,,,,,,,,,,,,,,,,,,,,,,,,,,,,,,,,,,,,,,,,,,1150000,1187000,1175000,1150000,1150000,1150000,1290000,1219500,1199000,1250000,1272500,1295000,1298500,1295000,1229000,1257900
"Greater Uptown","Houston","TX","Houston","Harris",45,,,,,,,,,,,,,,,,,,,,,,,,,,,,,,,,,,,,,,,,,,,,,,,,,,,,,,2799000,3050000,2900000,3400000,3447500,3275000,2795000,3100000,3087446.5,2847500,2800000,2800000,2625000,2772500,2974450,3235000,3250000,3295000,3495000,3297000,2924500,2972500,2950000,2787500,2690000,2662000,2712500,2775000
"Brighton Park","Chicago","IL","Chicago","Cook",46,,,,,,,,,,,,,,,,,,,,,,,,,,,,,,,,,,,,,,,,,,,,,,,,,,,,,,,,,,,,,,,,,153700,152450,168500,179900,179950,180000,199900,199900,199000,199000,183900,181400,170000,195250,179000,199900,199900
"Encino","Los Angeles","CA","Los Angeles-Long Beach-Anaheim","Los Angeles",47,,,,,,,,,,,,,,,,,,,,,,,,,,,,,,,,,,,,,,,,1615000,1495000,1750000,1899000,1909500,1849000,1850000,1749000,1899000,1850000,1962500,1887500,1944500,1999900,1929000,2000500,2000500,1995000,1895000,1895000,1997750,2e+06,2000500,1999499.5,2075000,1987000,2145000,2175000,2325000,2292500,2400000,2400000,2397500,2397500,2400000,2499000,2382000,2349500,2265000,2290000,2229500,2199499.5
"Memorial","Houston","TX","Houston","Harris",48,,,,,,,,,,,,,,,,,,,,,,,,,,,,,,,,,,,,,,,,,,,,,,,,,,,,,,,,,,,,,,1199000,1109754,999900,916500,916500,912000,907000,899000,869000,9e+05,927000,895000,897000,879900,889000,822000,695000,699000,677450,699900
"Briargate","Colorado Springs","CO","Colorado Springs","El Paso",49,365000,370000,367500,359900,349900,347000,345000,339950,319900,317050,309900,320000,301300,306100,302800,315750,316925,315300,319000,317325,336950,330900,325000,329900,325950,329450,325000,325000,327500,325000,339900,350000,339950,343925,346450,343950,338000,349900,355000,359900,357450,355000,355000,361625,372000,365000,382400,373531,369450,399900,397500,379450,379900,369900,369900,375000,377000,379900,377325,382500,379950,374450,379950,395000,399000,4e+05,387500,379900,375450,379900,388250,387500,386250,385000,401900,421500,426250,421500,416500,418950,403450
"Carmel Valley","San Diego","CA","San Diego","San Diego",50,,,,,,,,,,,,,,,,,,,,,,,,,,,,,,,,,,,,,,,,,,,1389000,1389000,1399000,1399000,1498000,1550000,1575000,1599000,1549000,1532450,1565000,1469000,1429000,1429000,1482450,1499000,1549499.5,1499000,1549500,1549500,1649000,1499900,1459000,1410000,1459000,1499500,1497000,1495000,1469000,1492500,1423500,1450000,1499000,1549000,1512500,1500000,1515000,1512000,1499000
"Ocean Hill","New York","NY","New York","Kings",51,,,,,,,,,,,,,,,,,,,,,,,,,,,,,,,,,,,,,,,,,,,,,,,,,,,,,,,769000,715000,729000,799000,749000,748000,749500,749000,749000,799999,849000,849000,829999,809499,750000,767500,840000,850000,850000,899000,899499.5,899999,899999,998000,959000,998000,998000
"Mid Wilshire","Los Angeles","CA","Los Angeles-Long Beach-Anaheim","Los Angeles",52,,,,,,,,,,,,,,,,,,,,,,,,,,,,,,,,,,,,,,,,,,,,,,,,,,,,,,,,,,,,,,,,2444500,2680000,2999999,2695000,2899999,2649500,2700000,2624500,2737250,2749000,2495000,2700000,2750000,2722000,2695000,2695000,2847500,2590000
"Canyon Country","Santa Clarita","CA","Los Angeles-Long Beach-Anaheim","Los Angeles",53,,,,,,,,,,,,,,,,,,,,,,,,,,,,,,,,,,,,,,,,,,,,,599500,597450,599450,599900,644797.5,594450,582495,610000,599999,620000,642000,629000,627000,644495,635000,644495,666000,644495,657000,650000,654900,662000,675000,675000,674900,657000,649000,644000,670000,737495,699900,749900,715000,699999,699994.5,699000,689000
"Greater Heights","Houston","TX","Houston","Harris",54,,,,,,,,,,,,,,,,,,,,,,,,,,,,,,,,,,,,,,,,,,,,,,522000,549500,575000,562250,562250,579000,579000,577000,584450,589000,599125,649000,649000,698000,688900,644450,682500,662500,675000,675000,662450,7e+05,699450,692450,699900,699000,669900,667400,662900,689475,649900,659950,649000,679950,721500,766000
"Tarzana","Los Angeles","CA","Los Angeles-Long Beach-Anaheim","Los Angeles",55,,,,,,,,,,,,,,,,,,,,,,,,,,,,,,,,,,,,,,,,,,,,,,,1675000,1599500,1532450,1499450,1499000,1534949.5,1452000,1534450,1595000,1537000,1399000,1389000,1597000,1595000,1600000,1597500,1562000,1735000,1717000,1699000,1644000,1699000,1699000,1749000,1774000,1799000,1689500,1649000,1714975,1579000,1597000,1595000,1699000,1754950,1699499.5
"Wakefield","New York","NY","New York","Bronx",56,447000,440500,4e+05,412500,432750,425250,420000,449000,475000,475000,475000,444000,439000,449000,449000,461000,450000,449000,444000,449000,432500,435000,427000,427000,435000,463500,475000,475000,475000,469000,475000,479000,479000,489000,529000,529000,529000,527000,499000,499500,499000,499000,499000,519000,519000,519000,519000,499000,499000,499000,499000,499000,499000,499000,499000,489000,489000,499000,479000,495000,485000,485000,485000,485000,539000,599000,599000,579000,539000,564500,535000,529000,529000,529000,519000,519000,549000,559999,569000,569000,569000
"Corona Valley","Eastvale","CA","Riverside","Riverside",57,,,,,,,,,,,,,,,,,,,,,,,,,,,,,,,,,,,,,,,,,,,,,,,509000,519000,508000,509995,518000,518000,515000,515000,519900,525000,525000,529000,524900,519000,509500,524900,529000,539000,539000,545000,539450,549900,539900,546500,539894,545000,538500,548000,548000,549000,548000,549900,550000,560000,562500
"North Dallas","Dallas","TX","Dallas-Fort Worth","Dallas",58,1387500,1340000,1298750,1284500,1270000,1237000,1260000,1239500,1238250,1212466,1224999,1250000,1199000,1199000,1212466.5,1274999,1349000,1350000,1350000,1277000,1295000,1299000,1299450,1298990,1299500,1298990,1279000,1279000,1245000,1249000,1259000,1195000,1125000,1155000,1212500,1292000,1258750,1369000,1395000,1439500,1495000,1495000,1463500,1484500,1449450,1484500,1449450,1449900,1450000,1450000,1429000,1437500,1425000,1454000,1495000,1499900,1496500,1499000,1495000,1499000,1595000,1700000,1692500,1650000,1698000,1675000,1650000,1622000,1650000,1599000,1562500,1549750,1549250,1549500,1597000,1585000,1550000,1666500,1595000,1595000,1625000
"Green Valley North","Henderson","NV","Las Vegas","Clark",59,,,,,,,,,,,,,,,,,,,,,,,,,,,,,,,,,,,,,,,,,,,,,,,,,,,,,398000,374900,405500,375000,360000,351950,339450,359900,364950,364950,374450,369999.5,369900,367000,389200,399900,399900,395000,385000,386000,385000,375000,374950,375000,380000,379900,379950,376745,369950
"Powers","Colorado Springs","CO","Colorado Springs","El Paso",60,290950,286250,279900,279900,279900,281705,285000,289900,289900,287000,284650,279650,275300,275250,275000,269900,269900,265450,269900,269900,274900,269900,263497.5,259947.5,263447.5,269950,273000,272000,270000,269900,275450,279900,268500,268500,284700,274450,269900,275000,275000,270500,270500,275000,276449.5,286200,290000,292199.5,289900,277450,295000,299900,298000,299974.5,299949.5,299900,299900,294950,290000,290000,289000,284900,284900,284995,294950,305000,3e+05,310000,299999,292872.5,295000,295000,299000,299000,303422.5,312000,337900,329450,329700,324950,325000,321900,319900
"St. Albans","New York","NY","New York","Queens",61,492000,489000,473950,469000,449800,449000,449000,449000,452450,409000,399999,390000,409000,432500,429999.5,398988,429499.5,429000,396995,399000,389999,395900,399000,399000,369999.5,395900,399000,399000,396500,409500,419000,429900,426950,425000,439000,439000,479000,479000,479000,478900,469000,478950,485000,499000,499000,509000,479000,479000,472500,469000,479000,479000,479000,479000,479000,479000,489000,537000,544000,539000,5e+05,517277.5,519000,575000,579000,579000,579000,599999,592499.5,609000,592499.5,559000,579000,589000,580000,589999,589999,599000,639999,639499.5,677000
"Southwest Colorado Springs","Colorado Springs","CO","Colorado Springs","El Paso",62,679950,650000,627000,629000,612000,585364,599000,625000,624500,624500,625000,636870,604997.5,6e+05,590000,595000,619500,642450,629950,599500,615000,599000,575000,572950,615000,6e+05,632250,6e+05,6e+05,585000,599950,604949.5,649900,655000,695000,674900,758950,732375,698000,725000,688950,650000,664500,625000,625000,625000,670000,670000,625000,599500,602500,625000,629000,671950,682400,580000,563750,562500,580000,612500,649900,599950,644450,625000,625000,654000,639500,639000,654000,672450,690000,699700,750000,725000,699000,692500,724900,699700,712400,757000,751500
"South Corona","Corona","CA","Riverside","Riverside",63,,,,,,,,,,,,,,,,,,,,,,,,,,,,,,,,,,,,,,,,,,,,,,,749499.5,744500,734500,740000,699900,662894,629000,699450,729450,698500,689450,681100,674500,680500,719000,699990,759000,649000,669000,690000,649900,739900,824900,774990,729000,729000,694450,749500,725000,829900,839450,829900,849000,791950,775000
"Summerlin South","Las Vegas","NV","Las Vegas","Clark",64,,,,,,,,,,,,,,,,,,,,,,,,,,,,,,,,,,,,,,,,,,,,,,,,,,,,,,,1407000,1250000,1249900,1239900,1299950,1249900,1339000,1375000,1362000,1344000,1269450,1100000,1272000,1237400,1125000,1095000,1199950,1095000,1090000,1150000,1074500,1174987.5,1099000,1049500,917444,1049000,1095950
"Rochdale","New York","NY","New York","Queens",65,498000,497000,490000,476000,475000,474000,465000,467000,499000,499000,495888,495888,498000,495888,495000,479000,479000,484495,462000,459000,462000,464000,459000,459000,465000,459000,459000,459000,459000,450000,434000,459000,4e+05,436000,489499.5,492499.5,499000,499000,499000,499000,519000,525500,529000,525000,529000,529000,529000,537000,549999.5,534000,579000,579000,579000,579000,582000,574499.5,574499.5,579000,569000,549000,529000,515555,529000,529000,599000,649000,594000,599000,619999,650000,599999,639000,599000,599000,599000,649000,649999,670000,679900,699000,699000
"Hollywood Hills","Los Angeles","CA","Los Angeles-Long Beach-Anaheim","Los Angeles",66,,,,,,,,,,,,,,,,,,,,,,,,,,,,,,,,,,,,,,,,,,,,,,,,,,,,,,,,,,,,,,,,3424500,2995000,2824500,2799000,2850000,2999000,2999000,2697500,2725000,2750000,2995000,2869000,2990000,3297000,3347500,3750000,3695000,3695000
"The Lakes","Las Vegas","NV","Las Vegas","Clark",67,,,,,,,,,,,,,,,,,,,,,,,,,,,,,,,,,,,,,,,,,,,,,,,,,,,,,,,,,,,,,,,,765000,749900,718169,721800,698315,699394,698315,614900,698000,614900,625500,575000,595000,649000,620000,620000,620000,560000
"La Jolla","San Diego","CA","San Diego","San Diego",68,,,,,,,,,,,,,,,,,,,,,,,,,,,,,,,,,,,,,,,,,,,,,,,,4950000,4150000,4074999.5,4150000,4122500,3680000,3650000,4099500,3999000,4200876,3999000,3950000,4200876,3850000,3695000,3495000,3950000,4395000,3788000,3925000,4497500,4647500,4447500,4350000,4500000,4600000,4500000,4200000,3999000,3924000,3880000,3985000,3998997.5,4290000
"Laurelton","New York","NY","New York","Queens",69,,,,,,,,,,,,,,,,,,,,,,,,,,,,,,,,,,,,,,,,,,,,,,,,,,,,,,,,,,,,,,,694500,609000,699000,649499.5,589000,599000,649999,699000,665000,649999,707499.5,729000,729000,729000,749000,759000,729000,729000,699999
"Rosedale","New York","NY","New York","Queens",70,,,,,,,,,,,,,,,,,,,,,,,,,,,,,,,,,,,,,,,,,,,,,,,,,,,,,,,,,,,,,,559000,599000,629000,625000,659499.5,699000,699000,639000,639000,639000,649999,639999,639000,627000,644000,650000,689000,7e+05,699000,7e+05
"Northwest Colorado Springs","Colorado Springs","CO","Colorado Springs","El Paso",71,,,,,,,,,,,,,,,,,,,,,,,,,,,,,,,,,,,,,,,,,,479950,417500,425000,419900,399950,399000,385000,385000,389900,388750,399950,399900,407499.5,422450,475000,475000,481900,475000,514900,437331,425000,439900,469900,434500,437450,449900,449900,426000,449450,449950,477500,460000,469900,469900,449950,450000,429900,431950,429950,447300
"Forest Park","Springfield","MA","Springfield","Hampden",72,,,,,,,,,,,,,,,,,,,,,,,,,,,,,,,,,,,,,,,,,,,,,141900,143749.5,142499.5,149900,149950,147400,144900,137400,144900,134900,146800,149900,149949.5,145000,132000,144900,144400,134499.5,134499.5,139900,139450,139450,139900,140000,144900,139900,139000,129950,129900,135000,139450,142400,139000,135122,144900,137561,144900
"Great Bridge","Chesapeake","VA","Virginia Beach","Chesapeake City",73,464900,467950,466000,459900,455000,458400,477777,476388.5,480900,478838.5,476388.5,477777,469900,469900,457900,449450,439900,419500,419500,420950,419000,419950,399500,405900,411900,414900,403900,404650,404150,418900,428575,419900,404625,409900,405450,399900,404900,428700,420000,429900,439000,439900,434950,429900,425000,417950,412745,408150,404400,412322.5,399900,391900,397900,404400,396000,409625,403400,437950,444900,444900,439900,439894,439644,450500,451920,451840,452585,438900,459900,454900,449950,449900,434400,427827.5,434900,434900,439900,434900,434900,434400,429900
"Greenbrier East","Chesapeake","VA","Virginia Beach","Chesapeake City",74,498500,499000,489500,489000,479950,479950,495000,491875,529000,483900,483900,492500,491750,476950,469000,449950,468450,459900,455140,449945,449990,439900,389900,388900,389900,390950,381900,391900,416985,426900,433912.5,438900,416985,406000,433912.5,465500,454995,440870,448200,416900,450000,432427.5,429900,438565,426500,435725,428950,449500,448812.5,444740,412900,412900,412900,419445,412900,412900,404400,403900,409900,403900,401900,403900,406233,409400,415400,415795,409844,408150,409400,409844,419900,419990,417325,420900,417900,419400,417162.5,419650,419062.5,418862.5,429900
"Anthem","Henderson","NV","Las Vegas","Clark",75,,,,,,,,,,,,,,,,,,,,,,,,,,,,,,,,,,,,,,,,,,,,,,,,,,,,,,,,,,,,747444,709450,764900,710000,695000,722449.5,695000,704900,698750,740000,770000,797000,797000,772000,750000,750000,750000,8e+05,8e+05,781450,774900,795000
"Sheep Mountain","Las Vegas","NV","Las Vegas","Clark",76,,,,,,,,,,,,,,,,,,,,,,,,,,,,,,,,,,,,,,,,,,,,,,,,,,,,,,408381,392492.5,394990,397495,402189.5,414101,409096,398990,404894.5,411990,406799,376950,374000,412437,420000,420000,407990,422062,431944,423888,435000,421950,419450,417000,409900,460600,499850,494145
"Westgate","Henderson","NV","Las Vegas","Clark",77,,,,,,,,,,,,,,,,,,,,,,,,,,,,,,,,,,,,,,,,,,,,,,,,,,,444950,422000,439900,454990,499900,528950,463551.5,472113,450869,499999,494999.5,483401.5,483401.5,485000,492450,486500,492400,5e+05,542450,535000,599450,552000,520000,549900,550000,550000,541944,529950,534888,577354.5,549450
"Elkhorn","Omaha","NE","Omaha","Douglas",78,,,,,,,,,,,,,,,,,,,,,,,,,,,,,,,,,,,,,,,,,,,,,,,,,,,,,,,,,,,,,,473997.5,489000,498425,450000,450000,426500,430225,423950,426500,430225,433950,450000,461000,469000,469450,469450,467512,467512,467512,479950
"North Stamford","Stamford","CT","Stamford","Fairfield",79,,,,,,,,,,,,,,,,,,,,,,,,,,,,,,,,,,,,,,,,,,,,,,,,,,,,,,,,,,,,,,,,,,1159000,1249000,1249000,1199000,1249000,1125000,1125000,1099000,1125000,1212500,1125000,1099000,1099000,1072000,1045000,1125000
"Pine Hills","Albany","NY","Albany","Albany",80,,,,,,,,,,,,,,,,,,,,,,,,,,,,,,,,,,,,,,,,,,,,,,,,,,,,,,,,,,,,,177900,178450,180500,183450,192200,194500,194500,169900,174450,175000,169900,171200,173750,188000,180000,187000,167450,169900,184500,179000,182000
"Lake Houston","Houston","TX","Houston","Harris",81,,,,,,,,,,,,,,,,,,,,,,,,,,,,,,,283950,309900,290425,289900,290925,342868,344443,342868,366990,365945,374945,379900,365990,369490,401995,416920,384990,384990,422840,438490,437572,419900,429167,416925,402265,407470,429167,441199,434083.5,420908.5,426992,434692.5,430947.5,448189,430781,435056,429000,424083.5,429553.5,429000,422467,418825.5,409533,409533,409000,409696,427720,427900,427540,430000,411500.5
"Pinnacle Peak","Scottsdale","AZ","Phoenix","Maricopa",82,,,,,,,,,,,,,,,,,,,,,,,,,,,,,,,,,,,,,,,,,,,,,,,,,,,,,,,,,,,,,,,,,,1670000,1749000,1767000,1687250,1880000,1675000,1595000,1495000,1597250,1575000,1585000,1595000,1650000,1560000,1705000,1790000
"New Tampa","Tampa","FL","Tampa","Hillsborough",83,,,,,,,,,,,,,,,,,,,,,,,,,,,,,,,,,,,,,,,,,,,,,,,,,,,,,,,,,,,,,325000,317500,309900,304900,310950,323990,309900,321995,325900,321750,321990,328690,329750,325900,331290,333990,335595,329900,326945,325000,328495
"Mill Basin","New York","NY","New York","Kings",84,,,,,,,,,,,,,,,,,,,,,,,,,,,1349000,1399000,1175000,1349000,1299000,1175000,1199000,1199000,1224500,1369000,1369000,1224500,1369000,1399000,1384000,1369000,1369000,1399000,1399000,1389000,1379000,1379000,1399000,1379000,1524000,1549000,1379000,1299000,1199000,1299000,1299000,1349000,1349000,1414500,1450000,1450000,1399500,1349000,1547000,1499000,1399000,1349000,1290000,1199000,1290000,1249000,1299000,1349000,1400000,1349000,1349000,1199000,1149500,1299000,1299000
"Osterville","Barnstable","MA","Cape Cod","Barnstable",85,,,,,,,,,,,,,,,,,,,,,,,,,,,,,,,,,,,,,,,,,,,,,,,,,,,,,,,,,2974500,2772500,2795000,2722000,2695000,2795000,2595000,2672500,2795000,2595000,2469000,2359500,2359500,2495000,2495000,2495000,2595000,2595000,2650000,2475000,2475000,2595000,2545000,2485000,2595000
"Northwest Harbor","East Hampton","NY","New York","Suffolk",86,,,,,,,,,,,,,,,,,,,,,,,,,,,,,,,,,,,,,,,,,,,,2395000,2345000,2295000,2272500,2250000,2495000,2350000,2350000,2250000,2350000,2295000,2367000,2464500,2490000,2295000,2395000,2495000,2195000,2195000,2345000,2500000,2610000,2895000,2950000,2950000,2562500,2595000,2547500,2595000,2595000,2645000,2750000,3200000,3200000,3025000,3200000,3322500,3275000
"The Dominion","San Antonio","TX","San Antonio","Bexar",87,,,,,,,,,,,,,,,,,,,,,,,,,,,,,,,,,,,,,,,,,,,,,,,,,,,,,,,,,,,,,,,,922500,1040000,1097500,1047500,1112500,997000,995000,1047500,995000,929000,947000,1047500,995000,995000,939499.5,925000,939999,939999
"Alafaya","Orlando","FL","Orlando","Orange",88,,,,,,,,,,,,,,,,,,,,,,,,,,,,,,,,,,,,,,,,,,,,,,,327551,328725.5,318000,319995,324900,320000,314900,309990,309900,302495,309990,310490,295000,299949.5,299999,318857.5,304900,307897.5,314000,328938.5,326495,336450,331950,328945,332000,328220,320000,337900,341000,342000,337900,333900,330000,337900,340000
