"RegionName","City","State","Metro","CountyName","SizeRank","2010-02","2010-03","2010-04","2010-05","2010-06","2010-07","2010-08","2010-09","2010-10","2010-11","2010-12","2011-01","2011-02","2011-03","2011-04","2011-05","2011-06","2011-07","2011-08","2011-09","2011-10","2011-11","2011-12","2012-01","2012-02","2012-03","2012-04","2012-05","2012-06","2012-07","2012-08","2012-09","2012-10","2012-11","2012-12","2013-01","2013-02","2013-03","2013-04","2013-05","2013-06","2013-07","2013-08","2013-09","2013-10","2013-11","2013-12","2014-01","2014-02","2014-03","2014-04","2014-05","2014-06","2014-07","2014-08","2014-09","2014-10","2014-11","2014-12","2015-01","2015-02","2015-03","2015-04","2015-05","2015-06","2015-07","2015-08","2015-09","2015-10","2015-11","2015-12","2016-01","2016-02","2016-03","2016-04","2016-05","2016-06","2016-07","2016-08","2016-09"
"Northeast Dallas","Dallas","TX","Dallas-Fort Worth","Dallas",1,,,,,,,,,,,,,,,,,,,,,,,,,,,,,,,,,,,,,,,,,,,,,,,,,,,,,,,,,,,,1595,1597.5,1600,1590,1600,1550,1550,1550,1550,1450,1412.5,1500,1500,1732.5,1700,1600,1697.5,1600,1600,1650,1700
"Paradise","Las Vegas","NV","Las Vegas","Clark",2,,,,,,,,,,,,,,,,,,,,,,,,1195,1195,1185,1195,1195,1195,1150,1150,1150,1100,1100,1100,1100,1150,1150,1150,1175,1200,1200,1200,1200,1200,1200,1200,1250,1250,1250,1250,1275,1295,1250,1250,1250,1250,1295,1250,1250,1290,1295,1300,1295,1315,1300,1300,1350,1295,1300,1300,1300,1350,1350,1350,1350,1350,1295,1350,1350
"Maryvale","Phoenix","AZ","Phoenix","Maricopa",3,,,,,,895,937.5,895,875,875,899,850,850,850,850,850,850,850,850,850,850,845,800,825,825,850,850,875,895,895,895,895,895,875,875,850,850,850,850,850,850,850,850,867.5,850,875,850,850,850,850,872.5,882,895,887,900,895,895,895,900,899,898,900,925,925,925,931.5,935,925,925,945,950,950,975,970,977.5,965,987.5,995,950,992.5
"Upper West Side","New York","NY","New York","New York",4,,,,,,,,,,,,,,3012.5,3162.5,3175,3225,3390,3377.5,3400,3390,3632.5,3600,3682.5,3550,3495,3450,3500,3535,3595,3600,3600,3600,3459.5,3395,3300,3252.5,3295,3200,3400,3415,3337.5,3250,3272.5,3250,3200,3197,3100,3100,3080,3095,3195,3195,3150,3239,3295,3300,3350,3350,3325,3267,3197.5,3237,3300,3350,3300,3350,3350,3297.5,3244.5,3325,3325,3300,3350,3350,3300,3350,3297.5,3325,3300
"Upper East Side","New York","NY","New York","New York",5,,,,,,,,,,,,,2283,2600,2825,3000,3247.5,3100,3195,3185,3200,3295,3350,3433,3150,3095,3095,3052,2835,2800,2895,2950,2900,2850,2700,2675,2695,2795,2795,2995,2995,2950,2800,2800,2795,2850,2845,2895,2900,2900,2995,2995,3000,2895,3000,3000,3000,2997.5,2995,3000,2995,2995,2995,2995,2995,2995,2995,2995,2995,2995,2995,2995,2995,2950,3000,2995,2972.5,2995,2895,2875
"Sunrise Manor","Las Vegas","NV","Las Vegas","Clark",6,,,,,,,,,,,,950,950,950,900,950,982.5,950,925,925,900,900,900,900,900,900,950,950,900,900,947.5,950,925,900,900,900,900,925,950,950,945,949,950,950,949.5,950,950,950,950,950,950,995,995,982.5,995,995,995,999,995,995,1000,1000,1000,995,995,1039.5,1050,1000,1025,1000,1000,999.5,1050,1050,1050,1025,1050,1095,1050,1050
"Spring Valley","Las Vegas","NV","Las Vegas","Clark",7,,,,,,1172.5,1250,1295,1250,1295,1242.5,1295,1300,1295,1250,1300,1295,1300,1295,1250,1275,1275,1250,1200,1200,1200,1250,1245,1250,1200,1200,1200,1200,1200,1199,1200,1199,1199,1200,1200,1196,1200,1228,1250,1250,1250,1250,1250,1250,1250,1250,1250,1257,1290,1299,1295,1295,1295,1300,1325,1350,1347.5,1350,1350,1350,1350,1395,1350,1337.5,1350,1350,1350,1380,1400,1350,1350,1395,1350,1300,1350
"Paradise Valley","Phoenix","AZ","Phoenix","Maricopa",8,,1600,1662.5,1550,1722.5,1650,1587.5,1550,1472.5,1450,1472.5,1499.5,1450,1450,1395,1395,1400,1400,1362.5,1350,1295,1395,1397,1395,1395,1395,1350,1400,1400,1350,1337.5,1295,1295,1297,1295,1350,1300,1295,1350,1395,1375,1400,1350,1425,1450,1400,1450,1450,1400,1425,1450,1500,1500,1500,1500,1495,1500,1525,1600,1695,1700,1695,1600,1595,1595,1550,1500,1540,1550,1600,1700,1695,1650,1650,1650,1677.5,1595,1695,1600,1612.5
"Deer Valley","Phoenix","AZ","Phoenix","Maricopa",9,,,1190,1137.5,1172.5,1175,1149.5,1050,1074,1150,1185,1262.5,1200,1200,1195,1195,1195,1199,1195,1150,1100,1100,1150,1150,1150,1175,1195,1195,1150,1150,1195,1197.5,1200,1199,1195,1199,1200,1200,1195,1195,1195,1195,1150,1175,1150,1175,1195,1195,1195,1190,1195,1200,1250,1250,1250,1225,1235,1200,1200,1200,1250,1250,1250,1250,1250,1250,1282.5,1295,1295,1270,1282.5,1300,1295,1295,1275,1295,1295,1275,1292.5,1295
"Washington Heights","New York","NY","New York","New York",10,,,,,,,,,,,,,,,,,,,,,,1500,1500,1523,1537.5,1550,1600,1650,1595,1625,1575,1595,1595,1575,1550,1600,1595,1600,1650,1600,1700,1700,1687.5,1687.5,1675,1650,1700,1685,1685,1700,1700,1700,1687.5,1700,1700,1700,1700,1700,1687.5,1687.5,1700,1700,1700,1700,1700,1700,1700,1700,1700,1700,1700,1700,1700,1700,1700,1700,1700,1700,1700,1700
"Astoria","New York","NY","New York","Queens",11,,,,,,,,,,,,,,,,,,,,,,1650,1772.5,1850,1850,1800,1800,1800,1800,1925,1987.5,2150,2200,2200,2200,2200,2200,2200,2200,2300,2400,2300,2300,2300,2397.5,2500,2350,2300,2300,2300,2200,2125,2250,2200,2250,2200,2295,2400,2400,2500,2495,2500,2400,2500,2500,2500,2450,2400,2400,2400,2300,2425,2400,2400,2300,2400,2450,2300,2500,2500
"North Mountain","Phoenix","AZ","Phoenix","Maricopa",12,,,,,,,,,,,,900,950,999,1022.5,995,975,975,995,990,950,950,950,950,950,995,995,1000,1000,1000,1000,995,990,975,985,995,995,995,995,999,1025,1050,995,1025,1000,995,995,1000,1000,1000,1000,1075,1100,1095,1100,1095,1095,1095,1085,1095,1095,1095,1095,1120,1150,1100,1095,1100,1125,1095,1100,1150,1150,1175,1195,1150,1195,1150,1162.5,1182.5
"Far North","Dallas","TX","Dallas-Fort Worth","Dallas",13,,,,,,,,,,,,,,,,,,,,,,,,,,,,,,,,,,,,,,,,1650,1872.5,1892.5,1800,1750,1750,1800,1895,1772.5,1795,1850,1850,1980,2147.5,2000,2150,1995,1997.5,2100,1997.5,1995,2125,2000,2195,2100,1995,1900,1965,1900,1850,1925,2000,1900,1975,1962.5,1950,1965,1995,2195,1900,1895
"Williamsburg","New York","NY","New York","Kings",14,,,,,,,,,,,,,,,,,,,,,,3465,3368,2900,2525,2600,2750,2800,2700,2700,2800,3240,3200,3000,3099.5,3230,3099,2925,2900,3200,3200,3275,3450,3500,3500,2975,2897.5,2800,2900,2975,3000,3000,3197.5,3387.5,3500,3300,3254,3200,3325,3337.5,3225,3200,3250,3250,3400,3395,3300,3300,3259,3250,3300,3300,3200,3195,3550,3495,3294,2972.5,3300,3150
"Bedford Stuyvesant","New York","NY","New York","Kings",15,,,,,,,,,,,,,,,,,,1600,1550,1650,1625,1600,1500,1500,1500,1500,1600,1650,1650,1695,1700,1750,1700,1700,1700,1750,1799,1800,1800,1975,2000,2000,2000,2200,2200,2100,2025,2050,2000,2000,2050,2100,2100,2300,2399,2395,2495,2500,2450,2350,2250,2350,2499,2500,2400,2437.5,2400,2400,2399,2485,2500,2475,2495,2495,2400,2500,2475,2499,2500,2500
"East Side","El Paso","TX","El Paso","El Paso",16,,,,,,,,,,,,,,1062.5,1125,1197,1075,1100,1045,1097.5,1100,1090,1000,1095,1075,1100,1195,1100,1100,1100,1100,1095,1050,1000,995,995,995,1000,1000,1000,1000,1000,1050,1000,1000,995,995,995,995,995,995,1050,1050,1000,1000,1012.5,1000,1037.5,1050,1025,1000,1050,1077.5,1075,1095,1100,1100,1075,1050,1025,1000,1010,1000,1050,1050,1025,1050,1095,1000,1022.5
"Camelback East","Phoenix","AZ","Phoenix","Maricopa",17,,,,,,,,,,,,,,,,,,,,,,,,,,,,,,,,,,,,,,,,,,,,,,,,,,,,,,,,,,,,,,,1800,1800,1825,1700,1800,1650,1622.5,1595,1795,1800,1825,1897.5,1800,1900,1800,1650,1750,1800
"Alhambra","Phoenix","AZ","Phoenix","Maricopa",18,,,,,,,,895,872.5,850,945,950,900,850,875,895,850,850,850,875,850,895,835,850,850,899,875,895,899,885,899,925,950,900,900,900,900,900,899.5,887,895,895,875,900,900,895,895,895,895,900,900,937.5,950,982.5,950,975,950,950,950,937.5,995,995,975,1005,995,950,950,995,1000,998.5,1050,1000,1050,1050,1093.5,1095,1082.5,1055,1035,1100
"Flatbush","New York","NY","New York","Kings",19,,,,,,,,,,,,,,,,,,,,,,,,,,,,,,,,,,,,,,,,,,,,,,,,,,,,,,,,,,,2100,2100,2100,1897.5,2000,2100,2037,2200,1925,1900,1900,1875,1900,2150,2197.5,1950,1900,2025,2000,1900,1800,1800
"Crown Heights","New York","NY","New York","Kings",20,,,,,,,,,,,,,,,,,,,,,,1675,1750,1700,1800,1800,1700,1800,1700,1750,1800,1923.5,1922,1800,1800,1800,1897,1950,1993,2074.5,2300,2399,2300,2200,2200,2287.5,2275,2375,2200,2295,2225,2200,2200,2300,2474.5,2600,2899,2450,2399.5,2437.5,2400,2400,2499.5,2400,2399,2500,2399.5,2499,2499,2497,2500,2550,2687,2700,2849.5,2525,2525,2700,2600,2695
"Southeast Dallas","Dallas","TX","Dallas-Fort Worth","Dallas",21,,,,,,,,,,,,,997.5,1050,950,950,950,950,850,875,995,995,975,995,950,950,900,950,995,995,998.5,1000,995,963,995,996.5,1000,1025,1025,1025,995,995,950,962.5,950,950,950,995,1000,1050,1050,1050,1050,995,1000,1049.5,1050,1050,1050,1025,1000,995,1000,1000,1000,1000,1000,1000,1000,1035,995,995,1000,1125,1135,1175,1130,1150,1097.5,1100
"Harlem","New York","NY","New York","New York",22,,,,,,,,,,,,,,,,,,,,1650,1650,1795,1795,1800,1895,1795,1750,1750,1750,1775,1850,1800,1833,1800,1797.5,1775,1695,1729,1700,1841.5,1850,1787,1900,1925,1800,1875,1850,1928,1970,1925,1900,1950,1900,1950,1999.5,2027,2295,2075,2052.5,1939,2025,2055,2150,2300,2370,2200,2075,2075,2372.5,2395,2322.5,2255,2322.5,2345,2372.5,2075,2100,1939,2087.5,2065
"East Harlem","New York","NY","New York","New York",23,,,,,,,,,,,,,,,,,,,,,,,,,,,,,,,,,,2700,2595,2750,2500,2550,2550,2800,2850,2700,2895,2897.5,2995,2650,2725,2800,2800,2712.5,2695,2800,2700,2800,2672.5,2697.5,2672.5,2800,2350,2700,2772.5,2800,2800,2800,2795,2800,2895,2800,2797.5,2750,2797.5,2800,2895,2897.5,2900,2900,2895,2897.5,2825,2900
"Bushwick","New York","NY","New York","Kings",24,,,,,,,,,,,,,,,,,,,,,,,,,,,,,,,,,,,,,,,,,2300,2399,2300,2350,2235,2300,2400,2400,2350,2325,2350,2325,2400,2400,2475,2500,2550,2550,2500,2500,2437.5,2400,2500,2500,2500,2600,2550,2550,2550,2600,2600,2800,2799,2800,2799,2725,2650,2600,2800,2750
"North Scottsdale","Scottsdale","AZ","Phoenix","Maricopa",25,2999,2995,2950,2795,3000,3000,2850,2800,2995,3000,3050,2997.5,2872.5,2800,2800,2800,2750,2800,2750,2672.5,2750,2500,2500,2500,2500,2600,2500,2600,2695,2600,2600,2600,2495,2272.5,2495,2500,2495,2495,2500,2500,2495,2350,2395,2400,2495,2500,2500,2450,2497.5,2450,2425,2600,2500,2575,2550,2650,2700,2700,2700,2700,2700,2700,2700,2700,2800,2900,2725,2725,2950,3000,3000,2950,2950,3200,3000,2700,2697.5,2750,2800,2650
"Enterprise","Las Vegas","NV","Las Vegas","Clark",26,,1297.5,1195,1197.5,1100,1179.5,1200,1250,1200,1200,1195,1250,1250,1250,1290,1275,1250,1250,1250,1250,1250,1250,1250,1250,1200,1200,1210,1200,1250,1250,1235,1200,1200,1200,1200,1200,1200,1250,1249.5,1250,1250,1250,1250,1250,1249,1250,1225,1200,1200,1225,1225,1295,1295,1295,1295,1295,1295,1250,1250,1295,1295,1295,1300,1297,1300,1312.5,1350,1307.5,1325,1349,1300,1300,1350,1350,1350,1350,1350,1300,1300,1350
"South Mountain","Phoenix","AZ","Phoenix","Maricopa",27,,,,,,,,1100,1100,987.5,995,995,1095,1050,995,1000,1050,995,995,990,995,995,950,995,995,1000,1050,1000,995,1012.5,1000,1000,1000,1000,1000,1000,1050,1045,1000,1000,1000,995,950,1020,1025,1045,1045,1025,1000,1000,1025,1025,1000,1037.5,1050,1077.5,1062.5,1075,1095,1095,1100,1150,1100,1100,1095,1100,1083.5,1060,1065,1070,1075,1087.5,1080,1125,1107.5,1095,1125,1105,1118,1150
"East Memphis-Colonial-Yorkshire","Memphis","TN","Memphis","Shelby",28,,,,,,,,,,,,,812.5,795,795,850,850,850,995,950,975,850,850,862.5,850,875,892.5,862.5,875,892.5,795,850,840,795,795,757.5,795,797.5,800,850,850,850,850,850,850,812.5,850,825,795,795,795,825,850,800,800,799.5,800,825,800,807.5,795,825,800,797.5,795,795,795,795,795,800,850,850,825,820,850,875,812.5,850,875,872.5
"South Side","Corpus Christi","TX","Corpus Christi","Nueces",29,,,,,,,,,,,,,,,,,,,,,,,,,,,,,,,,,,,1395,1400,1362.5,1550,1500,1550,1650,1600,1600,1600,1650,1662.5,1750,1750,1650,1625,1600,1600,1650,1650,1600,1650,1750,1700,1650,1700,1685,1650,1700,1725,1700,1697.5,1700,1637.5,1625,1600,1600,1650,1634,1700,1712.5,1670,1650,1795,1695,1600
"Alief","Houston","TX","Houston","Harris",30,,,,,,,,,,,,,,,,,,,,,,,,,,,,,,,,,,,,,,,,,,,,,,,,,,,,,,,,,,,,,,,,,,850,855,875,910,875,900,877.5,900,875,875,812.5,825,830,852.5,800
"Bullard","Fresno","CA","Fresno","Fresno",31,,,,,,,,,,,,,,,,,,,,,,,,1195,1182.5,1197.5,1250,1195,1195,1195,1200,1212.5,1200,1200,1200,1200,1150,1195,1200,1250,1250,1250,1250,1295,1250,1225,1200,1197.5,1200,1200,1250,1295,1250,1295,1295,1295,1250,1295,1295,1350,1350,1325,1350,1295,1295,1350,1350,1300,1300,1350,1295,1250,1250,1295,1295,1337.5,1275,1295,1350,1425
"Northeast","El Paso","TX","El Paso","El Paso",32,,,,,,,,,,,,,,,1012.5,990,1025,1050,985,1010,975,975,995,995,1025,1072.5,975,1000,1100,1000,950,950,975,975,950,925,925,950,975,980,995,950,950,975,950,950,950,950,950,950,950,995,995,995,950,950,950,950,950,950,950,977.5,977.5,995,985,995,995,995,975,950,950,950,950,975,995,950,1050,962.5,997,975
"Southwest Dallas","Dallas","TX","Dallas-Fort Worth","Dallas",33,,,,,,,,,,,,,,,,1100,1150,1195,1100,1097.5,1050,1050,1100,1150,1150,1150,1100,1100,1195,1150,1150,1098,1100,1112.5,1175,1150,1175,1195,1200,1195,1200,1200,1230,1200,1185,1195,1200,1195,1200,1200,1195,1225,1225,1200,1195,1200,1262.5,1200,1200,1250,1290,1275,1250,1262.5,1262.5,1262.5,1242.5,1295,1295,1250,1250,1250,1275,1300,1350,1295,1300,1295,1245,1312.5
"West San Jose","San Jose","CA","San Jose","Santa Clara",34,,,,,,,,,,,,,,,,,,,,,,,,,,,,,,,,,,,,,,,,,,,,,,,,,,,,,,2995,3200,3495,3496.5,3247.5,3245,3500,3497.5,3450,3500,3825,3725,3750,3500,3550,3625,3600,3495,3650,3622.5,3825,3750,3600,3722.5,3637.5,3750,3600
"White Haven-Coro Lake","Memphis","TN","Memphis","Shelby",35,,,,,,,,,,,,,,,,,,,,,,,,,,,,,,,,,,850,795,750,750,750,750,750,775,775,785,810,795,800,825,795,795,795,795,795,803,825,800,795,795,795,775,775,750,795,795,795,795,795,750,795,795,795,795,750,795,797,822.5,825,825,795,825,775
"East","Arlington","TX","Dallas-Fort Worth","Tarrant",36,,,,,,,,,,,,,,,,,,900,900,897.5,885,860,900,900,925,889,885,947.5,950,972.5,975,992.5,962.5,950,935,900,912.5,895,899,925,975,1032.5,995,950,995,1045,1025,1050,1095,1075,1075,1100,1097.5,1132.5,1097.5,1075,1000,1075,1112.5,1062.5,1095,1095,1150,1127,1135,1125,1095,1112.5,1150,1200,1172.5,1150,1200,1277.5,1262.5,1292.5,1195,1095,1200,1197.5
"Lower East Side","New York","NY","New York","New York",37,,,,,,,,,,,,,,,,,,,,,,,,,,,,,,,,,,,,,,,,,,,,,,,,,3995,3995,3995,3995,3995,3995,3995,3995,3995,3995,3995,3995,3995,3995,3995,3995,3995,3995,3995,3995,3995,3995,3995,3995,3995,3995,3995,3995,3995,3995,3995,3995
"Northwest","El Paso","TX","El Paso","El Paso",38,,,,,,,,,,,,,,1600,1600,1600,1500,1462.5,1425,1400,1450,1372.5,1500,1500,1425,1500,1495,1400,1400,1400,1487.5,1450,1450,1450,1450,1485,1450,1450,1425,1450,1400,1395,1395,1300,1300,1325,1350,1300,1300,1297,1300,1400,1400,1400,1377.5,1380,1350,1345,1350,1350,1350,1350,1400,1400,1400,1400,1400,1350,1350,1350,1300,1325,1350,1325,1300,1400,1400,1425,1350,1350
"Southeast","Arlington","TX","Dallas-Fort Worth","Tarrant",39,,,,,,,,,,,,,1372.5,1395,1350,1350,1350,1295,1295,1250,1295,1295,1250,1250,1295,1325,1297.5,1250,1295,1295,1295,1285,1280,1295,1297.5,1295,1300,1325,1350,1350,1350,1350,1350,1350,1350,1350,1350,1325,1300,1300,1325,1397.5,1395,1350,1350,1350,1350,1350,1350,1350,1395,1395,1445,1445,1395,1475,1450,1450,1425,1400,1425,1400,1400,1448.5,1450,1450,1495,1475,1495,1450
"Preston Hollow","Dallas","TX","Dallas-Fort Worth","Dallas",40,,,,,,,,,,,,,,,,,,,,,,,,,,,,,,,,,,,,,,,,,,,,,,,,,,,,,,,,,,,1600,1765,1800,1962.5,1995,1925,1950,1895,1995,1975,1900,1950,1950,1900,2075,2200,2247.5,1900,2097.5,2000,2000,1995
"South Scottsdale","Scottsdale","AZ","Phoenix","Maricopa",41,,,,,,,,,,,,,1750,1682.5,1775,1570,1700,1617.5,1550,1597.5,1600,1595,1575,1500,1500,1572.5,1550,1500,1585,1550,1550,1500,1445,1300,1325,1400,1495,1350,1480,1500,1550,1500,1482.5,1500,1500,1500,1550,1550,1595,1572.5,1550,1575,1585,1649.5,1627,1604.5,1649,1650,1605,1725,1795,1795,1762.5,1749,1795,1750,1700,1700,1695,1760,1850,1800,1850,1825,1700,1795,1700,1750,1800,1700
"Ahwatukee Foothills","Phoenix","AZ","Phoenix","Maricopa",42,,,,1495,1425,1497.5,1437.5,1495,1695,1495,1650,1550,1545,1395,1395,1395,1450,1390,1392.5,1337.5,1350,1395,1425,1400,1397,1462.5,1450,1495,1452.5,1495,1495,1450,1350,1300,1391.5,1400,1450,1395,1450,1495,1499,1450,1425,1425,1492.5,1450,1450,1450,1450,1450,1450,1495,1495,1550,1585,1495,1495,1497,1500,1500,1535,1525,1550,1495,1547.5,1500,1545,1545,1497,1500,1585,1595,1695,1650,1575,1575,1595,1525,1575,1550
"West","Arlington","TX","Dallas-Fort Worth","Tarrant",43,,,,,,,,,,,,,,,,,,,,,,,,,1200,1195,1150,1095,1110,1150,1195,1150,1150,1150,1175,1120,1195,1150,1150,1195,1250,1200,1257.5,1297.5,1195,1200,1200,1172.5,1200,1200,1250,1272.5,1300,1297.5,1259,1237.5,1250,1250,1335,1350,1350,1350,1350,1295,1300,1350,1395,1350,1300,1300,1445,1450,1395,1400,1395,1350,1350,1450,1385,1400
"North Raleigh","Raleigh","NC","Raleigh","Wake",44,,,,1445,1495,1395,1395,1350,1445,1345,1395,1247,1395,1250,1250,1295,1295,1200,1250,1285,1200,1250,1250,1295,1250,1250,1425,1400,1495,1385,1295,1250,1295,1275,1250,1250,1100,1200,1250,1300,1350,1300,1295,1285,1275,1295,1275,1250,1250,1250,1250,1350,1350,1350,1395,1350,1350,1295,1309.5,1425,1425,1450,1397.5,1485,1495,1450,1462.5,1495,1395,1400,1450,1400,1450,1449.5,1400,1395,1450,1450,1450,1495
"Sharpstown","Houston","TX","Houston","Harris",45,,,,,,,,,,,,,,,,,,,,,,,,,,,,,,,,,,700,753,753,785,719,722,732.5,722,704.5,697.5,704.5,704.5,704.5,695,695,695,695,775,756.5,760,804.5,850,825,909,869,825,775,777.5,800,800,814,919,825,800,775,825,819.5,800,809,819,819.5,790,751.5,770,751.5,770,800
"Forest Hills","New York","NY","New York","Queens",46,,,,,,,,,,,,,,,,,,,,,,,,,,,,,,,,,,,,,,,,,,,,,2500,2395,2400,2495,2395,2395,2395,2400,2400,2600,2500,2795,2850,2947.5,2900,2725,2500,2500,2700,2695,2797.5,2747.5,2625,2695,2495,2500,2795,2750,2600,2472.5,2472.5,2695,2600,3000,2695,2795
"East Village","New York","NY","New York","New York",47,,,,,,,,,,,,,,,,,2900,2850,3147.5,3050,3000,3295,3387.5,3400,3150,3100,3197.5,3397.5,3550,3347.5,3450,3450,3375,3400,3300,3225,3200,3200,3200,3415,3415,3395,3325,3300,3500,3500,3550,3500,3500,3300,3295,3300,3325,3647.5,3695,3695,3647.5,3312.5,3647.5,3995,3922.5,3972.5,3995,3895,3922.5,3845,3895,3822.5,3895,3845,3895,3800,3795,3850,3795,3695,3650,3795,3845,3772.5
"Cordova-Appling","Memphis","TN","Memphis","Shelby",48,,,,,,,,,,,,,,,,,,1305,1305,1235,1185,1222.5,1197.5,1245,1200,1125,1150,1250,1337.5,1250,1250,1150,1150,1195,1197.5,1195,1112.5,1150,1160,1137.5,1200,1200,1100,1100,1195,1172.5,1175,1195,1195,1195,1195,1225,1237.5,1225,1200,1247.5,1245,1245,1250,1247.5,1250,1250,1275,1250,1250,1245,1235,1200,1245,1245,1245,1250,1295,1295,1375,1295,1275,1262.5,1272.5,1254.5
"Eldridge - West Oaks","Houston","TX","Houston","Harris",49,,,,,,,,,,,,,,,,,,,,,,,,,,,,,,,,,,,,,,,,,,,,,,,,,,,,,,,,,,,,,,,2000,2000,1995,2100,2100,1890.5,1865.5,1850,1875,1875,1800,1800,1792.5,1700,1850,1749.5,1650,1795
"Hickory Ridge-South Riverdale","Memphis","TN","Memphis","Shelby",50,,,,,,,,,,,,,,,,,,,,,,,,,,962.5,950,975,950,895,895,850,895,925,900,895,937.5,950,950,950,950,950,925,925,900,950,960,975,995,975,975,950,970,950,950,950,950,950,975,975,975,950,950,950,950,950,975,975,975,995,975,975,995,1000,995,995,995,995,995,995
"Central Southwest","Houston","TX","Houston","Harris",51,,,,,,,,,,,,,,,,,,,,,,,,,,,,,,,,,,,,,,,,,1200,1150,1125,1175,1100,1100,1050,1100,995,1000,1137.5,1300,1237.5,1195,1195,1195,1195,1250,1325,1297.5,1300,1350,1250,1375,1350,1400,1462.5,1495,1450,1385,1347.5,1350,1350,1350,1450,1337.5,1437.5,1425,1350,1327.5
"Princess Anne","Virginia Beach","VA","Virginia Beach","Virginia Beach City",52,,,,,,,,,,,,1695,1725,1750,1700,1725,1725,1775,1750,1695,1695,1695,1695,1750,1750,1700,1750,1750,1700,1745,1750,1700,1725,1697.5,1695,1695,1650,1650,1695,1712.5,1725,1700,1695,1682.5,1650,1692.5,1700,1695,1750,1700,1700,1795,1795,1795,1795,1687.5,1695,1695,1695,1695,1675,1700,1795,1850,1800,1750,1750,1795,1750,1695,1750,1775,1750,1862.5,1750,1700,1695,1695,1750,1697.5
"Southeast Colorado Springs","Colorado Springs","CO","Colorado Springs","El Paso",53,,,,,,,,,,,,,962.5,1050,1050,1050,1000,997.5,950,950,950,975,995,995,999,999,995,997.5,1050,1050,1000,995,995,1025,1050,1050,1025,1050,995,1075,1095,1095,1050,1050,1050,1050,1000,1050,1072.5,1095,1050,1050,1095,1095,1097.5,1095,1095,1100,1095,1097.5,1095,1097.5,1055,1077.5,1100,1150,1150,1100,1145,1150,1100,1150,1100,1100,1100,1150,1150,1195,1200,1150
"Northwest Raleigh","Raleigh","NC","Raleigh","Wake",54,,,,1197.5,1322.5,1200,1175,1195,1272.5,1395,1397.5,1245,1250,1250,1295,1295,1272.5,1295,1300,1300,1300,1300,1300,1300,1375,1295,1295,1425,1395,1395,1300,1262.5,1250,1250,1250,1200,1100,1192.5,1300,1295,1300,1395,1425,1395,1395,1390,1397,1400,1350,1350,1350,1312.5,1395,1350,1300,1350,1400,1400,1397.5,1490,1450,1412.5,1495,1495,1495,1495,1495,1495,1450,1450,1450,1450,1420,1400,1450,1395,1472.5,1495,1407.5,1487.5
"Kingwood Area","Houston","TX","Houston","Harris",55,,,,,,,,,,,,,,,,,,,,,,1450,1400,1400,1400,1350,1400,1400,1400,1400,1500,1400,1162.5,1095,1087.5,1150,1050,1115,1141.5,1299,1487.5,1450,1600,1500,1400,1450,1522.5,1525,1497.5,1500,1500,1597.5,1725,1737.5,1650,1650,1650,1650,1725,1700,1687.5,1665,1695,1700,1725,1750,1700,1700,1688,1675,1650,1650,1600,1650,1685,1695,1695,1700,1825,1695
"Estrella","Phoenix","AZ","Phoenix","Maricopa",56,,,,,,,,,,945,900,950,950,950,975,975,975,950,950,975,950,950,925,925,950,950,950,975,975,975,950,950,950,950,950,950,950,950,950,950,950,975,950,950,950,950,950,950,950,950,950,980,975,975,975,975,995,992.5,975,995,995,995,995,1000,1025,1025,1025,1015,999.5,995,1025,1050,1050,1035,1070,1075,1082.5,1072.5,1059,1062.5
"Clear Lake","Houston","TX","Houston","Harris",57,,,,,,,,,,,,,,,,,,,,,,,,,,,,,,,,,,,,,,,,,,,,,,,,,1500,1575,1600,1650,1650,1600,1599.5,1697.5,1650,1695,1599,1650,1650,1695,1670,1687,1700,1650,1677.5,1700,1700,1700,1700,1700,1650,1650,1700,1697.5,1662.5,1700,1729.5,1700
"Greater Fondren Southwest","Houston","TX","Houston","Harris",58,,,,,,,,,,,,,,,,,,,,,,,,,,,,,,,,,,797.5,800,750,765,757,752.5,765,735,750,750,725,725,730,675,737,739,750,837.5,750,875,790,875,775,782.5,782.5,825,887,800,762,825,759,790,782.5,762,775,775,790,875,887,790,800,750,739,750,750,782.5,750
"East Colorado Springs","Colorado Springs","CO","Colorado Springs","El Paso",59,,,,,,,,,,,,,,,,1125,1075,1100,1075,1095,1100,1175,1100,1100,1090,995,995,1050,1097.5,1100,1100,1037.5,1100,1100,1125,1100,1097.5,1100,1150,1150,1197.5,1195,1195,1195,1175,1195,1195,1195,1195,1182.5,1195,1200,1195,1197.5,1195,1200,1200,1195,1195,1250,1200,1200,1295,1200,1197.5,1250,1225,1200,1200,1275,1295,1295,1295,1250,1295,1295,1285,1225,1295,1350
"Northeast Colorado Springs","Colorado Springs","CO","Colorado Springs","El Paso",60,,,,,,,,,,,,,,,,1250,1250,1200,1200,1250,1200,1200,1200,1250,1237.5,1250,1262.5,1250,1275,1265,1250,1250,1237.5,1250,1250,1275,1250,1250,1250,1250,1275,1300,1295,1300,1295,1250,1250,1250,1250,1250,1250,1337.5,1325,1325,1300,1350,1325,1300,1300,1275,1297,1300,1300,1312.5,1350,1325,1350,1350,1350,1300,1375,1375,1375,1400,1350,1337.5,1395,1400,1395,1400
"Woodward Park","Fresno","CA","Fresno","Fresno",61,,,,,,,,,,,,,,,,,,,,,,,,,,,,,1572.5,1500,1425,1425,1475,1400,1437.5,1450,1450,1462.5,1500,1495,1495,1495,1450,1500,1500,1495,1450,1495,1450,1400,1400,1472.5,1500,1495,1495,1500,1500,1495,1472.5,1475,1497.5,1500,1500,1525,1500,1585,1570,1550,1595,1595,1600,1572.5,1549.5,1500,1595,1500,1600,1600,1565,1550
"Central Colorado Springs","Colorado Springs","CO","Colorado Springs","El Paso",62,,,,,,,,,,,,,,,,,,,,,,,,,,,,,,,,,,,,,,,1097.5,1047.5,1095,1095,1025,1095,1100,1095,995,997.5,1012.5,1000,1000,1025,998,1100,1100,1085,1150,1150,1150,1150,1195,1150,1185,1150,1150,1125,1150,1175,1195,1195,1195,1095,1097.5,1125,1150,1195,1200,1200,1245,1295
"Gramercy","New York","NY","New York","New York",63,,,,,,,,,,,,,2947,2765,2835,2772.5,2972.5,2900,2850,2995,3100,3325,3350,3295,3250,3092.5,3200,3250,3295,3324,3295,3325,3393.5,3422,3390,3350,3395,3395,3450,3539,3351.5,3348.5,3200,3295,3295,3350,3400,3348.5,3295,3295,3295,3351.5,3380,3400,3400,3390,3323,3347,3295,3350,3350,3400,3400,3450,3450,3445,3400,3380,3350,3351.5,3400,3395,3390,3402.5,3400,3400,3400,3405,3395,3450
"Fresno High Roeding","Fresno","CA","Fresno","Fresno",64,,,,,,,,,,,,,,,,,,,,,,,,,,,,850,800,795,800,850,892.5,837.5,795,895,932.5,950,950,937.5,937.5,800,875,900,977.5,975,995,995,975,900,895,800,895,925,900,912.5,895,850,850,895,895,925,895,850,895,862.5,900,950,1035,1050,995,925,912.5,900,962.5,995,1000,950,895,995
"Raleigh","Memphis","TN","Memphis","Shelby",65,,,,,,,,,,,,,,,,,,,,,,,,,,,,,850,800,800,750,850,750,850,822.5,837.5,800,795,795,795,825,825,825,800,847.5,825,850,825,825,850,850,850,850,822.5,812.5,812.5,835,850,825,800,817.5,810,825,825,825,800,795,795,795,795,800,850,850,850,850,862.5,895,850,875
"Encanto","Phoenix","AZ","Phoenix","Maricopa",66,,,,,,,,,,,,975,995,995,995,995,995,1050,1075,950,982.5,900,925,925,899.5,995,995,1092.5,977.5,925,950,987.5,990,899,895,860,895,950,1000,997.5,1062.5,1100,1100,1100,1037.5,975,995,995,987.5,1000,1045,1100,1100,1075,1100,1095,1125,1195,1195,1097.5,1200,1225,1195,1200,1195,1164,1200,1150,1212.5,1250,1125,1197.5,1220,1232.5,1300,1250,1300,1350,1225,1150
"Kempsville","Virginia Beach","VA","Virginia Beach","Virginia Beach City",67,,,,,,,,,,,,,,,,1500,1400,1500,1500,1500,1422.5,1472.5,1425,1300,1400,1480,1500,1500,1550,1522.5,1572.5,1525,1450,1500,1495,1500,1400,1399.5,1399.5,1500,1515,1500,1500,1500,1572.5,1395,1400,1395,1395,1397,1395,1550,1495,1500,1500,1595,1500,1550,1550,1495,1495,1450,1495,1497.5,1500,1500,1595,1595,1487.5,1570,1545,1599,1585,1495,1500,1575,1597.5,1425,1450,1547.5
"Northeast Raleigh","Raleigh","NC","Raleigh","Wake",68,,,,,,,,1000,995,995,975,975,996.5,1095,1050,1050,1095,995,995,1050,1025,995,1050,1095,1050,1050,1050,1050,1000,1062.5,1087.5,1050,1095,1100,1095,1025,999,1025,1100,1195,1195,1195,1200,1200,1200,1175,1150,1100,1100,1100,1100,1150,1157.5,1157.5,1197,1225,1220,1187.5,1195,1215,1225,1250,1250,1217.5,1200,1200,1250,1250,1200,1200,1200,1225,1250,1257,1250,1250,1280,1275,1250,1295
"Centennial Hills","Las Vegas","NV","Las Vegas","Clark",69,,,,,,,,,,,,1250,1250,1200,1212.5,1212.5,1250,1250,1200,1245,1199,1185,1195,1150,1195,1150,1150,1150,1195,1195,1190,1150,1145,1100,1100,1100,1100,1100,1100,1150,1150,1195,1200,1195,1185,1150,1150,1195,1190,1175,1170,1195,1185,1195,1200,1200,1200,1195,1195,1197,1200,1249.5,1250,1240,1240,1200,1220,1250,1250,1225,1250,1235,1277.5,1255,1250,1280,1255,1250,1250,1250
"Lone Mountain","Las Vegas","NV","Las Vegas","Clark",70,,,,,,,,,,,,1150,1197.5,1200,1322.5,1195,1195,1195,1200,1195,1150,1150,1100,1150,1145,1118,1150,1150,1177.5,1167.5,1150,1100,1100,1099.5,1100,1100,1115,1150,1150,1175,1195,1195,1150,1150,1150,1195,1199,1195,1190,1162.5,1175,1200,1200,1200,1245,1250,1250,1200,1250,1200,1235,1250,1262.5,1250,1200,1250,1250,1250,1250,1250,1250,1250,1250,1300,1295,1297.5,1250,1295,1265,1295
"Casas Adobes","Tucson","AZ","Tucson","Pima",71,,,,,,,,,,,,,,,1100,1100,1095,1075,1075,1097.5,1100,1125,1095,1100,1110,1150,1145,1195,1195,1195,1100,1150,1100,1137.5,1200,1200,1185,1150,1185,1200,1195,1185,1175,1100,1100,1100,1100,1150,1150,1100,1112.5,1150,1195,1200,1195,1150,1150,1100,1175,1150,1100,1100,1150,1150,1185,1195,1195,1162.5,1185,1150,1150,1195,1150,1135,1172.5,1185,1195,1195,1195,1195
"Summerlin North","Las Vegas","NV","Las Vegas","Clark",72,,,,,,,,,,,,1385,1475,1595,1500,1495,1500,1495,1525,1450,1467.5,1425,1495,1400,1395,1400,1375,1450,1495,1450,1450,1400,1350,1395,1390,1390,1395,1400,1450,1450,1450,1425,1495,1450,1425,1425,1450,1450,1402.5,1400,1400,1595,1495,1450,1495,1542.5,1500,1535,1535,1550,1595,1595,1600,1547.5,1590,1600,1595,1522.5,1585,1595,1595,1595,1600,1572.5,1600,1650,1695,1595,1595,1650
"Gresham","Chicago","IL","Chicago","Cook",73,,,,,,,,,,,,,,,,,,,,,,,,,,,,,,,,,,,,,,,,,,,,,,,,,,,,,,,,,,,,,,,,,,1100,1100,1150,1250,1250,1197.5,1160,1250,1250,1250,1200,1250,1150,1100,1150
"Rancho Penasquitos","San Diego","CA","San Diego","San Diego",74,,,,,,,,,,,,,,,,,,,,,,,,,,,,,,,,,,,,,,,,,,,2750,2500,2525,2500,2450,2500,2395,2395,2447.5,2772.5,2875,2774,2685,2672.5,2595,2625,2625,2700,2921.5,2950,2849,2900,2995,2975,2795,2895,2900,2872.5,2824,2848,2848,2824,2950,3000,2848,3000,2925,2800
"Woodlake - Briarmeadow","Houston","TX","Houston","Harris",75,,,,,,,,,,,,,,,,,,,,,,,,,,,,,,,,,,900,1000,875,899,898,1002.5,990,875,847.5,805,830,820,852.5,800,815,835,850,899,875,875,875,885,875,857.5,875,875,855,860,875,885,900,950,924,924,891.5,898,945,917,910,899,875,875,860,855,850,880,875
"Michael Way","Las Vegas","NV","Las Vegas","Clark",76,,,,,,,,,,,,,,,,995,1000,995,999,995,995,977.5,950,950,950,950,995,1007.5,999,975,950,950,950,950,975,995,989,995,1000,1000,995,995,1005,995,950,985,950,985,995,995,995,997.5,995,995,1000,1000,1095,1025,1000,1045,1075,1050,1050,1075,1095,1150,1095,1085,1095,1075,1095,1037.5,1037.5,1097.5,1147.5,1195,1137.5,1049,1150,1150
"Chelsea","New York","NY","New York","New York",77,,,,,,,,,,,,,,,3150,3200,3195,3300,3400,3500,3500,3645,3605,3605,3500,3450,3421,3495,3498,3650,3595,3500,3500,3500,3400,3495,3550,3550,3550,3650,3612.5,3695,3535,3650,3650,3672.5,3455,3465,3645,3347.5,3347.5,3550,3737.5,3850,3710,3465,3537.5,3465,3465,3455,3475,3710,3695,3650,3850,3787.5,3600,3850,3850,3695,3465,3725,3600,3487.5,3695,3440,3850,3465,3710,3350
"Lake View","Chicago","IL","Chicago","Cook",78,,,,,,,,,,,,,,,,,,,,,,,,,,,,,,,,1755,1872.5,1700,1850,1800,1650,1600,1700,1850,2000,1800,2100,1925,1900,1972.5,1850,1800,1800,1800,1900,2100,2050,2050,2000,2225,2187,2200,2149.5,1997.5,1925,1900,1997.5,1900,2199.5,2025,2195,2250,2050,1900,1900,2000,1950,1995,1995,1995,2100,1900,2175,1950
"Englewood","Chicago","IL","Chicago","Cook",79,,,,,,,,,,,,,,,,,,,,,,,,,,,,,,,,,,,,,,,,,,,,,,,,,,,,,,,,,,,,,,,,,,,,1100,1162.5,1200,1200,1200,1190,1150,1175,1125,1150,1100,1200,1135
"Woodland Hills","Los Angeles","CA","Los Angeles-Long Beach-Anaheim","Los Angeles",80,,,,,,,,,,,,,,,,,,,,,,,,,,,,,,,,,,,,,,,,,,,,,,,,,,,3195,3397.5,3600,3600,3599.5,3450,3495,3347.5,3445,3490,3500,3599,3350,3500,3500,3497.5,3500,3500,3550,3600,3700,3750,3950,3850,3700,3800,3900,3800,3700,3775
"Oak Lawn","Dallas","TX","Dallas-Fort Worth","Dallas",81,,,,,,,,,,,,,,,,,,,,,,,,,,,,,,,,,,,,,,,,,,,,,,,,,,,,,,,,,,,,,,,,,,,2040,2000,1897.5,1807.5,1833,1850,1995,1997.5,2270,2080,1900,1850,1850,1990
"Greater Uptown","Houston","TX","Houston","Harris",82,,,,,,,,,,,,,,,,,,,,,,,,,,,,,,,,,,,,,,,,,,,,,,,,,,,,1500,1532.5,1600,1700,1585,1595,1567.5,1515,1497.5,1500,1500,1495,1490,1550,1502.5,1515,1600,1515,1567.5,1650,1650,1595,1515,1532.5,1402.5,1364,1350,1364,1500
"Southwest","Arlington","TX","Dallas-Fort Worth","Tarrant",83,,,,,,,,,,,,,,,,,,,,,,,,,,,,,1497.5,1400,1295,1295,1272.5,1300,1300,1300,1297.5,1297.5,1347.5,1395,1300,1350,1325,1347,1300,1295,1300,1297.5,1292.5,1275,1295,1395,1450,1375,1362.5,1397.5,1395,1395,1400,1385,1445,1497.5,1472.5,1550,1400,1459,1550,1454.5,1437.5,1395,1425,1470,1472.5,1500,1625,1507.5,1395,1622.5,1487.5,1485
"Greenwich Village","New York","NY","New York","New York",84,,,,,,,,,,,,,,,,,,,,,,,,,,,,,,,,,,,,,,,,,,,,,,,,,,,,,,,,,,,,,,,,3200,3397.5,3200,3395,3445,3445,3397.5,3400,3700,4100,4000,3600,3400,3397.5,3200,3200,3700
"Briargate","Colorado Springs","CO","Colorado Springs","El Paso",85,,,,,,,,,,,,,,,1595,1450,1500,1472.5,1450,1500,1495,1395,1375,1295,1350,1372.5,1395,1495,1395,1450,1400,1425,1447.5,1500,1585,1572.5,1560,1585,1500,1525,1450,1500,1450,1495,1495,1450,1495,1500,1495,1495,1500,1595,1647.5,1595,1695,1650,1512.5,1597.5,1500,1497.5,1512.5,1500,1700,1795,1750,1650,1637.5,1775,1697.5,1650,1600,1750,1650,1650,1725,1700,1695,1700,1637.5,1700
"Salem","Virginia Beach","VA","Virginia Beach","Virginia Beach City",86,,,,,,,,,,,,1500,1500,1400,1450,1695,1625,1500,1495,1485,1500,1470,1372.5,1400,1450,1475,1450,1500,1550,1595,1500,1462.5,1462.5,1495,1500,1495,1400,1400,1450,1550,1595,1497.5,1550,1550,1595,1400,1572.5,1595,1595,1595,1595,1700,1695,1682.5,1695,1672.5,1675,1650,1675,1625,1550,1600,1650,1612.5,1600,1600,1600,1595,1600,1650,1600,1600,1650,1600,1600,1695,1745,1675,1750,1675
"Carmel Valley","San Diego","CA","San Diego","San Diego",87,,,,,,,,,,,,,,,,,,,,,,,,,,,,,,,,,,,,,,,,,,,,,,,,,,,3687.5,4150,4100,4200,4200,3990,3862.5,3992.5,4250,3997.5,3981.5,3900,4100,4200,4200,3959,3968,3950,3995,4175,3995,4275,4250,4262.5,4250,4200,4300,3959,4100,4195
"Oak Forest - Garden Oaks","Houston","TX","Houston","Harris",88,,,,,,,,,,,,,,,,,,,,,,,,,,,,,,,,,,,,,,,,,,,,,,,,,,,,,,,,,,,,1800,1795,1772.5,1750,1797.5,1785,1825,1800,1797.5,1700,1700,1775,1800,1795,1750,1750,1850,1850,1900,1800,1995
"Parkway Village-Oakhaven","Memphis","TN","Memphis","Shelby",89,,,,,,,,,,,,,,,,,,,,,,,,,,,,,,,,,,,,,,,,,,,825,825,800,825,825,850,850,850,850,825,825,825,800,825,825,825,847.5,825,800,800,799,825,825,825,825,795,795,800,795,825,825,825,850,850,850,850,825,825
"Bay Area","Corpus Christi","TX","Corpus Christi","Nueces",90,,,,,,,,,,,,,,,,,,,,,,,,,,,,,,,,,,,,,,,,,,,,,1295,1200,1237.5,1347.5,1295,1395,1397.5,1399,1400,1450,1399,1400,1299,1397.5,1395,1400,1397.5,1475,1400,1400,1487.5,1350,1450,1312.5,1300,1300,1300,1300,1350,1350,1300,1300,1525,1495,1400,1475
"Coral Way","Miami","FL","Miami-Fort Lauderdale","Miami-Dade",91,,,,,,,,,,,,,,,,,,,,,,,,2000,2100,2100,1975,2300,2295,2197,2000,2100,2200,2250,2200,2200,2200,2250,2500,2500,2400,2400,2400,2400,2325,2350,2350,2350,2365,2365,2400,2475,2650,2650,2450,2500,2512.5,2500,2400,2400,2550,2500,2350,2512.5,2800,2600,2650,2750,2600,2325,2599,2600,2699.5,2600,2500,2500,2550,2500,2650,2450
"Greater Heights","Houston","TX","Houston","Harris",92,,,,,,,,,,,,,1600,1600,1700,1850,2000,1985,1897.5,1597.5,1600,1600,1600,1700,1700,1800,1847.5,1800,1895,2000,2000,1900,1845,1850,1840,1900,1947.5,1945,1800,1877,1997.5,2100,2250,2200,2125,2200,2200,2100,2200,2300,2300,2500,2500,2400,2400,2300,2150,2100,2400,2400,2475,2500,2600,2500,2447.5,2295,2400,2400,2350,2300,2400,2400,2350,2350,2297.5,2400,2497.5,2495,2200,2469.5
"Desert View","Phoenix","AZ","Phoenix","Maricopa",93,,,,,,,,,,2300,2162.5,1872.5,1800,1800,1900,1950,1962.5,1900,1900,1895,1895,1795,1795,1800,1795,1800,1750,1800,1792.5,1772.5,1850,1850,1750,1795,1800,1900,1862.5,1850,1825,1800,1800,1820,1850,1800,1800,1795,1840,1800,1800,1825,1800,1850,1800,1900,1895,1875,1895,1895,1850,1862.5,1950,1987.5,1995,1950,1972.5,1895,1950,1995,1995,1995,1995,1950,1850,2000,1997.5,1950,1875,1995,1972.5,1900
"South End","Tacoma","WA","Seattle","Pierce",94,,,,,,,,,,,,,,,,,,,,,1100,1100,1137.5,1195,1162.5,1150,1125,1150,1100,1137.5,1150,1150,1150,1150,997.5,995,985,1090,1195,1225,1200,1197.5,1195,1195,1200,1200,1197.5,1195,1200,1197.5,1195,1195,1195,1195,1195,1195,1200,1200,1200,1195,1200,1250,1200,1239.5,1270.5,1250,1285,1295,1295,1250,1250,1285,1285,1250,1285,1250,1295,1297.5,1285,1250
"South Shore","Chicago","IL","Chicago","Cook",95,,,,,,,,,,,,,,,,,,950,900,947.5,945,912.5,950,850,823.5,800,850,800,800,800,775,750,745,725,750,750,750,750,760,790,780,792.5,900,937.5,855,800,825,775,780,800,800,780,780,800,875,800,900,925,1000,1050,1000,950,950,925,852.5,990,935,1000,1062.5,1150,1002.5,1000,1050,1050,1025,925,1050,1087.5,1135,1100
"Jamaica Plain","Boston","MA","Boston","Suffolk",96,,,,,,,,,,,,,,,,,,,,,,,,,,,,,,,,,,,,,,,,,,,,,,,,,,,,,,,,,,,,,,,,,,,,,2350,2450,2500,2900,3050,3000,3000,3500,3250,2800,2900,3000
"Brighton","Boston","MA","Boston","Suffolk",97,,,,,,,,,,,,,,,,,,,,,,,,2400,2400,2472.5,2400,2400,2400,2550,2250,2334.5,2049,2181.5,2039,2150,2200,2100,2200,2400,2800,2700,2700,2630,2800,2750,2800,2800,2800,2900,2950,3000,3100,2950,2800,2800,2800,2800,2800,2950,3050,2950,3000,3000,2950,2950,2950,2800,2650,2700,2800,2800,2950,2900,2800,2801,2995,2800,2900,2800
"Gulfton","Houston","TX","Houston","Harris",98,,,,,,,,,,,,,,,,,,,,,,,,,,,,,,,,,,,,,,,,,,,,697.5,697.5,695,695,695,697.5,700,700,700,700,700,700,700,700,700,700,700,700,700,705,700,700,700,705,714,709.5,705,700,700,702.5,702.5,700,700,700,700,700,700
"Corona Valley","Eastvale","CA","Riverside","Riverside",99,,,,,,,,,,,,,2397.5,2450,2400,2400,2400,2400,2400,2350,2350,2350,2300,2400,2400,2400,2350,2350,2350,2375,2350,2390,2387.5,2400,2395,2350,2400,2325,2300,2350,2350,2350,2350,2360,2380,2327.5,2300,2350,2380,2350,2375,2380,2400,2400,2400,2397.5,2350,2350,2400,2400,2400,2465,2450,2500,2500,2500,2500,2450,2450,2500,2500,2500,2450,2495,2500,2500,2550,2500,2500,2500
"Bayside","Virginia Beach","VA","Virginia Beach","Virginia Beach City",100,,,,,,,,,,,,,,,,,1450,1550,1525,1500,1500,1385,1395,1395,1450,1350,1495,1372.5,1497.5,1450,1450,1450,1395,1495,1495,1500,1450,1462.5,1450,1400,1495,1550,1445,1395,1395,1362.5,1495,1325,1375,1395,1395,1550,1472.5,1495,1425,1395,1372.5,1475,1475,1497.5,1495,1497.5,1495,1495,1500,1495,1495,1395,1400,1437.5,1437.5,1485,1475,1450,1495,1550,1400,1497.5,1487.5,1500
"Green Valley North","Henderson","NV","Las Vegas","Clark",101,,,,,,,,,,,,,,,,,,,,,,,,1250,1250,1250,1285,1300,1300,1295,1295,1250,1250,1300,1300,1350,1325,1375,1350,1350,1350,1352.5,1375,1350,1400,1397.5,1400,1350,1345,1350,1340,1350,1400,1400,1400,1380,1380,1412.5,1400,1400,1395,1397.5,1400,1395,1392.5,1450,1495,1495,1400,1450,1395,1400,1450,1450,1500,1587.5,1495,1359,1495,1495
"Powers","Colorado Springs","CO","Colorado Springs","El Paso",102,,,,,,,,,,,,,1250,1250,1300,1350,1295,1250,1262.5,1295,1250,1295,1250,1262.5,1200,1300,1300,1375,1325,1350,1350,1295,1295,1290,1282.5,1275,1250,1312.5,1395,1385,1340,1295,1300,1300,1350,1300,1300,1325,1300,1300,1325,1362.5,1425,1395,1350,1395,1385,1350,1350,1395,1395,1395,1395,1400,1400,1400,1412.5,1495,1435,1400,1395,1400,1425,1500,1450,1450,1445,1475,1495,1450
"North Cheyenne","Las Vegas","NV","Las Vegas","Clark",103,,,,,,,,,,,,,,,,1100,1100,1185,1195,1195,1100,1050,1095,1100,1100,1097.5,1095,1100,1095,1095,1095,1100,1147.5,1097,1150,1150,1100,1135,1100,1100,1125,1175,1175,1150,1100,1095,1100,1100,1100,1100,1100,1135,1150,1150,1150,1150,1195,1195,1200,1175,1195,1170,1200,1200,1200,1200,1195,1200,1200,1237.5,1225,1250,1247.5,1225,1197.5,1200,1217,1225,1212.5,1262.5
"Lake View East","Chicago","IL","Chicago","Cook",104,,,,,,,,,,,,,,,,,,,,,,,,,,,,,,,,,,,,,,,,,,,,,,,,,1067.5,1150,1285,1265,1247.5,1220,1150,1265,1200,1120,1275,1275,1150,1245,1200,1150,1150,1200,1292.5,1265,1150,1197.5,1245,1267.5,1290,1295,1265,1245,1285,1245,1265,1300
"Southwest Colorado Springs","Colorado Springs","CO","Colorado Springs","El Paso",105,,,,,,,,,,,,,,,,,1795,1695,1600,1550,1600,1450,1300,1225,1200,1325,1550,1495,1400,1350,1325,1300,1350,1300,1350,1350,1325,1300,1312.5,1325,1350,1350,1250,1350,1350,1395,1395,1337.5,1300,1300,1337.5,1495,1450,1500,1550,1400,1400,1447.5,1597.5,1495,1600,1700,1695,1700,1600,1595,1747.5,1495,1537.5,1585,1550,1447.5,1625,1597,1647.5,1600,1450,1400,1600,1695
"South Loop","Chicago","IL","Chicago","Cook",106,,,,,,,,,,,,1900,1694.5,1900,1853.5,1888,1843.5,1918,1839,1838.5,1709,1690,1796,1785,1798.5,1843.5,1875,1960,1993,1964,1945,1895,1891,1875,1891,1878,1875,1895,1911,1930,1909.5,1919,1899,1899,1892,1892,1892,1908,1914,1937,1982,1924,1911,1914,1911,1937,1919,1950,1937,1899.5,1904,1911,1907,1904,1900,1914,1924,1914,1899,1911,1914,1919,1899.5,1900,1919,1904,1899.5,1911,1908,1911
"Shelby Forest-Frayser","Memphis","TN","Memphis","Shelby",107,,,,,,,,,,,,,,,,,,,,,,,,,,,,,,650,650,625,637.5,650,650,650,655,675,695,695,675,675,675,675,650,650,650,650,675,675,675,675,675,695,675,675,675,675,675,650,650,650,650,650,650,650,650,650,650,650,650,650,650,650,675,675,675,650,675,650
"Fort Greene","New York","NY","New York","Kings",108,,,,,,,,,,,,,,,,,,,,,,,,,,,,,,,,,,2725,2850,2850,2736,2788,2784,3000.5,3025,3020,2961.5,2979.5,2895,2829,2741,3115,3200,3537.5,3620,3094,3025,2950,2813.5,2813.5,2743,2805.5,2805.5,3059,3116.5,3059,2988,2850,2629.5,2867.5,2550,2800,2800,2800,2750,2800,2800,2775,2700,2800,2840,2867.5,2816,2815.5
"Whitney","Las Vegas","NV","Las Vegas","Clark",109,,,,,,,,,,,,,1095,1072.5,1100,1095,1100,1100,1095,1050,1047.5,1000,995,1000,995,1000,1000,1000,1000,999.5,995,995,1000,997,995,997,1000,1050,1025,1000,1000,1025,1050,1035,999,1025,1049,1050,1050,1050,1050,1050,1050,1082.5,1050,1050,1047.5,1045,1050,1050,1050,1100,1100,1100,1100,1125,1112.5,1100,1100,1050,1025,1095,1095,1150,1100,1150,1150,1150,1100,1150
"West Hills","Los Angeles","CA","Los Angeles-Long Beach-Anaheim","Los Angeles",110,,,,,,,,,,,,,,,,2495,2450,2425,2595,2500,2497.5,2600,2500,2397.5,2400,2422.5,2472.5,2525,2650,2650,2500,2475,2472.5,2447.5,2495,2600,2600,2600,2650,2600,2597.5,2600,2600,2595,2565,2597.5,2650,2695,2650,2672.5,2700,2700,2795,2795,2700,2700,2690,2650,2700,2795,2772.5,2750,2650,2700,2795,2772.5,2795,2770,2795,2795,2795,2895,2987.5,2950,2825,2925,2850,2885,2700,2850
"Fort Bend - Houston","Houston","TX","Houston","Harris",111,,,,,,,,,,,,,,,,,,,,,,,,,,,,,,,,,,,,,,,,,,,,,,,,,,,,,,,,,,,,,,,1247.5,1250,1250,1250,1250,1250,1250,1250,1295,1250,1255,1250,1300,1345,1297.5,1300,1272.5,1262.5
"Venice","Los Angeles","CA","Los Angeles-Long Beach-Anaheim","Los Angeles",112,,,,,,,,,,,,,,,,,,,,,,,,,,,,,,,,,,,,,,,,,,,,,,,,,,,,,,,,,,,,,6500,6400,6000,6200,6250,6450,6000,6000,6000,5500,5775,6322.5,6750,6900,7500,7490,6825,6395,5995,6700
"Laveen","Phoenix","AZ","Phoenix","Maricopa",113,,,,,,,,1100,1100,1147.5,1100,1062.5,1050,1075,1050,1075,1095,1075,1050,1050,1050,1049,1025,1000,1000,1000,1050,1095,1095,1062.5,1050,1075,1050,1050,1050,1050,1050,1050,1050,1050,1075,1050,1050,1050,1050,1082.5,1075,1062.5,1075,1075,1090,1095,1100,1100,1100,1147.5,1100,1100,1095,1095,1125,1150,1175,1150,1125,1160,1150,1125,1150,1150,1150,1175,1195,1175,1175,1192.5,1195,1154.5,1179,1200
"Summerlin South","Las Vegas","NV","Las Vegas","Clark",114,,,,,,,,,,,,1550,1822.5,1975,1675,1800,1800,1695,1695,1695,1750,1600,1600,1600,1550,1600,1600,1600,1650,1595,1550,1595,1500,1500,1500,1595,1525,1595,1600,1600,1695,1695,1697.5,1695,1625,1650,1650,1695,1750,1700,1650,1600,1625,1700,1669,1695,1695,1750,1750,1712.5,1600,1700,1797,1850,1897.5,1850,1797.5,1800,1772.5,1795,1800,1850,1800,1850,1850,1800,1900,1795,1725,1900
"West Raleigh","Raleigh","NC","Raleigh","Wake",115,,,,,,,,,,,,,,,,,,,,,,,,,,,,,,,,,,,,,,,,,,,,,,960,995,1000,1100,1095,1095,1025,1125,1095,1037.5,1050,995,1000,1095,1150,1072.5,1150,1095,1050,1112.5,1222.5,1172.5,1085,1000,1087.5,1150,1125,1097.5,1200,1150,1197.5,1125,1195,1195,1025
"Berclair-Highland Heights","Memphis","TN","Memphis","Shelby",116,,,,,,,,,,,,,,,,,,,,,,,,,,,,,,,,,,,720,720,695,675,675,675,675,650,675,700,700,667.5,675,685,695,675,675,675,697.5,650,650,675,680,650,650,675,675,650,650,675,650,650,650,675,650,650,650,662.5,650,675,695,750,685,675,650,650
"Gateway - Green Valley Ranch","Denver","CO","Denver","Denver",117,,,,,,,,,,,,,,,,,,,,,,,,,,,,,,,,,,,,,,1450,1595,1425,1497,1650,1562.5,1600,1550,1550,1625,1550,1562.5,1595,1595,1549,1667.5,1650,1655,1650,1612.5,1650,1710,1700,1695,1695,1719,1795,1750,1675,1750,1750,1750,1797.5,1797.5,1800,1800,1812.5,1797.5,1895,1847.5,1855,1850,1897.5
"M Streets","Dallas","TX","Dallas-Fort Worth","Dallas",118,,,,,,,,,,,,,,,,,,,,,,,,,,,,,,,,,,,,,,,,,,,,,,,,,,,,,,,,,,,,,,,,,,2325,2250,2100,2025,2097.5,1975,2197.5,2250,2195,2295,2197.5,2300,2295,2197.5,2225
"Southeast Boise","Boise","ID","Boise City","Ada",119,,,,,,,,,,,,,,,,,,,,,,,,,,,,,,,,,,,,,,,,,,,,,,,,,,,,,,,,1150,1125,1050,1100,1150,1152.5,1100,1150,1195,1195,1125,1150,1100,1200,1190,1050,1050,1100,1197.5,1295,1200,1250,1275,1195,1200
"Clinton","New York","NY","New York","New York",120,,,,,,,,,,,,,,,,,,,,,,,,,,3175,3200,3200,3200,3320,3310,3429,3595,3500,3475,3397.5,3200,3150,3335,3350,3432.5,3305,3450,3450,3450,3365,3247.5,3200,3245,3315,3325,3417.5,3475,3500,3335,3390,3596,3390,3390,3325,3392.5,3390,3395,3487.5,3395,3487.5,3475,3500,3475,3487.5,3475,3475,3487.5,3390,3435,3395,3435,3347.5,3500,3487.5
"Neartown - Montrose","Houston","TX","Houston","Harris",121,,,,,,,,,,,,,,,,,,,,,,,,,,,,,,,,,,,,,,,,,,,,,,,,,,,,,2500,2950,2795,2500,2500,2500,2500,2600,2797.5,2500,2747.5,3000,2950,2850,2900,2872.5,2800,2800,2700,2650,2497.5,2500,2500,2400,2800,2500,2700,2747.5
"Roxborough","Philadelphia","PA","Philadelphia","Philadelphia",122,,,,,,,,,,,,,,,,,,,,,,,,,,,,,1550,1500,1700,1800,1774.5,1600,1500,1550,1500,1500,1725,2000,1900,1850,1747.5,1600,1750,1600,1625,1600,1800,1800,1800,1800,1697.5,1800,1712.5,1637.5,1600,1587.5,1600,1600,1800,1800,1737.5,1750,1795,1687.5,1725,1600,1675,1600,1675,1650,1687.5,1687.5,1650,1600,1700,1800,1750,1750
"The Lakes","Las Vegas","NV","Las Vegas","Clark",123,,,,,,,,,,,,,,,,1450,1425,1500,1500,1450,1500,1525,1600,1525,1498,1437.5,1400,1525,1400,1495,1487.5,1500,1397.5,1400,1397.5,1395,1395,1399.5,1400,1495,1399.5,1495,1499.5,1500,1499.5,1442.5,1495,1525,1500,1495,1500,1695,1700,1695,1522.5,1500,1450,1425,1425,1442,1575,1599.5,1575,1672.5,1700,1750,1732.5,1600,1500,1499.5,1495,1612.5,1625,1600,1595,1700,1875,1600,1700,1600
"Financial District","New York","NY","New York","New York",124,,,,,,,,,,,,,,,,,3750,3600,3485,3300,3225,3497.5,3525,3500,3300,3250,3250,3250,3300,3275,3250,3395,3395,3430,3393,3275,3267.5,3300,3397.5,3500,3495,3500,3583,3566.5,3566.5,3530,3500,3500,3500,3500,3500,3500,3495,3500,3500,3500,3500,3500,3500,3500,3500,3500,3500,3500,3500,3500,3500,3495,3500,3500,3500,3500,3500,3500,3500,3500,3500,3500,3500,3500
"La Jolla","San Diego","CA","San Diego","San Diego",125,,,,,,,,,,,,,,,,,,,,,,,,,,,,,,,,,,,,,,,,,,,,,,,,,,,,,,,,,,,,,,,,,6000,6247.5,6000,5897.5,5650,5950,5850,5575,5950,5850,5497.5,5825,6195,5925,5950,6500
"Flatiron District","New York","NY","New York","New York",126,,,,,,,,,,,,,,,,,,,,,,,4197.5,3850,3595,3650,3500,3700,3795,3600,3600,3590,3620,3610,3596.5,3535,3520,3542.5,3500,3472.5,3696.5,3910.5,4158,4055,3960,3815,3750,3782.5,3782.5,3708,3535,3750,3850,3420,3860.5,3805,3915,3915,3910.5,3955,3957.5,3957.5,3910.5,4005,3960,3960,3915,3910.5,3750,3915,3915,4120,4196,4030,3915,4087.5,4030,3960,4005,3915
"North Austin","Austin","TX","Austin","Travis",127,,,,,,,,,,,,,,,,,,,,,,,,,,,,,,,,,,,,,740,705,730,730,745,760,808.5,800,799,805,822,808.5,800,823.5,865.5,812,799.5,799.5,799.5,782.5,782.5,799,800,782.5,802.5,766,760,760,799,805,749.5,799.5,782.5,754,782.5,754,742.5,766,799.5,782.5,799,799.5,742.5,766
"Westchase","Houston","TX","Houston","Harris",128,,,,,,,,,,,,,,,,,,,,,,,,,,,,,,,,,,,,,,,,,,,,730,735,737.5,730,730,735,735,755,755,755,750,750,750,745,745,745,745,745,745,750,762.5,767,755,762.5,757.5,762.5,776,765,772.5,765,755,745,750,750,745,742.5,745
"Paradise Hills","Albuquerque","NM","Albuquerque","Bernalillo",129,,,,,,,,,,,,,,,,,,,,,,,,,,,1250,1250,1200,1200,1200,1200,1195,1185,1150,1200,1150,1210,1296,1300,1272.5,1200,1200,1200,1212.5,1200,1200,1197,1199,1195,1195,1225,1200,1195,1200,1250,1200,1195,1195,1200,1195,1250,1250,1200,1200,1250,1275,1295,1262.5,1275,1295,1297.5,1285,1262.5,1250,1350,1295,1325,1250,1250
"Washington Avenue Coalition - Memorial Park","Houston","TX","Houston","Harris",130,,,,,,,,,,,,,,,,,,,,,,,,,,,,,,,,,,,,,,,,,,,,,,,,,,,,,,,2900,2800,2825,2797.5,2795,2800,2799.5,2800,2800,2900,2900,2975,2900,2885,2700,2750,2725,2700,2700,2795,2825,2700,2700,2600,2700,2750
"Las Tierras","El Paso","TX","El Paso","El Paso",131,,,,,,,,,,,,,,,,,,,,,,,,,,1287.5,1262.5,1195,1250,1250,1195,1175,1100,1150,1100,1100,1100,1100,1100,1100,1195,1200,1195,1200,1150,1100,1195,1100,1100,1100,1100,1175,1175,1175,1185,1150,1100,1095,1100,1100,1150,1150,1100,1100,1150,1185,1150,1100,1100,1100,1100,1100,1100,1100,1100,1050,1149,1100,1100,1095
"Pacific Palisades","Los Angeles","CA","Los Angeles-Long Beach-Anaheim","Los Angeles",132,,,,,,,,,,,,,,,,,,,,,,,,,,,,,,,,,,,,,,,,,,,,,,,,9050,9500,8975,8900,9050,9000,8775,8900,9500,9747.5,9375,9500,9500,9500,9500,8950,9025,9500,9500,8775,8800,8800,9500,9500,9900,10200,11500,11500,10950,11500,10785,9500,10407.5
"Green Valley South","Henderson","NV","Las Vegas","Clark",133,,,,,,,,,,,,,,,,,,,,,,,,1450,1400,1375,1350,1337.5,1350,1300,1299.5,1295,1300,1350,1395,1412.5,1350,1250,1250,1295,1272.5,1362.5,1362.5,1350,1297.5,1395,1450,1399.5,1362.5,1385,1350,1350,1300,1350,1395,1397.5,1400,1395,1400,1425,1450,1495,1500,1500,1495,1587.5,1600,1585,1400,1437.5,1497.5,1595,1495,1550,1460,1500,1545,1375,1495,1337.5
"Anthem","Henderson","NV","Las Vegas","Clark",134,,,,,,,,,,,,1395,1400,1337.5,1350,1450,1485,1450,1454.5,1459,1397.5,1400,1500,1500,1495,1495,1500,1422.5,1450,1562.5,1562.5,1550,1572.5,1500,1495,1595,1595,1575,1512.5,1495,1492.5,1500,1492.5,1475,1550,1485,1400,1395,1450,1450,1450,1497.5,1599,1749,1600,1525,1600,1700,1700,1750,1737,1700,1800,1850,1750,1650,1700,1750,1795,1700,1697,1695,1757.5,1695,1695,1672.5,1795,1695,1700,1700
"Northwood","Irvine","CA","Los Angeles-Long Beach-Anaheim","Orange",135,,,,,,,,,,,,,,,,,,,,,,,,,2700,2975,2950,2800,2800,2700,2700,2595,2550,2500,2680,2900,2700,2795,2875,2950,2875,2850,2895,2800,2750,2750,2697.5,2750,2850,2870,2892.5,2825,2900,3025,3075,2925,3100,3200,3272.5,2950,3050,3050,3075,3200,3050,3050,3125,3100,3200,3000,3000,2950,3000,3050,2995,3175,3050,2950,2900,2875
"Back Bay","Boston","MA","Boston","Suffolk",136,,,,,,,,,,,,,,,,,,,,,,,,,,,,,,,,,,,,,,,,,,,,3600,3280,3850,3999,3925,3800,3547.5,3400,3600,3600,3650,3800,3855,3999,3975,3905,3995,3995,3775,3775,3300,3225,3500,3700,3775,3812.5,3975,3950,3975,3999,3855,3775,3860,3860,3500,3600,3750
"Near North","Chicago","IL","Chicago","Cook",137,,,,,,,,,,,,,,1575,1595,1650,1680,1782.5,1720,1716,1700,1699,1700,1750,1752,1771,1781.5,1895,1829,1852.5,1842.5,1717,1680,1650,1750,1760,1833,1809,1892.5,1908,2045,1763,1752,1756,1752,1752,1748,1744,1725,1746,1746,1744,1746,1748,1752,1750,1748,1748,1748,1752,1763,1750,1714,1748,1744,1734,1724,1722,1724,1734,1744,1752,1752,1748,1734,1722,1734,1722,1734,1718.5
"Meyerland Area","Houston","TX","Houston","Harris",138,,,,,,,,,,,,,,,,,,,,,,,,,,,,,,,,,,,,,,,,,,,,,,,,,,,,,,,,,,,,,,2297.5,2295,2287.5,2350,2437.5,2450,2100,2000,2000,2050,2125,2250,2100,2100,2075,2175,2175,2200,1997.5
"Columbus Circle","New York","NY","New York","New York",139,,,,,,,,,,,,,,,,,,,,,,3795,3595,3595,3238.5,3187.5,3138,3150,3100,3150,3200,3384.5,3600,3762,3600,3356,3450,3396,3400,3450,3482.5,3379,3374.5,3379,3379,3285,3281.5,3302,3374.5,3301,3285,3379,3370,3336,3302,3370,3379,3379,3379,3379,3379,3370,3336,3370,3379,3379,3379,3379,3379,3374.5,3374.5,3374.5,3336,3302,3379,3370,3379,3379,3374.5,3379
"Sutton Place","New York","NY","New York","New York",140,,,,,,,,,,,,,,,,,,,,,,,,,,,,,,,,,,,,,,,,,,,,,,,,,,,,,,3525,3525,3510,3510,3495,3525,3472.5,3495,3510,3510,3510,3525,3750,3750,3500,3500,3512.5,3495,3525,3495,3525,3750,3525,3525,3510,3472.5,3525
"Westgate","Henderson","NV","Las Vegas","Clark",141,,,,,,,,,,,,,,,,,,,,,,,,1550,1537.5,1550,1500,1500,1575,1500,1450,1450,1500,1485,1450,1495,1397.5,1400,1462.5,1395,1400,1400,1412.5,1450,1462.5,1547.5,1425,1495,1495,1497,1499.5,1495,1450,1497.5,1550,1450,1425,1550,1500,1550,1774.5,1722.5,1550,1700,1700,1550,1650,1650,1650,1595,1550,1550,1595,1650,1695,1695,1650,1697.5,1762.5,1650
"Tule Springs","Las Vegas","NV","Las Vegas","Clark",142,,,,,,,,,,,,,,,,1497.5,1450,1390,1295,1295,1345,1250,1295,1250,1195,1250,1250,1250,1250,1295,1295,1300,1297.5,1272.5,1250,1250,1250,1250,1250,1200,1200,1300,1300,1340,1300,1300,1345,1295,1295,1295,1250,1295,1300,1350,1350,1347.5,1347.5,1350,1350,1300,1325,1350,1350,1299.5,1395,1395,1375,1400,1395,1350,1397,1400,1325,1350,1272.5,1400,1372.5,1385,1325,1297
"Streeterville","Chicago","IL","Chicago","Cook",143,,,,,,,,,,,,,,1720,1674,1700,1762.5,1850,1815,1845.5,1879,1940.5,1900,1940.5,1900,1947.5,2197.5,2175,1950,1904,1902,1850,1699,1750,1810,1918,1873,1850,1950,1985,2048,1985,1985,2048,1985,1992.5,1980,1980,1972.5,1972.5,1965,1980,1972.5,1980,1980,1980,1985,1985,1985,1980,1980,1980,1985,1980,1965,1961,1965,1985,1985,1985,1982.5,2027,1985,1982.5,1982.5,1980,1980,1980,1965,1985
"South Reno","Reno","NV","Reno","Washoe",144,,,,,,,,,,,,,,,,,,,,,,,,,,,,1675,1590,1450,1500,1597.5,1572.5,1600,1550,1537.5,1500,1550,1485,1572.5,1600,1575,1550,1685,1622.5,1525,1500,1500,1500,1547.5,1550,1550,1550,1650,1599.5,1600,1600,1600,1650,1725,1745,1600,1650,1695,1695,1650,1700,1750,1675,1737.5,1750,1750,1750,1812.5,1797.5,1800,1777.5,1822.5,1895,1795
"Warrendale","Detroit","MI","Detroit","Wayne",145,,,,,,,,,,,,,,,,,,,,,650,650,675,650,675,675,685,675,650,650,650,650,650,675,700,697.5,700,700,700,700,700,700,700,700,700,700,700,712.5,700,700,700,750,750,732.5,700,712.5,700,700,725,725,725,750,750,750,740,750,750,750,750,725,700,700,725,750,750,750,700,720,700,700
"Hollywood Hills","Hollywood","FL","Miami-Fort Lauderdale","Broward",146,,,,,,,,,,,,,,,,,,,,,,,,,,,,,,,,,,2000,2000,1990,1950,1950,1997.5,2100,2100,2050,2100,2100,2200,2270,2270,2220,2150,2150,2150,2147.5,2200,2100,2200,2100,2100,2197.5,2220,2200,2100,2250,2150,2200,2300,2275,2375,2300,2200,2200,2267.5,2250,2250,2275,2299.5,2350,2415,2415,2250,2405
"Sun City","Menifee","CA","Riverside","Riverside",147,,,,,,,,,,,,,,,,,,975,1000,1000,1100,1100,1095,975,925,950,1075,995,975,987.5,975,1075,1150,1125,1100,1025,1025,1100,1195,1150,1122.5,1100,1100,1197.5,1150,1187.5,1125,1187.5,1295,1250,1262.5,1200,1250,1275,1200,1150,1100,1100,1095,1150,1250,1250,1295,1197.5,1200,1200,1295,1250,1295,1300,1300,1225,1225,1200,1262.5,1250,1295,1272.5,1295,1395
"Midtown","New York","NY","New York","New York",148,,,,,,,,,,,,,,,,,,,,,3765,3750,3850,4000,3650,3595,3563.5,3300,3497.5,3500,3590,3600,3600,3647.5,3600,3605,3584,3600,3686,3595,3600,3597.5,3510,3557,3495,3495,3495,3519.5,3500,3557,3580,3544,3497.5,3495,3495,3495,3495,3519.5,3495,3519.5,3500,3522,3522,3544,3544,3544,3495,3495,3495,3495,3495,3495,3495,3495,3519.5,3495,3495,3519.5,3495,3519.5
"Vance Jackson","San Antonio","TX","San Antonio","Bexar",149,,,,,,,,,,,,,,,,,,,,,,,,,,,,,,,,,,,,799.5,799,799,817,812.5,800,819,822.5,825,825,817,815,817,815,825,850,819,815,812.5,819,812.5,820,819.5,817,800,815,825,822.5,820,819,799.5,800,805,805,805,812.5,819,822.5,812.5,810,805,812.5,805,800,799.5
"East Arlington","Jacksonville","FL","Jacksonville","Duval",150,,,,,,,,,,,,,,,,1300,1295,1295,1295,1250,1250,1195,1200,1200,1250,1297.5,1300,1300,1337.5,1350,1300,1300,1300,1300,1300,1275,1300,1300,1300,1350,1400,1400,1392.5,1450,1397.5,1495,1450,1450,1395,1397.5,1395,1450,1450,1485,1445,1445,1425,1425,1397.5,1395,1400,1395,1412.5,1450,1450,1462.5,1450,1420,1415,1396,1425,1450,1495,1490,1495,1560,1425,1475,1390,1450
"Hollywood Lakes","Hollywood","FL","Miami-Fort Lauderdale","Broward",151,,,,,,,,,,,,,,1999,2150,2175,2200,2100,2150,2200,2200,2275,2250,2250,2100,2250,2170,1999.5,2000,2000,2000,2100,2250,2250,2200,2250,2250,2275,2200,2300,2400,2390,2350,2300,2325,2350,2400,2400,2400,2400,2400,2400,2400,2425,2400,2400,2400,2400,2500,2450,2597.5,2500,2397.5,2395,2390,2300,2450,2450,2600,2600,2450,2500,2500,2575,2750,2550,2600,2400,2400,2500
"Kenmore","Boston","MA","Boston","Suffolk",152,,,,,,,,,,,,,,,,,,,,,,,,,,,,,,,2950,3232,3117.5,3325,3300,3301.5,3269,3064,3000,2966,3231,3294,3192,3204,3223.5,3204,3078,3086.5,3086.5,3038,3000,3058,3038,3038,3204,3171,3192,3135,3140,3058,2937,3166,3135,3192,3135,3078,3135,3204,3135,3216,3223.5,3192,3216,3078,3200,3135,2987.5,3216,3200,3135
"Chimney Lakes","Jacksonville","FL","Jacksonville","Duval",153,,,,,,,,,,,,,,,,,1150,1112.5,1150,1197.5,1125,1100,1075,1095,1097.5,1100,1100,1100,1150,1100,1100,1145,1100,1100,1100,1085,1100,1100,1162.5,1175,1150,1146,1150,1150,1150,1100,1150,1175,1175,1195,1195,1175,1175,1150,1195,1195,1150,1150,1150,1137.5,1150,1150,1150,1175,1195,1195,1190,1199,1175,1195,1185,1195,1227.5,1225,1250,1195,1275,1200,1209,1250
"Gold Coast","Chicago","IL","Chicago","Cook",154,,,,,,,,,,,,,,,,,,,,,,,,,1715,1743,1600,1557.5,1600,1622.5,1782,1876,1665,1643,1636.5,1699,1694,1634,1646,1631,1645,1625,1625,1625,1625,1615,1615,1625,1625,1625,1626,1625,1625,1625,1625,1625,1625,1625,1625,1625,1625,1625,1625,1625,1625,1625,1625,1625,1625,1625,1625,1625,1625,1625,1625,1625,1625,1625,1625,1625
"Belair-Edison","Baltimore","MD","Baltimore","Baltimore City",155,,,,,,,,,,,,,,,,,,,,,,,,,,,,,,,,,,,,,,,,,,,,,,,,1200,1250,1300,1300,1300,1350,1300,1250,1200,1250,1250,1300,1250,1275,1200,1250,1300,1300,1300,1275,1300,1251,1250,1300,1251,1300,1300,1300,1225,1200,1200,1275,1275
"Green Valley Ranch","Henderson","NV","Las Vegas","Clark",156,,,,,,,,,,,,,,,,,,,,,,,,1495,1395,1425,1600,1600,1550,1497.5,1475,1600,1685,1695,1500,1500,1475,1500,1600,1612.5,1537.5,1775,1650,1600,1550,1500,1525,1562.5,1650,1600,1600,1597.5,1612.5,1595,1599,1625,1650,1625,1600,1600,1600,1695,1697.5,1697.5,1625,1695,1695,1695,1645,1635,1650,1680,1600,1745,1750,1625,1772.5,1650,1737.5,1590
"Rita Ranch","Tucson","AZ","Tucson","Pima",157,,,,,,,,,,,,,,,,1095,1050,1095,1095,1099.5,1100,1095,1095,1095,1100,1100,1075,1095,1095,1095,1072.5,1050,1062.5,1062.5,1080,1100,1095,1085,1097.5,1095,1100,1100,1095,1095,1100,1095,1050,1050,1050,1062.5,1075,1100,1100,1095,1099.5,1100,1095,1065,1062.5,1050,1100,1100,1050,1050,1100,1100,1095,1095,1125,1100,1100,1097.5,1100,1150,1100,1100,1150,1150,1100,1150
"Tudor City","New York","NY","New York","New York",158,,,,,,,,,,,,,,,,,,,,,,,,,,,,,,,,,,,,,,,,,,,,3624,3812,3624,3608,3500,3497.5,3497.5,3500,3616,3497.5,3616,3624,3616,3616,3616,3616,3616,3624,3624,3624,3624,3624,3624,3624,3624,3624,3624,3624,3868,3868,3624,3624,3616,3624,3616,3868,3624
"Southeast Raleigh","Raleigh","NC","Raleigh","Wake",159,,,,,,,,,,,,,,,,,,,,,,,,,,,1000,1175,1050,1150,995,1050,1100,1100,1095,1095,1100,1100,1095,1125,1150,1150,1150,1150,1195,1195,1140,1100,1100,1100,1100,1195,1212.5,1175,1195,1195,1195,1175,1195,1195,1195,1225,1240,1225,1195,1237.5,1250,1225,1195,1150,1195,1195,1150,1212.5,1195,1100,1225,1200,1250,1269.5
"Battery Park","New York","NY","New York","New York",160,,,,,,,,,,,,,,,,,,,,,,4072.5,4250,3995,3600,3512.5,3500,4000,4195,4700,4737.5,5000,4675,4650,4250,4395,4550,4775,4695,4475,4250,4295,4250,4172.5,4040,4040,4145,4145,4145,4040,4145,4145,4145,4145,4145,4145,4145,4145,4145,4145,4145,4145,4145,4145,4145,4145,4145,4145,4145,4145,4145,4145,4145,4145,4145,4145,4145,4145,4145,4197.5
"Pleasant Valley","Austin","TX","Austin","Travis",161,,,,,,,,,,,,,,,,,,,,,,,,,,,,,,,,,,,,,,,,,,,,595,595,595,595,595,595,595,595,592.5,592.5,590,589.5,595,595,595,592.5,592.5,592.5,592.5,592.5,590,592.5,595,595,595,595,590,592.5,590,590,590,589.5,589.5,592.5,589.5,589.5,589.5
"North Gateway","Phoenix","AZ","Phoenix","Maricopa",162,,,,,,,,,,,,,,,1600,1600,1625,1595,1550,1550,1650,1695,1590,1572.5,1500,1500,1525,1600,1599.5,1595,1550,1400,1495,1495,1500,1600,1650,1650,1597.5,1550,1562.5,1500,1450,1397.5,1412.5,1475,1495,1500,1500,1525,1600,1650,1747.5,1725,1695,1597.5,1600,1615,1650,1695,1695,1722.5,1797.5,1697.5,1675,1695,1650,1595,1525,1600,1650,1600,1625,1575,1650,1587.5,1550,1650,1725,1800
"Buckroe","Hampton","VA","Virginia Beach","Hampton City",163,,,,,,,,,,,,,,,,,,,,,,,,,,,,,,,,,,,,,,,,,,,,,,,,,,,,,,,,975,1017.5,1085,1037.5,995,975,985,962.5,1095,997.5,995,1025,1100,1050,952.5,950,950,995,995,1000,1100,1050,995,1095,1099
"Alamo Farmsteads-Babcock Road","San Antonio","TX","San Antonio","Bexar",164,,,,,,,,,,,,,,,,,,,,,,,,,,,,,,,,,,,,,,,,,,970,1125,1125,1142.5,1100,1057,1064,1079.5,1100,1142.5,1100,1064,1125,1115,1030,1030,1030,1030,1047,1115,1057,1030,1030,1064,1142.5,1032.5,1054.5,1045,1045,1040,1115,1100,1045,1125,1107.5,1055,1107.5,1055,1059.5
"Kyle Canyon","Las Vegas","NV","Las Vegas","Clark",165,,,,,,,,,,,,,,,,,,1250,1195,1237.5,1195,1100,1200,1250,1250,1250,1200,1200,1200,1225,1195,1185,1237.5,1297.5,1250,1200,1200,1200,1200,1200,1200,1245,1200,1200,1195,1200,1185,1200,1246,1250,1250,1250,1225,1295,1297.5,1242.5,1245,1250,1250,1250,1250,1300,1350,1295,1250,1250,1295,1295,1250,1300,1297.5,1300,1324,1300,1250,1310,1325,1350,1300,1299
"Cambridgeport","Cambridge","MA","Boston","Middlesex",166,,,,,,,,,,,,,,,,,,,,,,,,,,,,,2891,3138,3125,3084.5,2980,2900.5,2905,2900,2906,2930,2950,3065,3000,3110,3092.5,3110,3075,3075,3075,3110,3110,3180,3167.5,3092.5,3075,3075,3075,3075,3075,3075,3075,3075,3092.5,3132.5,3211,3167.5,3167.5,3180,3075,3110,3075,3075,3075,3040,3040,3075,3132.5,3186.5,3155,3298,3092.5,3193
"Power Ranch","Gilbert","AZ","Phoenix","Maricopa",167,,,,,,,,,,,,,,,,,1250,1250,1295,1337.5,1250,1195,1225,1350,1350,1275,1300,1297.5,1325,1297.5,1295,1350,1350,1350,1295,1295,1275,1295,1295,1295,1299,1300,1350,1350,1350,1350,1349.5,1300,1299.5,1300,1349.5,1350,1350,1375,1375,1385,1325,1300,1300,1325,1350,1400,1350,1450,1425,1400,1400,1425,1380,1450,1450,1450,1442.5,1450,1375,1450,1472.5,1472.5,1450,1479
"Pinnacle Peak","Scottsdale","AZ","Phoenix","Maricopa",168,,,,,,,,,,,,,,,,,4000,4000,4000,4500,4500,4500,4500,4225,4200,4000,4000,4374.5,4000,4000,4000,4000,4500,4500,4000,4100,4225,4000,4250,3500,3000,3050,3075,3200,3500,3312.5,3500,3150,3287.5,3395,3200,3600,3550,3500,3500,4000,4000,4000,4000,4000,4500,4200,4500,4500,4500,4500,4500,4800,4500,4850,4900,4500,4800,4500,4500,4000,4200,4100,4200,4000
"Old Town","Chicago","IL","Chicago","Cook",169,,,,,,,,,,,,,,,,,,,,,,,,,,,,,,,,,,,,,,,,,,,,,,,,,,,,,,,,,,,,,,,,,,1800,1790.5,1790.5,1811,1805.5,1863,1863,1935,1955,1800,1800,1760,1770.5,1790.5,1781
"North Hills","El Paso","TX","El Paso","El Paso",170,,,,,,,,,,,,,,,,,,,,,,,,,,,,,,,,,1362.5,1337.5,1300,1300,1297.5,1295,1300,1325,1325,1337.5,1300,1267.5,1300,1300,1300,1300,1300,1300,1300,1350,1350,1300,1282,1295,1295,1300,1295,1245,1262.5,1312.5,1300,1297.5,1295,1295,1350,1297.5,1295,1300,1250,1275,1300,1300,1295,1262.5,1275,1299.5,1200,1200
"Hunters Point","New York","NY","New York","Queens",171,,,,,,,,,,,,,,,,,,,,,,,,,,,,,,,,,,,,,2700,2985,2980,2893,2890,2800,2815,2817.5,2815,2802.5,2805,2823,2824,2825,2825,2815,2815,2805,2823.5,2820,2821.5,2825,2825,2815,2797,2817.5,2815,2823.5,2823.5,2821.5,2815,2810,2815,2805,2815,2815,2820,2815,2817.5,2824,2820,2815,2823.5,2823
"Wells Branch","Austin","TX","Austin","Travis",172,,,,,,,,,,,,,,,,,,,,,,,,,,,,,,,,,,,,837,925,953.5,925,933,950,1000,953,931,896,940.5,928,931,956,997.5,1007.5,956,953,967.5,967.5,950,940.5,896,925,928,925,928,940.5,987,979,979,967.5,979,950,931,925,979,997.5,987,950,931,950,967.5,950,956
"The Loop","Chicago","IL","Chicago","Cook",173,,,,,,,,,,,,,1810,1710,1720,1778,1750,1828.5,1866,1868,1902,1921,1929.5,1887.5,1871,1886,1890,1909,1918.5,1950,1989.5,2017,1958,2029.5,1930,1930,1947.5,1880,1925,1980,2095,1883,1750.5,1780,1790,1780,1780,1780,1770,1731,1750.5,1770,1780,1880,1889,1780,1780,1770,1790,1859,1834,1834,1953.5,1922.5,1780,1780,1780,1780,1780,1780,1780,1838,1831,1790,1780,1780,1770,1780,1953.5,1814
"East Cambridge","Cambridge","MA","Boston","Middlesex",174,,,,,,,,,,,,,,,,2716,2733.5,2776,2752,2800,2812.5,2968,2968,2980,2927,2990,3025,3068.5,2860,2900,2938,3150,3143,3088,3050,3045,3055.5,3108.5,3082,3060,3096,3135,3124.5,3109.5,3100,3109.5,3102,3124.5,3117,3124.5,3117,3124.5,3135,3132,3135,3158,3158,3135,3135,3133.5,3150.5,3187,3150.5,3189.5,3189.5,3190,3171,3132,3132,3135,3135,3133.5,3109.5,3124.5,3117,3135,3181.5,3171,3135,3135
"Georgian Acres","Austin","TX","Austin","Travis",175,,,,,,,,,,,,,,,,,,,,,,,,,,,,,,,,,,,,,620,640,709,741,669,687,669,657,645,657,657,669,678,678,678,657,687,678,669,687,687,720.5,698,698,678,657,657,669,678,678,669,669,669,657,669,669,669,678,678,657,687,669,669,698
"Canton","Baltimore","MD","Baltimore","Baltimore City",176,,,,,,,,,,,,,,,,,,,,,,,,,,,,,,,,,,,,,,,,,,,,2087.5,2187.5,1950,1950,1900,1900,1950,1850,1797.5,1850,1797.5,1850,1990,1850,1800,1850,1900,2087.5,2200,2000,2050,2000,2000,2000,2050,1850,1850,1850,1800,1800,2100,2100,2300,2125,2047.5,2000,2000
"River North","Chicago","IL","Chicago","Cook",177,,,,,,,,,,,,,2051,2102,2127.5,2220,2202.5,2200,2200,2265,2200,2199,2180,2175,2175,2192,2343,2295,2206,2225,2200,2100,2185.5,2230,2350,2282,2281.5,2339.5,2395,2375,2353,2309,2300,2299.5,2339.5,2342,2342,2342,2342,2309,2342,2354,2309,2300,2337,2339.5,2300,2299,2299.5,2324,2366,2369,2365,2354.5,2342,2342,2342,2342,2342,2342,2342,2342,2348,2323,2339.5,2309,2323,2342,2323,2354
"Victoria Park","Fort Lauderdale","FL","Miami-Fort Lauderdale","Broward",178,,,,,,,,,,,,,,,,,,,,,,,,,,,,,,,,,,,,,,,2900,2900,2950,2800,2875,2700,2700,2600,2650,2995,3000,2900,2900,3000,3000,3000,3200,3200,3250,3200,3200,3000,3000,3000,3000,3000,3000,3000,3000,3000,2900,3000,3150,3200,2925,3050,3200,3100,3275,3200,3000,2500
"Bouldin","Austin","TX","Austin","Travis",179,,,,,,,,,,,,,,,,,,,,,,,,,,,,,,,,,,,,,,,,,1285,1325,1275,1297.5,1285,1295,1234,1199,1229,1229,1229,1231.5,1189.5,1275,1300,1285,1231.5,1150,1250,1285,1234,1231.5,1295,1300,1300,1300,1350,1350,1300,1300,1300,1295,1275,1285,1297.5,1262.5,1295,1262.5,1250,1295
"West End","Boston","MA","Boston","Suffolk",180,,,,,,,,,,,,,,,,,,,,,,,,,,,,,,,3793,3720,3384,3305,3337,3144.5,3138,3075,3253.5,3229,3121,3076,2915,2999,3025,3025,3025,3050.5,3025,3025,3012,2997,2997,2997,2992.5,2990,2999,2999,3012,3012,2999,2999,2999,2999,2999,2999,2999,2999,2999,3012,3012,3025,3012,3012,3025,3025,3025,3025,3050.5,3025
"West Loop Gate","Chicago","IL","Chicago","Cook",181,,,,,,,,,,,,,,,,,,1753.5,1914.5,1731,1710,1710,1755,1700,1584,1606,1622,1631.5,1610,1699.5,1557.5,1465,1545,1589,1520,1571.5,1545,1495,1479,1503.5,1537,1556.5,1537,1528.5,1528.5,1532,1537,1532,1537,1537,1542,1528.5,1528.5,1537,1532,1528.5,1528.5,1528.5,1528.5,1532,1542,1532,1528.5,1528.5,1528.5,1528.5,1528.5,1528.5,1528.5,1528.5,1528.5,1537,1542,1528.5,1528.5,1537,1558,1528.5,1528.5,1542
"Zilker","Austin","TX","Austin","Travis",182,,,,,,,,,,,,,,,,,,,,,,,,,,,,,,,,,,,,,1635,1550,1495,1445,1660,1655,1600,1595,1600,1800,1680,1660,1605,1800,1860,1600,1605,1585,1595,1700,1595,1567.5,1660,1605,1590,1680,1632.5,1605,1660,1605,1600,1680,1725,1660,1800,1810,1820,1800,1800,1655,1600,1680,1632.5,1810
"New Eastside","Chicago","IL","Chicago","Cook",183,,,,,,,,,,,,,,,,,,,,,,,,,,,,,,,,,,,,,,,,,,,2115,2177,2224,2248.5,2224,2248.5,2273,2273,2273,2177,2177,2130,2130,2177,2224,2224,2177,2177,2177,2130,2130,2177,2224,2224,2177,2177,2177,2177,2177,1969.5,2130,2177,2177,2177,2177,2177,2177,2177
"Sonterra-Stone Oak","San Antonio","TX","San Antonio","Bexar",184,,,,,,,,,,,,,,,,,,,,,,,,,,,,,,,,,,,,,,,,,,,,1237,1262.5,1250,1250,1250,1250,1262.5,1285,1275,1295,1250,1250,1243.5,1295,1262.5,1250,1285,1285,1243.5,1250,1262.5,1285,1275,1301,1301,1295,1301,1309,1295,1295,1275,1250,1237,1237,1243.5,1262.5,1237
"Fulton River District","Chicago","IL","Chicago","Cook",185,,,,,,,,,,,,,,,,,1770,1763,1756,1751,1775.5,1776,1844,1851,1865,1850,2061,1993.5,1966,1955,1880,1800,1939,1960,1935,1923,1959,1900,1919,1939.5,1945,1945,1854,1867,1880,1880,1854,1867,1880,1897.5,1940,1927.5,1880,1950,1940,1915,1897.5,1940,1942.5,1930,1907.5,1867,1942.5,2030,1927.5,1880,1853,1854,1897.5,1880,1880,1880,1915,1880,1867,1854,1880,1880,1880,1889.5
"Thousand Oaks","San Antonio","TX","San Antonio","Bexar",186,,,,,,,,,,,,,,,,,,,,,,,,,,,,,,,,,,,,,,,,825,855,825,825,835.5,825,825,825,825,835.5,848,850,850,846,835.5,846,835.5,825,825,825,825,825,825,835.5,825,825,825,825,825,825,825,825,825,825,825,825,825,825,825,825,825
"Friedrich Wilderness Park","San Antonio","TX","San Antonio","Bexar",187,,,,,,,,,,,,,,,,,,,,,,,,,,,,,,,,,,,,1540,1530,1450,1495,1375,1559,1385,1625,1576.5,1559,1568,1535,1540,1585,1605,1628,1540,1568,1605,1595,1616.5,1585,1576.5,1576.5,1595,1585,1605,1595,1605,1585,1576.5,1576.5,1554,1585,1576.5,1554,1568,1592.5,1568,1554,1540,1554,1585,1568,1568
"Northwest Harbor","East Hampton","NY","New York","Suffolk",188,,,,,,,,,,,,,,,,,,,,,,,,,,,,,,,,,,,,,,,,,,,,,,,,,,,,,,,,,,,,,,,,,,29000,30000,30000,30000,34500,35000,35000,35000,36000,35000,33250,35000,35000,35000,32000
"Alafaya","Orlando","FL","Orlando","Orange",189,,,,,,,,,,,,1350,1300,1295,1295,1350,1395,1395,1350,1325,1300,1325,1350,1350,1350,1352.5,1350,1350,1350,1395,1350,1395,1350,1300,1350,1350,1372.5,1395,1412.5,1450,1445,1400,1450,1450,1495,1450,1450,1400,1399,1400,1400,1495,1495,1495,1495,1450,1450,1450,1450,1450,1492.5,1495,1495,1550,1575,1600,1550,1500,1500,1550,1550,1550,1550,1550,1500,1535,1550,1595,1600,1600
"Near Eastside","Indianapolis","IN","Indianapolis","Marion",189,,,,,,,,,,,,,,,,,,,,,,,,600,650,650,642.5,650,635,650,650,600,650,650,650,650,650,650,650,675,685,675,675,675,675,675,650,650,675,675,650,650,650,650,650,650,650,650,650,650,675,675,675,675,675,675,675,675,675,675,650,650,675,675,677.5,650,695,695,695,700
"Near Southeast","Indianapolis","IN","Indianapolis","Marion",189,,,,,,,,,,,,,,,,,,,,,,,,,,,,,,,,,650,675,650,662.5,700,700,700,687.5,675,675,695,675,700,700,700,700,725,725,725,725,700,700,700,700,700,700,700,695,700,700,695,700,700,700,712.5,700,695,695,695,695,700,725,725,730,700,750,750,725
"Chapel Hill-Ben Davis","Indianapolis","IN","Indianapolis","Marion",189,,,,,,,,,,,,,,,,,,,,,,,,,,,,,,,,,,,,,,,,,1100,1150,1150,1197.5,1195,1150,1150,1145,1150,1150,1125,1150,1145,1150,1150,1150,1099,1100,1100,1100,1125,1150,1150,1115,1150,1150,1192.5,1125,1162.5,1162.5,1150,1150,1175,1213,1199,1225,1247,1195,1225,1195
"Far Eastside","Indianapolis","IN","Indianapolis","Marion",189,,,,,,,,,,,,,,,,,,795,800,795,795,800,799,800,799,795,775,775,750,750,750,775,775,795,795,800,825,850,850,875,825,875,899,850,830,850,850,875,860,895,900,950,925,925,950,950,950,925,950,950,972.5,975,950,995,1000,985,950,895,897,895,897,912.5,950,950,975,950,950,950,975,912.5
