"RegionName","State","Metro","CountyName","SizeRank","2010-01","2010-02","2010-03","2010-04","2010-05","2010-06","2010-07","2010-08","2010-09","2010-10","2010-11","2010-12","2011-01","2011-02","2011-03","2011-04","2011-05","2011-06","2011-07","2011-08","2011-09","2011-10","2011-11","2011-12","2012-01","2012-02","2012-03","2012-04","2012-05","2012-06","2012-07","2012-08","2012-09","2012-10","2012-11","2012-12","2013-01","2013-02","2013-03","2013-04","2013-05","2013-06","2013-07","2013-08","2013-09","2013-10","2013-11","2013-12","2014-01","2014-02","2014-03","2014-04","2014-05","2014-06","2014-07","2014-08","2014-09","2014-10","2014-11","2014-12","2015-01","2015-02","2015-03","2015-04","2015-05","2015-06","2015-07","2015-08","2015-09","2015-10","2015-11","2015-12","2016-01","2016-02","2016-03","2016-04","2016-05","2016-06","2016-07","2016-08","2016-09"
"New York","NY","New York","Queens",1,550000,549990,555000,550000,549000,549000,549000,549000,548000,535000,529945,529000,525000,519000,525000,519000,520000,525000,520000,520000,519000,509000,519000,515000,5e+05,509000,5e+05,509000,519999,520000,519922,519000,515000,5e+05,529000,529000,529000,529000,535000,549000,549000,539000,540000,549000,550000,559000,565000,579000,579000,575000,575000,599000,599000,629000,634499.5,639000,639000,630000,599895.5,599999,619000,599000,609000,659000,678300,649000,658000,680000,699000,7e+05,749999,759000,789000,779000,769000,820500,799999,829000,828000,819000,825000
"Los Angeles","CA","Los Angeles-Long Beach-Anaheim","Los Angeles",2,,,,,,,,,,,,,,,,,,,,,,,,,,,,,,,,,,,375000,380000,389900,399000,415000,439000,450000,458000,479900,499000,499974.5,509999.5,510000,510000,499000,499000,499900,529000,532500,550000,562500,580000,599000,585000,575000,590000,599000,610000,617000,675000,675000,695000,699000,720000,729000,719000,729000,729000,729000,727000,725000,699972.5,742000,749900,750000,759000,775000
"Chicago","IL","Chicago","Cook",3,,,,,,,,,,,,,,,,,,,,,,,,,,,,,,,,,,,,,,,,,,,,,,,169900,150000,147900,149900,150000,150000,165000,180000,179900,179000,185000,180000,169000,157950,149900,152500,160000,169900,179000,180000,184900,194900,190000,195000,190000,180000,179900,175000,185000,199900,205000,2e+05,199900,199000,199000
"Philadelphia","PA","Philadelphia","Philadelphia",4,,,,,,,,,,,,,,,,,,,,,,,,,,,,,,,,,,,169700,174900,155000,159900,160000,159900,174900,179900,175000,174900,179900,174900,179900,175450,170000,168000,169900,169900,179000,179900,175000,166750,179900,171777,163900,169900,175950,179900,179900,189900,179000,174900,169900,169900,166892.5,159900,159900,165000,168950,169798,169849,174900,170000,169900,169900,169000,169900
"Phoenix","AZ","Phoenix","Maricopa",5,,,,,,,,,,,,,,,,,,,,,,,,,,,,,,,,,,,,,,,,,,,,,,,159994.5,168268,164749.5,159900,159900,167000,169000,169000,159900,159900,165800,165000,157000,160000,158000,169000,174900,174950,174850,175000,170000,178650,197500,206950,209000,199000,206950,215000,229900,229900,230000,230000,230000,225000,229000
"Las Vegas","NV","Las Vegas","Clark",6,,,,,,,,,,,,,,,,,,,,,,,,,,,,,,,,,,,,,,,,,,,,,,,,,175000,175000,175000,179250,185000,193500,195000,195000,199900,195000,196000,199000,199974.5,199000,196000,196000,174950,173900,190000,189900,195000,199900,189900,199000,195444,195444,199200,2e+05,204900,209950,217000,224149,229999.5
"San Jose","CA","San Jose","Santa Clara",7,,,,,,,,,,,,,,,,,,,,,,,,,,,,,,,,,,,,,,,,699000,699475,699000,699000,678990,630000,657000,596000,629500,650000,695000,685880,675000,731462.5,767380,749999.5,750000,735000,749999.5,749999.5,759000,791235,799850,799000,784000,819601,8e+05,805000,9e+05,899944,899000,912144,888000,925000,925000,953500,942000,893417.5,898900,926950,9e+05,929000
"San Francisco","CA","San Francisco","San Francisco",8,984000,998500,988000,1085000,1049000,950000,950000,968000,1050000,1085750,1050000,1049000,1032500,920000,949000,850000,879000,899000,899000,895400,877000,875000,975000,950000,899950,922000,995000,995000,1050000,1097000,1100975,1089500,1050000,1085000,1144000,1150000,1225000,1225000,1225000,1299000,1300000,1299450,1300000,1299000,1300000,1350000,1152500,1200000,1399000,1350000,1345000,1399000,1400000,1400000,1349000,1364500,1395000,1599000,1588000,1592500,1619000,1495000,1599500,1650000,1730000,1790000,1735000,1600000,1599000,1750000,1800000,1849000,1949500,1796500,1895000,1895000,2037500,2012500,1995000,1950000,1939500
"Indianapolis","IN","Indianapolis","Marion",9,,,,,,,,,,,,,,,,,,,,,,,,,,,,,,,,,,,,,,,,,,,,,,,,,,,,,,68500,62950,59900,59900,59900,65000,64450,60000,60000,61975,64900,64900,60750,59900,59000,54900,54500,50000,50000,54450,55000,55000,54950,59900,62250,68000,68000,65000
"Fort Worth","TX","Dallas-Fort Worth","Tarrant",10,,,,,,,,,,,,,,,,,,,,,,,,,,,,,,,,,,,,,,,,,,,,,,,,124950,119900,115000,118000,115000,116500,109900,118950,110000,126500,128000,117000,124900,127500,129450,148000,150000,146500,150000,150000,149900,142450,139900,135000,137450,135000,135000,136140,150000,150000,152750,163700,150000,163411
"Columbus","OH","Columbus","Franklin",11,,,,,,,,,,,,,,,,,,,,,,,,,,,,,,,,,,,,,,,,,,,,,,,,,,,,,,69900,71000,73450,75250,69900,69200,68950,68950,60000,64500,64900,60550,69900,69900,69900,69900,69900,74900,74000,69000,69450,65000,69900,69982.5,73000,72000,79500,80200
"Boston","MA","Boston","Suffolk",12,359000,355000,350000,359000,369000,369000,369000,367000,355000,359000,357450,338000,347000,329450,340000,339900,375000,362500,360000,359050,354900,340000,355000,349000,352450,359000,359900,374900,399900,409900,409900,399000,399999,399000,427000,437000,437000,419900,439450,449900,479000,524500,520000,489900,498000,475000,489000,479000,479000,493000,489900,524900,575000,569000,549900,539000,525000,537000,549000,539000,549000,549900,554000,559950,570000,588500,599000,570000,608000,6e+05,617000,6e+05,621945,599900,625000,649999.5,679450,679000,677000,650000,625000
"Seattle","WA","Seattle","King",13,,,,,,,,,,,,,,,,,,,,,,,,,,,,,,,,,,,,,,,,510000,515000,525000,535000,568900,574500,599900,525000,550000,545000,575000,549900,595000,599900,599950,6e+05,6e+05,650000,649000,625000,6e+05,645000,6e+05,625000,628999,645000,652450,635000,625000,644950,749000,728500,725000,728500,746000,824975,825000,850000,842000,807950,845500,785000
"Milwaukee","WI","Milwaukee","Milwaukee",14,93450,84900,84900,89950,84900,87400,89900,89900,89900,96500,90000,79950,79100,69900,74250,76000,74900,69900,64900,59900,59900,55000,59900,60000,69050,62500,60000,64900,72500,69900,65000,59900,59900,52000,59900,55000,54900,59900,55000,58500,62000,69000,72000,65000,61000,61100,65000,59950,64700,59900,59900,69000,72000,78000,75000,74900,84700,79700,67900,64900,60000,59000,60000,69850,74900,72000,79900,80000,84900,79900,74950,74900,69900,68950,68900,75000,83200,92500,89900,95000,87450
"Tucson","AZ","Tucson","Pima",15,,,,,,,,,,,,,,,,,,,,,,,,,,,,,,,,,,,139900,139950,136000,136900,129900,140000,140000,159500,157300,149900,158600,159900,174000,179900,187250,186500,179950,179000,180000,179700,179900,185000,190783.5,175000,169950,159900,159900,169500,169000,175750,177000,169900,160000,159900,159900,159900,159900,159900,159900,155000,159450,155000,159950,159950,170000,164095,155000
"Portland","OR","Portland","Multnomah",16,,,,,,,,,,,,,,,,,,,,,,,,,,,,,,,,,,,,,,,,,,,,,,,,,,,,,,,,,,,,419900,475000,475000,479750,515000,492000,470000,475000,525000,504000,504000,475000,485000,509000,509000,509500,599000,632000,587000,635000,599425,499000
"Fresno","CA","Fresno","Fresno",17,,,,,,,,,,,,,,,,,,,,,,,,,,,,,,,,,,,,,,,,,,,,,,,,,,225000,249950,249925,249950,249900,215000,202450,202000,222500,210000,189950,199450,199450,199900,225000,225000,227000,219900,219900,219400,219950,249450,247000,229000,226860,232000,235000,249000,269900,275500,255000,275000
"Sacramento","CA","Sacramento","Sacramento",18,,,,,,,,,,,,,,,,,,,,,,,,,,,,,,,,,,,,,,,,,,,,,,,,,,,,,279900,274950,288750,277950,282450,297000,269900,270000,270000,266900,302000,329000,315000,329000,339000,339500,340000,349950,359000,359000,350000,339000,337000,344500,354500,375000,375000,335000,335000
"Long Beach","CA","Los Angeles-Long Beach-Anaheim","Los Angeles",19,,,,,,,,,,,,,,,,,,,,,,,,,,,,,,,,,,,,,,,,,,,,,,6e+05,599450,619500,599000,582500,584949.5,599900,615000,575000,585000,606000,548000,549900,547000,559000,585000,599000,599900,622250,629900,607000,607000,645000,649000,639000,642000,610000,649450,695000,705000,730000,722500,725000,699000,675000,739495
"Miami","FL","Miami-Fort Lauderdale","Miami-Dade",20,,,,,,,,,,,,,,,,,,,,,,,,,,,,,,,,,,,,,,,,,,,,,,,,,,253033,258400,268500,265000,266500,258500,260000,293500,284900,295000,3e+05,3e+05,317000,349000,349950,325000,320000,329450,335000,349999,355000,385000,380000,395000,385000,380000,389000,399500,389000,399000,394950,415000
"Oakland","CA","San Francisco","Alameda",21,,,,,,,,,,,,,,,,,,,,,,,,,,,,,,,,,,,,,,,,,,,,,432000,438000,432500,454493,445000,452246.5,489000,499000,499000,550000,549000,549750,535000,499000,549000,530000,499000,499000,528000,515000,512450,528000,510000,549000,575000,583975,570000,528000,547000,560000,599000,649888,649500,675000,650000,654500,650000
"Cleveland","OH","Cleveland","Cuyahoga",22,,,,,,,,,,,,,,,,,,,,,,,,29900,31500,31000,29900,31000,34700,29900,29950,29900,30000,29900,30000,30000,29900,30000,32000,33900,35000,38975,39900,39500,39700,39900,42500,40000,40000,41950,44610.5,40000,41450,43900,42282,41500,40000,40000,40000,39000,36250,36300,34500,36400,35000,36500,39900,40000,40000,40000,39900,37950,38000,35000,36950,39225,39475,39900,39900,39900,40000
"Minneapolis","MN","Minneapolis-St Paul","Hennepin",23,,,,,,,,,,,,,,,,,,,,,,,,,,,128900,125000,124900,139450,139950,140000,140000,143500,140000,130000,135000,137450,149900,169700,174400,189950,189900,184950,189000,182900,179900,169900,160000,164900,175000,199000,209900,219650,219990,219900,215000,215000,209900,199900,225000,209900,214200,229900,244000,250000,249900,249950,242400,229900,239900,230000,229900,230000,247450,264950,280000,285000,289900,280000,280000
"Wichita","KS","Wichita","Sedgwick",24,,,,,,,,,,,,,,,,,,,,,,,,,,,,,,,,,,,,,,,,,,,,,,,,,,,,,,88700,89900,89900,89900,89900,88500,88500,79900,79949.5,79900,79900,84000,79900,82500,83250,79900,79900,79950,79900,79950,75000,74000,74000,79900,79900,79900,86250,74900
"Saint Louis","MO","St. Louis","Saint Louis City",25,99900,102900,114000,110000,105000,109900,105000,99900,99900,104400,104700,99900,85000,89900,89900,92900,96000,89900,89000,80000,79900,79000,77950,74900,75000,69900,71514,75000,75000,75000,79950,77500,75000,79900,89000,85000,85000,84000,85000,89950,95000,90000,92000,89900,94975,99250,90950,89000,85000,85000,89000,89000,91300,85000,84900,84900,84900,86000,88250,87000,84900,95000,94950,99000,99000,95000,95000,95000,95450,92000,93900,89900,89000,87500,89900,92900,98500,90000,89450,88250,89450
"Cincinnati","OH","Cincinnati","Hamilton",26,,,,,,,,,,,,,,,,,,,,,,,,75000,70000,73175,73175,75000,74900,79000,79850,79000,76900,78950,70000,74500,68900,70000,80095,80095,85400,86700,89700,89900,84900,79900,79900,79000,79900,79000,75000,79900,80000,85000,89900,85000,84950,85000,91000,82950,89000,89900,84900,89900,89900,95000,99000,103000,99000,99900,99900,1e+05,104000,99900,99900,99900,102400,109900,104950,99900,99900
"Pittsburgh","PA","Pittsburgh","Allegheny",27,,,,,,,,,,,,,,,,,,,,,,,,99000,98000,101900,99900,99000,99999,1e+05,104950,114500,98450,89000,96250,95000,92750,97450,110900,119900,119000,125000,119900,125000,129000,129000,126750,121000,129000,139450,148950,149900,144000,148500,139900,149900,150000,159900,151450,150000,153450,150000,159450,161700,165000,165000,165000,165000,159900,161250,179000,185000,185000,199900,199900,199900,185000,179900,175000,170000,162400
"Riverside","CA","Riverside","Riverside",28,,,,,,,,,,,,,,,,,,,,,,,,,,,,,,,,,,,,,,,,,,,,,,,,,,,,,,,403000,392500,364450,350949.5,359000,327500,349000,349900,349950,357000,385000,385000,380000,369900,399450,389999,404949.5,384999.5,385000,367000,364999,357500,356995,349900,357500,349000,362450
"Anchorage","AK","Anchorage","Anchorage",29,,,,,,,,,,,,,,,,,,,,,,,,,,,,,,,,,,,369000,344000,340000,354900,354900,350000,350000,349900,357500,359900,375000,380550,349900,379000,379000,376000,369000,389000,379000,385000,389000,394500,404950,4e+05,381250,368500,381000,409000,419000,424900,424000,430000,392000,412000,378750,399900,404950,420000,435000,429900,439560,450000,452450,449900,450000,448500,429950
"Bakersfield","CA","Bakersfield","Kern",30,,,,,,,,,,,,,,,,,,,,,,,,,,,,,,,,,,,,,,,,,,,,,,,,,,,,,239900,230000,227500,219900,230000,240000,237000,224950,217450,219975,219900,227450,222200,189900,187000,185000,187500,207450,199900,199900,215000,215000,248500,245000,224450,212500,222444,213900,199900
"Saint Paul","MN","Minneapolis-St Paul","Ramsey",31,,,,,,,,,,,,,,,,,,,,,,,,,,,,,,,,,,,,,,,,,,,,,,,,,,,,,,,195500,169900,167450,165000,179950,159450,154950,157000,179900,188450,199900,191995,182900,179900,169900,169500,162400,169900,179000,175000,169900,179450,179000,169900,165900,167000,159450
"Toledo","OH","Toledo","Lucas",32,,,,,,,,,,,,,,,,,,,,,,,,,,,,,,,,,,,,,,,,,,,,,,,,44900,48838.5,44900,49900,45000,44900,45000,49900,49900,49900,53450,44900,49900,55750,49450,52400,54900,49900,54900,57847,55900,49900,49388.5,57847,58423.5,49900,53000,59000,59900,59900,62400,64900,59900,59900
"Lexington","KY","Lexington","Fayette",33,,,,,,,,,,,,,,,,,,,,,,,,,,,,,,,,,,,164900,164950,172450,175000,172450,169450,175000,175000,205000,197000,196750,189900,189900,183900,189900,164950,160000,159950,164500,162200,155950,166400,153500,164000,169000,171400,172900,163500,179000,174400,172900,180000,169900,174000,182500,177000,189900,199900,189900,189900,184900,174975,198700,189900,199900,199900,167424.5
"Newark","NJ","New York","Essex",34,,,,,,,,,,,,,,,,,,215000,229950,242000,240000,234450,245900,219000,229000,249000,234000,220000,199000,209000,224999,215000,234999,225000,244900,244900,239000,225000,212000,222450,224999,215000,214950,225000,2e+05,225000,215000,209500,199500,199000,220000,229900,239000,255000,259900,264950,250000,250000,234900,250000,244500,235000,225000,235000,255000,290000,257500,269500,249900,249900,239500,214950,240350,280000,280000,260000,259000,267750,249900,250000,250000
"Stockton","CA","Stockton","San Joaquin",35,,,,,,,,,,,,,,,,,,,,,,,,,,,,,,,,,,,,,,,,,,,,,,,,,,,,,,2e+05,210000,235000,235000,225000,220000,210000,2e+05,199900,195499.5,199900,199900,212499.5,215000,219500,220000,232450,238000,249450,251450,240000,249000,249000,210000,210000,215000,250000,234888
"Buffalo","NY","Buffalo","Erie",36,49900,49900,49900,50000,49900,49900,49000,47900,49900,49900,49900,49000,49900,49000,49450,49000,49250,49900,49900,49900,47000,44900,49900,49900,54000,50000,49943.5,49900,49900,49900,49900,49950,49900,49900,49900,49900,54000,54900,54900,59900,59900,59900,56900,55000,55000,54900,49900,49900,49900,54900,54900,55300,59000,58000,59900,60000,64900,66400,59950,55000,56350,59999,60000,62500,64900,65000,64900,64900,64900,59900,59000,58700,59000,59072,62500,59900,59900,68700,69000,67750,69900
"Louisville","KY","Louisville/Jefferson County","Jefferson",37,,,,,,,,,,,,,,,,,,,,,,,,,,,,,,,,,,,,,,,,,,,,,,,,,,,,160000,160000,160000,160000,164950,161000,160000,163000,160000,160000,149950,158825,160000,159000,167450,175000,165000,165000,163750,149950,162450,159900,156750,156000,168700,140000,148700,152400,152400,159900
"Modesto","CA","Modesto","Stanislaus",38,,,,,,,,,,,,,,,,,,,,,,,,,,,,,,,,,,,,,,,,,,,,,,,,,,,,225000,235000,230000,224999.5,220000,229999,210000,235000,235000,239000,280000,250000,239950,249000,259000,259990,249975,255000,249000,249900,249000,261950,254500,275000,249000,225000,235000,225000,237500,249995
"Norfolk","VA","Virginia Beach","Norfolk City",39,,,,,,,,,,,,,,,,,,,,,,,,183900,183000,189900,179000,175000,175000,175000,170443.5,170000,169450,165750,155000,160000,170000,170000,179000,170000,170000,164900,169000,169900,169000,169950,179900,195000,189000,184900,189000,189000,189000,179900,182950,184950,179450,174900,167900,166700,169700,165000,175000,172000,173250,179950,179000,176000,179000,189450,174950,174950,174900,169700,169900,164700,159900,164400,166497,174950,169900
"Fort Wayne","IN","Fort Wayne","Allen",40,,,,,,,,,,,,,,,,,,,,,,,,,,,,,,,,,,,,,,,,,,,,,,,,,,,,,76700,72200,66900,70750,69900,64900,69900,69900,73900,71400,59900,59700,59737.5,59000,59700,55000,53750,59700,55900,50000,51000,53900,57900,59775,65000,63900,59700,59500,55000
"Lincoln","NE","Lincoln","Lancaster",41,,,,,,,,,,,,,,,,,,,,,,,,,,,,,,,,,,,165000,175000,166400,144000,148000,150000,135000,131900,128850,123900,119950,120000,127000,127000,127500,127000,126000,117000,117450,119900,124900,129950,126500,128000,128000,123900,137950,128000,136900,126900,129000,137900,144000,133900,124900,131250,131200,125000,129900,121100,123250,119000,110000,119900,128000,129900,120000
"San Bernardino","CA","Riverside","San Bernardino",42,,,,,,,,,,,,,,,,,,,,,,,,,,,,,,,,,,,,,,,,,,,,,,,248944,267500,286000,272400,264950,250000,250000,269000,272000,287900,286950,294500,289950,322000,331494.5,331494.5,304950,335000,344945,349900,339900,362500,359000,305950,305950,290000,290000,304495,321500,349900,325000,349900,345900,363500,377950
"North Las Vegas","NV","Las Vegas","Clark",43,,,,,,,,,,,,,,,,,,,,,,,,,,,,,,,,,,,,,,,,,,,,,,,,,,,,,,,,,,,,,,,,,,,,176000,182500,180500,151000,157500,145000,168499.5,157499.5,177000,161249.5,164950,165000,165000,162400
"Fayetteville","NC","Fayetteville","Cumberland",44,,,,,,,,,,,,,,,,,,,,,,,,,,,,,,,,,,,,,,,,,,,,,,,,,,,,,,,,,,,,,127000,127000,135000,128500,130000,142500,140000,135000,132500,129900,129000,126500,128950,129000,117000,105000,115000,109000,115000,117900,119950
"Rochester","NY","Rochester","Monroe",45,,,,,,,,,,,,,,,,,,,,,,,,49900,49900,54900,54900,54900,56900,59900,59450,54900,54900,50450,54900,54900,49900,49900,49470,49900,49900,49900,49900,49900,49900,49900,54900,57900,54900,50499.5,54900,54900,55000,54900,55000,54900,49900,49900,50000,49900,49900,49950,56900,55900,59900,54900,54900,50000,49900,49900,49900,49900,54900,52900,49900,49900,49900,49900,49900,49900,54450
"Montgomery","AL","Montgomery","Montgomery",46,,,,,,,,,,,,,,,,,,,,,,,,,,,,,,,,,,,,,,,,,,,,,,,,,,,,,,,,,,,,,,,,,,,91950,79950,79900,82450,79900,79900,90000,90000,79950,87450,95000,101950,90000,101950,110000
"Santa Rosa","CA","Santa Rosa","Sonoma",47,,,,,,,,,,,,,,,,,,,,,,,,,,,,,,,,,,,,,,,,,,,,,,,,,,,,,,,,,,,,,,519000,550000,595000,599000,599000,610000,599000,649000,599000,649250,649900,612000,552250,579250,627000,639000,689000,669000,671975,659950
"Des Moines","IA","Des Moines","Polk",48,,,,,,,,,,,,,,,,,,,,,,,,,,,,,,,,,,,134944,140000,139950,139950,129500,129500,133750,129000,119450,119000,119450,122450,137500,129900,134888,134888,140000,140000,134888,134888,141250,142500,136944,136944,125000,127900,125000,119700,119500,125000,139000,129950,135000,135000,139000,139000,132444,130000,137000,134944,139000,127500,123750,134944,130000,135000,137000
"Reno","NV","Reno","Washoe",49,,,,,,,,,,,,,,,,,,,,,,,,,,,,,,,,,,,,,,,,,,,,,,,,,,,,,,,252500,239900,250000,245000,250000,250000,259500,265000,277450,293750,314000,3e+05,320900,3e+05,320400,324950,319900,329000,349450,349450,350000,329000,324000,310000,302500,307500,305000
"Spokane","WA","Spokane","Spokane",50,,,,,,,,,,,,,,,,,,,,,,,,,,,,,,,,,,,144700,139950,140000,152000,155500,164950,165000,162000,164900,159900,159900,159900,155125,142950,139900,139900,146950,149900,156000,152900,159000,155000,151450,152900,150000,149500,144900,150000,153500,159475,149920,162900,165250,162425,159000,155000,156000,168000,165000,169900,170950,165000,164900,155000,160000,164700,160750
"Tacoma","WA","Seattle","Pierce",51,,,,,,,,,,,,,,,,,,,,,,,,,,,,,,,,,,,,,,,,,,,,,,,,,,,,,,,,,,269250,230000,235000,250000,250000,275000,284990,284995,299950,319500,299950,319250,318555,325000,322500,309277.5,275000,274900,275000,292000,299900,299925,297475,285000
"Akron","OH","Akron","Summit",52,,,,,,,,,,,,,,,,,,62000,60000,59900,57900,53688,55000,59900,59900,61450,61450,63000,54938,59000,59500,58500,58500,54688,57450,56700,54888,54900,50000,50000,53900,55450,55600,53900,56950,58950,59900,56950,59900,59900,59900,59900,59900,58950,58400,54700,54450,55900,56350,51450,53900,50000,53950,57450,59900,64900,60499.5,61000,59450,65000,62000,61000,59900,60000,60000,60000,62000,60000,62700,64194,64900
"Rockford","IL","Rockford","Winnebago",53,90950,90900,99000,97250,99000,92499.5,79900,81000,84900,84900,81000,79450,71000,71000,74900,74600,68750,66250,69900,69900,64950,62000,55900,58000,58000,59900,60000,64900,60000,67000,61500,59990,50000,54900,56000,59950,53881,55000,59950,68500,68000,74900,69900,57900,57900,58200,57900,52900,45950,44950,49900,54900,58950,59900,59900,59950,59900,59950,50450,49450,49900,57900,58900,65950,69900,62500,62950,59900,59450,61000,59900,59900,59900,59900,59900,63900,68000,64900,61000,62500,61697
"Worcester","MA","Worcester","Worcester",54,195000,195000,199900,199900,194900,189900,189900,186400,189500,183900,179950,170000,159000,150000,150000,155000,159900,164900,169900,169900,160000,160000,160000,159900,159900,159900,159450,159900,159900,159900,159900,164900,165000,189000,187900,175000,178900,178500,178900,179900,189900,199900,209900,210000,210000,199900,209900,199900,199900,201950,199900,209950,214899,217000,212900,222500,219900,218000,219000,216250,217900,215400,219200,219000,222400,225000,230000,229900,235000,235000,229000,229865,232449.5,237500,235000,232000,239950,245000,247450,245000,244949.5
"Providence","RI","Providence","Providence",55,139000,139999,139900,139900,139900,139900,139949.5,144450,139900,130000,132375,129900,129900,129900,129900,129900,134900,130000,130000,129900,129900,129900,129225,125000,129900,129000,129000,125000,122450,119900,112450,116000,119900,119950,119900,124900,124900,120000,124900,139900,134995,129999,129900,130000,139900,139900,139900,135900,134000,129900,129950,139450,139900,145387.5,149900,139900,144900,143900,141000,139900,142000,145000,149000,144900,149900,149999.5,159900,159900,161650,169200,168875,160000,163000,159000,163000,169700,174950,179000,179000,174950,169000
"Yonkers","NY","New York","Westchester",56,417500,415000,429000,429500,435000,439000,439000,439000,439000,429500,435000,425000,402500,399000,399000,399000,399000,399000,4e+05,409000,399900,399900,416993.5,424950,425000,396999.5,385000,384000,381125,399000,399000,399000,399000,399000,399990,399000,399500,399914,399457,4e+05,414503,419000,419000,399000,419500,425000,399999,419000,421500,399500,425000,425000,449000,449990,462400,469000,498250,450000,459000,450000,459000,459007,445003.5,442449.5,459000,479000,469000,459000,449611,449000,425000,410000,399000,410000,410000,410000,427000,439000,447000,450000,449000
"Chattanooga","TN","Chattanooga","Hamilton",57,,,,,,,,,,,,,,,,,,,,,,,,,,,,,,,,,,,,,,,,,,,,,,,,,,,,,,,,,,,,,,,83500,89500,84900,83200,81900,81900,83500,78500,89500,89000,86200,85900,89900,90000,91200,89000,79900,79450,73950
"Overland Park","KS","Kansas City","Johnson",58,,,,,,,,,,,,,,,,,,,,,,,,150000,156000,150000,150400,147000,149900,149950,150000,150200,149900,144250,137500,129900,134972.5,134995,134997.5,139000,137975,136950,138500,136950,139500,140000,139725,139250,138750,139500,145000,164750,145000,164725,162900,153750,149997.5,165000,163750,149900,149900,164750,164950,164725,170000,175000,177000,174725,176850,178750,177325,179325,184400,183900,187475,198950,191250,189900,184475,185000,179950
"Sioux Falls","SD","Sioux Falls","Minnehaha",59,,,,,,,,,,,,,,,,,,,,,,,,,,,,,,,,,,,,,,,,,,,,,,,,,,,,,,,,,,,,,,,,,,,,,236000,224900,221900,224900,221900,224900,222900,219900,223400,224900,224900,224900,224361
"Huntsville","AL","Huntsville","Madison",60,,,,,,,,,,,,,,,,,,,,,,,,,,,,,,,,,,,,,,,,,,,,,,,,,,,,,,,,,,,,,,,,,84000,84500,82000,80000,79000,80000,78000,74450,79000,79000,83000,80000,80000,74000,83000,86500,96000
"Topeka","KS","Topeka","Shawnee",61,,,,,,,,,,,,,,,,,,,,,,,,,,,,,,,,,,,,,,,,,,,,,,,,,,,,,,,,,,,,,,,,102400,105900,103500,103500,105500,99900,98450,91250,74900,82000,93950,91500,95000,98900,94900,93000,98000,95000
"Cape Coral","FL","Fort Myers","Lee",62,,,,,,,,,,,,,,,,,,,,,,,,,,,,,,,,,,,,,,,,,,,,,,,,,,,,216969,207250,199450,228900,207700,195950,219900,204700,214900,214900,209900,209900,199900,199900,199900,199900,215900,219900,215000,230000,232000,230000,230000,227900,224500,239900,244900,249900,250000,254500
"Springfield","MA","Springfield","Hampden",63,119450,124900,124950,125000,119900,125000,125000,117950,122900,124900,119900,115000,109000,116400,112000,109999.5,109900,119000,110000,109900,109900,109400,109900,108900,109900,99999,103500,98900,94900,95000,96900,101200,104950,104950,110000,105000,105000,109900,109949.5,119000,115950,114950,119900,119900,114900,124900,119000,121950,119000,119450,109900,119000,124900,124900,129900,129900,125000,124900,120000,120000,123400,120000,125000,127999,127100,129900,134900,133061,129949.5,131122,129900,125000,124000,124000,124900,129900,134900,135000,134900,132499,134800
"Kansas City","KS","Kansas City","Wyandotte",64,,,,,,,,,,,,,,,,,,,,,,,,,,,,,,,,,,,,,,,,,,,,,,,,,,,,,,,,,,,,,,,89900,95000,89900,90000,89925,89975,77000,79500,79500,78750,85000,92500,89975,99950,99950,101750,110000,99900,97275
"Syracuse","NY","Syracuse","Onondaga",65,,,,,,,,,,,,,,,,,,,,,,,,,,,,,,,,,,,,,,,,,,,,,,,,,,,,,,,70000,69400,70000,65400,63400,62450,61055.5,61055.5,63250,65000,64650,64900,67000,67000,61900,62950,61900,59900,59700,57900,55900,59900,59900,59900,57900,56900,56900
"Hollywood","FL","Miami-Fort Lauderdale","Broward",66,,,,,,,,,,,,,,,,,,,,,,,,,,,,,,,,,,,,,,,,,,,,,,,279000,295900,289999,269000,269450,240000,264450,249500,245000,249000,235000,221950,219950,230000,223900,249500,229000,239900,255000,275000,277000,281950,275000,249900,284900,282450,284900,284900,254950,289999,292450,299500,320000,349900,369950
"Paterson","NJ","New York","Passaic",67,,,,,,,,,,,,,,,,,,,,,,,,,,,,,,,,,,,,,,,,,,,,,,,,,210000,220000,214500,214950,224950,224900,212450,199950,198508,209900,199000,199000,199000,199999.5,199999.5,212499.5,220000,229450,227000,222000,220000,204950,2e+05,194000,189000,199000,189000,199000,199000,199000,199000,199000,199000
"Dayton","OH","Dayton","Montgomery",68,,,,,,,,,,,,,,,,,,,,,,,,,,,,,,,,,,,,,,,,,,,,,,,,,,,,,44000,39900,40500,44900,46800,49450,44900,44300,45900,46800,44900,43349.5,39999.5,40000,39950,39700,39700,41250,35950,37150,39900,37622,39950,39900,42000,42250,42000,45000,42250
"Bridgeport","CT","Stamford","Fairfield",69,169000,165000,169000,162900,159900,155000,149900,149450,149900,149900,146000,140000,149000,150000,149900,149000,149900,149900,146285,144945,139900,139900,139900,139900,139900,139900,139900,144950,140000,149500,140000,122000,142449.5,139900,149000,149450,159450,159000,159900,161469.5,169900,169900,175000,169900,159900,163500,162750,165000,160000,159000,161900,169900,170000,185000,179450,174900,169700,169950,169950,165950,169000,162500,165000,149900,155000,165000,169000,164450,165000,169450,170000,169000,169000,169000,159950,159900,164450,168750,169000,169950,179000
"Pasadena","CA","Los Angeles-Long Beach-Anaheim","Los Angeles",70,,,,,,,,,,,,,,,,,,,,,,,,,,,,,,,,,,,,,,,,,,,,,,,,,,,,,,,,,,,,,,,,,,,,,729999,729999,791500,795000,823250,889000,889000,862000,932500,930000,932500,935000,914749.5
"New Haven","CT","New Haven","New Haven",71,164900,179000,174950,170000,169450,169900,164900,159900,159450,159000,154900,150000,149900,149000,150000,149900,149900,149950,149900,149900,156700,139900,149900,149900,149900,139950,139900,149000,149000,149000,140000,140000,140000,140000,139900,140000,135000,139900,140000,140000,144900,149900,150000,149900,159000,154900,159900,159000,159000,158000,159000,177000,189450,189900,199000,179900,179900,179900,169990,169990,179000,175000,182450,197500,199000,199000,199900,196000,185000,195000,189900,189000,190000,189900,199900,199900,209900,199950,190000,189900,189950
"Compton","CA","Los Angeles-Long Beach-Anaheim","Los Angeles",72,,,,,,,,,,,,,,,,,,,,,,,,,,,,,,,,,,,,,,,,,,,,,,,,,,,,,,,,,,,,,,,,,,,365000,379950,359900,379500,362500,359000,360000,369000,380000,439000,425000,427450,419450,4e+05,4e+05
"Olathe","KS","Kansas City","Johnson",73,,,,,,,,,,,,,,,,,,,,,,,,,,,,,,,,,,,,,,,,,,,,,,,,,,,,,,,,,,,,,,,,,129950,132475,137000,131475,123750,120000,132500,132500,149950,136000,130000,130000,139950,129950,134950,140000,165000
"East Los Angeles","CA","Los Angeles-Long Beach-Anaheim","Los Angeles",74,280000,250000,265320,275000,299000,275000,272500,272500,272450,258950,261475,261475,259450,269500,270000,268000,263000,270000,277900,266000,266000,290500,272500,259950,274950,272500,275000,267500,272500,277000,279000,317500,325000,334500,329000,329000,316500,319999,320450,339000,349000,342500,349500,374900,372425,374975,375000,369950,374944,4e+05,414450,425000,425000,425000,425000,429500,439999,449900,427500,439000,427000,449999.5,449999.5,464450,464950,459900,478000,479000,470000,478000,496500,505000,5e+05,487000,485000,499000,5e+05,499450,499999,521950,5e+05
"Hartford","CT","Hartford","Hartford",75,189900,189900,189900,189900,189900,189900,180000,179450,169900,172000,169900,169900,169900,169900,168000,165000,169900,168950,160000,159900,155000,149900,158900,159000,149950,149900,149900,150000,159777,159900,159999,159777,164900,159900,159900,164900,159900,155000,152450,159000,159900,164400,169900,164950,165000,164900,165000,164950,165000,169500,165000,160000,169500,172500,169900,169900,169000,165000,167777,165000,166388.5,162750,159900,159950,169900,162609,155000,155000,154900,155000,155000,155000,155000,155000,160000,164900,168000,169000,169000,168500,164995
"Stamford","CT","Stamford","Fairfield",76,,,,,,,,,,,,,,,,,,,,,,,,,,,,,,,,,,,,,,,,,,,,,,,,,,,,,,,,,,,,,,,,562450,559900,562450,549999.5,529000,526750,529000,528500,535000,494500,477500,512000,509000,479900,532000,529000,560000,565000
"Savannah","GA","Savannah","Chatham",77,250000,250000,254900,250000,249950,249000,249450,224900,224900,224900,222450,215000,189000,192900,190950,217500,208200,222775,210000,209900,199900,199900,209900,204450,209000,209000,229000,250000,250000,250000,239900,239900,239900,239900,249000,239900,249000,245000,249000,249000,249500,237400,237400,265000,267450,250000,225000,217450,217950,225000,249000,274900,257000,275000,269000,265000,249950,248500,249900,249000,235000,249900,273900,250000,259900,265000,250000,272450,269900,249900,231450,240000,235000,249900,262450,299900,305000,329450,317500,328900,332400
"Elizabeth","NJ","New York","Union",78,,,,,,,,,,,,,,,,,,234000,250000,251950,249900,249900,249900,269900,250000,264900,259000,256950,226250,239950,249000,250000,250000,269900,269000,249900,238500,225000,237000,244900,249000,249950,254500,259950,262500,259950,259000,249950,249900,249900,249000,254450,267500,257000,275000,275000,289000,289900,284450,299000,299000,289000,272400,294900,294000,305000,312500,307000,324900,290000,3e+05,299000,269450,299000,339000,339450,344900,338900,338900,339900,339900
"Allentown","PA","Allentown","Lehigh",79,,,,,,,,,,,,,,,,,,,,,,,,129900,129900,129949.5,118950,119900,119900,114900,114900,114900,107000,105000,114950,114900,109900,119000,114900,109450,114900,126000,130000,139900,147444,139900,129000,124900,124900,124900,144899.5,144900,144900,144899.5,127000,124900,134900,124950,125000,124900,125000,127400,124900,127400,124900,125000,119450,117000,109949.5,109900,104900,109900,99900,99900,107499.5,110000,114900,124497.5,129900,120000,127450
"Cary","NC","Raleigh","Wake",80,,,,,,,,,,,,,,,,,,,,,,,,,,,,,,,,,,,,,,,,,,,,,,,,,,,,,,,,,,,,,,,,,,,291990,301150,300570,299790,299990,296831.5,307990,314990,320275,326020,337693.5,333490,322636,326990,329010
"Waterbury","CT","New Haven","New Haven",81,,,,1e+05,99900,1e+05,1e+05,99900,104750,109900,110450,99700,99500,99900,99900,109900,110900,110000,114950,110000,110000,106500,108000,109000,110000,114900,114900,114900,114900,108000,108000,105900,99000,99000,95000,93450,89450,89900,87000,79900,79900,89900,98000,99000,99000,99000,94900,89900,95000,97900,99450,94900,1e+05,99900,104900,105000,99900,99975,94250,93500,90000,89900,83900,89900,96400,98500,109900,109900,107900,109900,114900,109900,105000,115000,112900,114900,114900,115000,129900,119900,119900
"Manchester","NH","Manchester","Hillsborough",82,199900,204900,199900,199900,199900,199900,199900,199900,194900,199250,195000,199500,189900,184900,180000,185000,189000,194900,186950,195410,174900,158775,174900,174900,174950,181600,184900,189900,179900,189900,192450,189900,197000,185000,179900,179900,189900,195800,199900,225000,214900,2e+05,210000,213900,219900,214900,224900,229900,219800,219900,224900,229900,228450,224400,223900,224900,224900,215900,219250,219900,219900,219900,219500,219900,228900,228400,227900,229900,229900,229900,224900,219900,224900,224887.5,224900,224900,224900,224900,229900,239000,229900
"Lowell","MA","Boston","Middlesex",83,,,,,,,,,,,,,,,,,,,,,,,,,,,,,,,,,,,239900,229450,229900,232400,225000,229900,229000,239900,234900,249999,233450,238450,229900,224900,237450,269900,269900,284999,287450,289900,267500,259900,249900,272450,267400,249900,249900,254950,252450,275000,295000,299700,291950,289900,299900,309900,304900,307450,294950,289900,277400,294450,309900,290000,289900,299900,299900
"El Monte","CA","Los Angeles-Long Beach-Anaheim","Los Angeles",84,,,,,,,,,,,,,,,,,,,,,,,,,,,,,,,,,,,,,,,,,,,,,,,,,,,,,,,,,,,,,,,,,,,,,694000,689000,689000,689000,689000,730000,788000,670000,687000,672500,660000,640000,717500
"West Palm Beach","FL","Miami-Fort Lauderdale","Palm Beach",85,,,,,,,,,,,,,,,,,,,,,,,,,,,,,,,,,,,,,,,,,,,,,,,,,,,,,,,,,,,,,,,,279500,239000,239000,2e+05,212000,202500,219000,252450,260000,249900,249900,257000,254500,270000,249900,260000,249900,262500
"Columbia","MO","Columbia","Boone",86,,,,,,,,,,,,,,,,,,,,,,,,,,,,,,,,,,,,,,,,,,,,,,,,,,,,,,,,,,,,,,,129950,130000,130000,135000,139900,144950,139500,150000,145000,145000,150000,145000,152000,150000,152500,155000,139500,150000,140000
"Erie","PA","Erie","Erie",87,60450,65450,66900,66900,67750,67500,65900,65000,64999,64999.5,64900,65000,65000,65500,64950,64900,64400,65000,59900,60000,63900,65000,59900,59900,59900,62900,59900,59900,55000,57500,55000,58950,59900,60000,59900,59900,61900,63900,62900,62700,59900,59900,59900,57450,55250,55000,56900,57950,58500,59000,57975,59000,62000,60000,64900,68900,65400,65400,63000,62000,61500,62000,57750,59950,59950,60000,60500,59900,58950,56500,54900,54950,55000,59900,55000,58000,58950,58450,58250,58000,58000
"Green Bay","WI","Green Bay","Brown",88,,,,,,,,,,,,,,,,,,,,,,,,,,,,,,,,,,,,,,,,,,,,,,,,,,,,,,,,,,112450,112450,122400,129900,136200,139900,142400,138000,149900,159900,159900,159900,139900,159200,139900,159900,162400,156800,169900,149900,149900,141950,158450,159400
"Albany","NY","Albany","Albany",89,129700,139900,139900,138750,138750,139900,134999.5,119000,126950,119000,125000,125950,125950,124000,125000,119900,124950,129900,134500,134900,134949.5,129900,139900,134900,129900,123450,124838.5,125000,125000,129900,129900,129900,129900,134900,129900,124777,119000,124900,129900,137000,139950,158900,144900,147993.5,149900,145000,144900,144450,135500,122450,119900,124900,129900,129900,129450,134900,130000,129450,134900,134900,129900,135000,139450,140382,152450,155000,145000,139900,141900,144950,139950,139900,135000,119900,114900,119900,128250,134900,131978.5,129000,134900
"Brockton","MA","Boston","Plymouth",90,,,,,,,,,,,,,,,,,,,,,,,,,,,,,,,,,,,,,,,,,,,,,,,269000,259900,249900,269945,269600,269990,279450,269900,272495,272445,269900,289900,279900,289900,277450,306450,319000,314000,329900,329900,325000,329000,329500,329700,329900,339900,334500,339000,339950,349899.5,344000,347999,349900,349900,339900
"Lehigh Acres","FL","Fort Myers","Lee",91,,,,,,,,,,,,,,,,,,,,,,,,,,,,,,,,,,,,,,,,,,,,,,,,,,,,,,,,,,120000,121800,123800,124499.5,119900,119000,122900,123950,129900,135000,132950,139900,145000,155900,156900,159900,158000,159900,159900,159900,159900,169900,164500,172450
"Kenosha","WI","Chicago","Kenosha",92,,,,,,,,,,,,,,,,,,,,,,,,,,,,,,,,,,,,,,,,,,,,,,,,,,,,,,,,,,,,,,,,,,,,87500,94900,92400,96900,97950,99000,95900,104950,104900,109000,105900,99450,108000,108950
"New Bedford","MA","Providence","Bristol",93,189900,189900,189900,179900,175000,175000,175000,179900,179900,179825,175375,174900,175000,175000,174950,168200,175750,169900,174900,167000,165450,162000,164900,160000,161000,159900,165500,166000,169900,169900,169900,162450,159900,159900,159900,159900,154450,154900,149900,158700,159900,159900,155000,159000,159900,159900,169000,169000,169000,174999,169900,169900,177900,179950,179900,178900,178400,179900,179900,179900,179900,169650,169900,164900,169331,168615.5,173000,184500,179900,179900,184500,185000,181250,181250,179900,177400,179900,179900,174900,179900,179900
"Lynchburg","VA","Lynchburg","Lynchburg City",94,,,,,,,,,,,,,,,,,,,,,,,,,,,,,,,,,,,,,,,,,,,,,,,,,,,125000,122500,119450,122400,127950,126900,131950,120449.5,119900,117000,119900,114900,118400,116900,124900,113900,112900,112900,110900,110900,112900,97000,98500,93700,93500,91250,104900,98600,104900,89900,89900
"Fall River","MA","Providence","Bristol",95,224942,225000,224900,222900,224900,219900,219900,212000,204900,202450,211950,209900,199900,199900,189900,179450,192400,195000,199900,199000,199000,199000,189900,189200,188500,179900,189450,189900,189900,194500,199450,2e+05,189900,189900,189950,179900,175450,175000,175000,171650,179900,189900,197500,214900,214900,219900,224900,219900,214900,219900,210000,209900,207450,215000,219900,210000,219900,219900,229450,224900,223900,219900,219900,219900,232400,219900,210000,208900,204500,2e+05,209000,199900,199000,199900,199900,209500,219900,219900,226250,234500,222450
"Nashua","NH","Manchester","Hillsborough",96,,,,,,,,,,,,,,,,,,,,,,,,,,,,,,,,,,,,,,,,,,,,,,,,,,,,,,,,,,,,,,,217400,225000,239900,238000,220000,209000,202499.5,202499.5,219900,224900,227000,225000,226950,229900,224000,228900,232400,240000,261950
"Lynn","MA","Boston","Essex",97,226950,203450,217400,229881,237250,232450,229900,244900,239900,229500,229950,229900,224500,229000,217000,219450,229000,219000,219811.5,219000,229900,229900,225000,209000,219000,219000,229450,239000,239000,239500,239050,228000,238500,239900,249900,239000,239000,249900,257450,259900,259900,289900,289900,294900,289450,289900,289900,288150,299000,299450,299900,309000,314450,335000,339700,339900,349900,339900,349888,339900,329900,319000,329900,329999,359900,349900,360000,369000,369949.5,369900,369900,369450,365000,369000,384950,390000,389997,389948.5,419900,425000,401997.5
"Cicero","IL","Chicago","Cook",98,,,,,,,,,,,,,,,,,,,,,,,,,,,,,,,,,,,,,,,,,,,,,,,,,,,,,,,,,,,,,,,,,,,147000,147750,148500,159925,157450,149900,149999,149900,149900,144900,151950,149900,149900,149900,149900
"Norwalk","CT","Stamford","Fairfield",99,,,,,,,,,,,,,,,,,,,,,,,,,,,,,,,,,,,,,,,,,,,,,,,,,,,,,,,,,,,,,,,439900,394500,405000,399000,370000,427100,440000,427500,427500,420000,419000,369000,399500,406950,443000,439000,448450,430000,424750
"Town of Poughkeepsie","NY","New York","Dutchess",100,187450,175000,170750,173000,179000,176400,167925,168462.5,169900,169900,169900,160000,165000,165000,177450,166000,165000,179000,179000,180000,177000,175000,172500,160000,162000,159900,159900,159900,159950,159950,159000,159900,159000,149950,158000,169450,169000,164450,164900,152797.5,155000,159450,150000,149900,149900,149900,150000,150000,147400,139600,154500,160000,165000,165000,159000,159950,151500,157500,156000,159000,149450,149900,149000,149900,149900,150000,149900,165000,159000,159000,145000,132450,134900,130000,130000,130000,145000,145000,149900,159000,159000
"Quincy","MA","Boston","Norfolk",101,,,,,,,,,,,,,,,,,,,,,,,,,,,,,,,,,,,,,,,,,,,,,,,,,,,549900,532400,504015,499900,542450,549000,549000,559900,559450,559000,563694,554200,558500,594450,579900,574900,557500,599000,609500,599000,599000,598950,599000,595000,595450,579000,579900,587450,595000,599000,592444
"Lees Summit","MO","Kansas City","Jackson",102,,,,,,,,,,,,,,,,,,,,,,,,,,,,,,,,,,,,,,134000,135000,145000,134000,117250,120000,118950,109450,118700,112000,112000,113000,112900,109900,109950,123700,130000,137000,134900,126200,110900,114200,118700,112500,121000,116250,115000,115000,121250,120000,114000,115000,123500,123500,121750,119750,116450,129900,130000,135875,125000,123250,124000,126250
"Cranston","RI","Providence","Providence",103,219859,229000,229000,219000,224900,219000,199900,199900,199900,199900,199000,179900,184900,179500,179700,179250,179000,169450,172000,161950,164950,169900,169900,165400,159900,159900,162400,157400,169900,169450,154900,142949.5,150000,151450,151450,152900,150000,152450,149950,156950,149900,171300,165000,167450,174900,172400,163950,160000,149500,164950,169450,177394,179900,174888,174900,178450,162450,166200,169000,169000,172449.5,179900,182400,172200,179900,182500,182036.5,195500,185000,179900,169900,169900,174900,186750,199900,195500,189900,187450,189900,194450,219900
"Lawrence","MA","Boston","Essex",104,,,,,,,,,,,,,,,,,,,,,,,,,,,,,,234921,235410.5,239450,255950,249900,249900,249900,249723,239900,249811.5,254900,259311.5,249900,255500,262400,259900,255000,255000,255000,254900,257450,259450,274900,274900,274900,269900,274900,274900,274900,267400,276450,278000,274000,269900,269900,279900,289900,289900,289900,292200,299000,299900,299900,301450,309900,319900,324900,329000,319450,329700,329900,329900
"Eau Claire","WI","Eau Claire","Eau Claire",105,,,,,,,,,,,,,,,,,,,,,,,,,,,,,,,,,,,,,,,,,,,,,,,,,,,,,,,,,,,,,109400,109400,117500,109900,108589,108900,112900,111589,119450,119900,124900,119900,135500,130200,109900,114500,112500,115000,114900,129430,127900
"Scranton","PA","Scranton","Lackawanna",106,125000,125000,124500,124950,119700,122450,124900,115000,115000,109450,119000,112400,99900,105000,105000,105000,109000,114500,115000,114950,113750,105000,109000,1e+05,99900,99950,99900,99900,99900,99900,99700,99500,95000,93450,92450,95000,89900,89900,88000,89900,95000,95000,95000,95000,98500,98500,104900,109000,105000,109000,109000,99000,104900,99900,99000,99000,99000,99000,99000,99000,99000,99000,94900,94900,99000,99000,93700,89950,92700,89900,89000,84900,81950,79900,79900,84000,88000,86000,80000,83900,84900
"Somerville","MA","Boston","Middlesex",107,,,,,,,,,,,,,,,,,,,,,,,,,,,,,,,,,,,,,,,,,,,,,,,,,,,,,,,,,,,,,,,878938,899000,849000,849900,882000,899388,959000,982000,1049500,989900,950000,992450,975000,925000,937000,899450,912499.5,892500,910000
"New Britain","CT","Hartford","Hartford",108,189000,186450,180000,185000,185000,179900,179900,185000,179900,179900,179900,179000,175000,172400,169900,169900,169900,168000,165900,165450,165000,159999,159900,159450,155000,159000,164900,165000,159950,155000,154950,149900,144500,139900,144000,144000,142500,141350,146500,140000,139900,145000,149900,157450,157000,159000,160000,158500,149900,149900,159900,159450,149900,154500,162000,149950,150000,159949.5,160000,149950,149900,140000,139900,149900,159900,164950,164900,164900,164950,162450,155000,149900,149900,149900,159000,159900,159900,159900,159900,159995,159900
"Saint Joseph","MO","St. Joseph","Buchanan",109,,,,,,,,,,,,,,,,,,,,,,,,,,,,,,,,,,,,,,,,,,,,,,,,,82500,82500,97000,96500,94500,94500,82500,91500,88500,96000,97750,96000,94500,80000,80000,74900,81000,89900,95500,89900,89900,81000,79900,79900,74900,76450,71400,72400,74950,73900,79900,72500,76900
"Pawtucket","RI","Providence","Providence",110,149995,169900,169900,175000,175000,177500,169900,169900,164900,159000,154900,149900,149900,149900,149900,147900,149900,145900,147500,148700,149000,147500,140250,139900,132250,133000,130000,139000,129900,129900,119900,124900,128950,127950,138340,129900,125900,119900,135000,149000,149900,149900,149900,149900,159450,150000,149900,150000,155000,159900,169900,170000,177900,179900,179900,170000,169900,169900,168500,165000,165000,169900,169900,186675,179900,174950,179900,179900,179900,179900,179900,169900,164900,165000,169900,179900,189450,189900,190000,193000,199900
"Wilmington","DE","Philadelphia","New Castle",111,,,,,,,,,,,,,,,,,,,,,,,,,,,,,,,,,,,,,,,,,,,,,,,,,,,,,,,,,,139900,150000,134999,139999,149999.5,134900,135000,132400,139000,124900,132500,139950,162400,160000,169900,169900,155000,154950,167400,159900,149950,147450,167400,167400
"New Rochelle","NY","New York","Westchester",112,499000,499000,499000,499000,499000,479999,465000,460200,465000,457500,475000,465000,465000,457500,467000,469000,469000,469000,474500,468000,459450,475000,464950,437450,419000,412000,399000,399000,365000,389000,399900,4e+05,399000,402750,392450,399900,415000,435000,429000,399500,415000,429021,449000,399000,402499.5,419500,424500,420000,417950,419000,416900,425000,419000,434510,434510,444999.5,439999,439999,449021,454500,450000,454010.5,429021,419000,452000,429021,455000,429021,425900,429510.5,449900,449000,465000,449900,450000,479450,519000,525000,504000,519000,487010.5
"Apple Valley","CA","Riverside","San Bernardino",113,,,,,,,,,,,,,,,,,,,,,,,,,,,,,,,,,,,,,,,,,,,,,,,,,,,,,,279000,279000,279700,279700,272450,269000,269950,269000,274500,264450,273250,274125,277000,279000,278500,278500,279995,279990,285000,285000,289000,294950,305799,299900,299900,335000,340000,314000
"Rome","GA","Rome","Floyd",114,,,,,,,,,,,,,,,,,,,,,,,,,,,,,,,,,,,,,,,,,,,,,,,,,,,,,,121400,118900,117400,114900,112450,114900,110000,108500,114900,115000,124900,124950,121950,119000,106700,112450,114900,107400,104900,109900,104900,114900,114950,119900,119900,119200,109900,119900
"Mount Vernon","NY","New York","Westchester",115,399000,399000,399000,399000,395000,389000,399000,397000,392500,390000,388800,372450,359000,349000,349000,349000,350000,359000,354500,365000,375000,369000,350000,350000,350000,349500,353999.5,364000,375000,359000,359000,350000,347000,347000,339000,328260,345000,349000,329000,329000,325000,319010.5,320000,318510.5,318000,322500,325000,329000,3e+05,3e+05,310000,315000,320000,325000,330000,350000,339000,349450,349900,350000,350000,359900,349950,369000,369000,369000,359000,369000,367000,350000,354500,350000,330000,339950,350000,350000,359000,337000,350000,350000,350000
"Harrisonburg","VA","Harrisonburg","Harrisonburg City",116,,,,,,,,,,,,,,,,,,,,,,,,,,,,,,,,,,,,,,,,,,,,,,,,,,,,,,,,,,,,,,,,,174900,189900,213700,206200,199900,206200,239900,213700,235000,213700,212700,212500,217000,234900,234950,232200,234900
"Bristol","CT","Hartford","Hartford",117,174900,174900,174900,167800,164900,159900,163000,159900,163950,169900,169900,169900,164900,159900,149900,157500,158450,147400,144900,149900,149900,159500,159900,159900,159900,159900,155000,159000,159900,152400,149900,147450,145000,145000,147000,145000,139450,147400,149900,143500,139000,141000,150000,167900,165900,169900,156950,151900,149900,159900,162900,161400,163900,164200,163500,163500,159500,159000,159900,159900,154950,159450,159900,159000,159450,160000,159900,164950,161950,164900,166950,159900,159900,159900,161900,164900,164950,163950,163950,164900,155500
"Meriden","CT","New Haven","New Haven",118,192450,192450,179900,184900,179900,172500,169950,169900,169900,154900,169450,149900,159000,139950,144900,149900,149900,149900,149900,158450,149900,149900,149900,144500,140000,154900,159900,139900,149900,149900,154950,159900,149450,145000,149900,142450,147000,154000,149000,142450,129900,125000,124900,122450,119900,125900,139900,147000,147000,139900,149900,149900,147000,155450,155000,154900,160900,163400,159900,159900,162400,149900,148450,149900,147450,149900,139900,149900,154900,155900,154900,159900,154950,152450,152450,149900,149900,152450,137900,135250,139000
"Haverhill","MA","Boston","Essex",119,,,,,,,,,,,,,,179000,180000,180000,158500,158500,169000,170000,169900,150000,152700,164900,179000,183950,182450,199900,199900,219900,202450,195000,192450,209900,209900,209900,196250,198250,219900,225000,229900,234950,239900,249000,234900,244450,234900,215900,249950,249900,249900,249900,249900,249900,249900,259900,242000,245000,242000,234900,227400,260000,234900,254900,289900,299000,299000,294000,275000,279900,299900,289700,284000,274900,279900,279900,289000,291950,299900,299900,289900
"Manchester","CT","Hartford","Hartford",120,195000,194900,221950,221950,224450,224450,219900,225900,229900,219900,222800,219900,2e+05,199900,197400,188900,189900,189900,199900,199900,209900,199900,199900,198500,189900,175000,184900,179400,179400,179900,174950,174900,169900,167450,169900,167450,169900,174900,179900,179700,169900,169900,175000,179500,160325,168000,168000,167400,166200,169900,159900,169900,172450,179900,179900,169900,174500,174700,169900,169900,169900,179900,179900,174900,179900,181900,183900,184400,186900,174900,169900,157450,154200,164900,169900,184900,186400,187900,189450,196450,189900
"Florence-Graham","CA","Los Angeles-Long Beach-Anaheim","Los Angeles",121,,,,,,,,,,,,,,,,,,,,,,,,,,,,,,,,,,,,,,,,,,,,,,,,,,,,,,,,,,,,,,,,,,,397000,379500,395000,389500,392000,397000,414700,384500,404950,412450,409900,424000,415000,424000,420300
"Newport Beach","CA","Los Angeles-Long Beach-Anaheim","Orange",122,,,,,,,,,,,,,,,,,,,,,,,,,,,,,,,,,,,,,,,,,,,,,,,,,,,,,,,,,,,,,,,,,,,2495000,2398000,2397500,2495000,2499000,2550000,2499000,2349500,2372000,2257500,2250000,2397000,2525000,2550000,2495000
"Berwyn","IL","Chicago","Cook",123,,,,,,,,,,,,,,,,,,,,,,,,,,,,,,,,,,,,,,,,,,,,,,,169000,180000,172200,178250,177000,179500,179250,179900,194999,209450,219950,229950,217590,204480,191400,215000,219900,239900,239900,240000,247000,245000,239888,239450,239250,236900,234999.5,239000,240000,249900,250000,255400,269000,252400,249900
"Schenectady","NY","Albany","Schenectady",124,97900,94900,89900,89900,89900,89500,89000,87000,84900,79900,76000,74900,73900,73950,75000,79900,80249.5,79250,79700,79900,75450,74700,79900,79000,77000,75000,75000,79000,75000,75000,75450,79900,80000,80000,79900,79900,82000,79900,79900,79900,79900,78950,78950,78950,75450,75450,75000,76950,79900,79900,79000,79900,79900,79900,79900,79900,77838.5,72900,69900,69500,69900,69900,69500,69500,70000,70000,68500,69450,69450,68750,66250,65000,65000,59900,59900,59450,59900,67250,73900,69000,68000
"Chicopee","MA","Springfield","Hampden",125,,,,169900,182200,182200,184950,185500,191450,191450,186700,179000,169900,169900,169900,176400,171400,174400,177400,189950,174950,165000,170000,175000,170000,172500,175000,169500,165000,165000,165000,159900,154900,159900,158950,169000,169900,189900,186450,189900,189950,188200,180500,179250,198888.5,175000,175000,174900,175000,152900,179900,179900,179000,179900,187450,179900,185000,175000,184900,179900,184950,179900,187000,189000,191950,194900,177950,179900,176000,194900,192400,189999,189950,194950,192500,210000,210000,200500,197000,180000,184950
"West Haven","CT","New Haven","New Haven",126,199900,199900,213800,219900,219900,219900,199900,215000,199450,192950,195900,199900,199900,199900,199900,199900,199900,194900,179900,179900,169900,169900,192450,195000,192500,189900,189900,189900,199000,189900,189900,189900,189900,189900,209000,205700,204000,195250,209000,209000,209000,204000,199900,209450,199450,187900,182450,179900,179950,179900,179900,187000,188500,178450,179900,183500,179900,179900,187400,174000,170700,169900,174000,199900,207000,229000,227000,222800,219950,219900,199900,202450,205000,199900,199850,195900,199900,199900,210200,215000,207450
"Plainfield","NJ","New York","Union",127,,,,,,,,,,,,,,,,,,,,,,,,,,,,,,,,,,,,,,,,,,,,,,,,,,,,,,,,,,,,,,,,,,,199900,199450,189000,194000,189000,182000,189000,196950,219900,215000,224950,189950,190000,190000,192500
"Troy","NY","Albany","Rensselaer",128,104950,109000,109900,109900,109900,109000,109898,105000,102500,107000,1e+05,99900,99700,96950,99450,98000,1e+05,105000,99900,99900,99500,89900,89900,89900,89900,93350,90850,89900,94900,94870,95000,95000,97500,92000,92250,89900,89699.5,89899.5,91900,95350,109000,109825,109750,109750,99000,95000,92500,98750,95000,95000,97000,103455,105000,104450,104900,103000,99900,99900,99700,99700,99000,99700,99900,95000,87499.5,89000,95450,95000,95000,94950,89900,88949.5,89950,84900,84900,86100,96000,99900,99900,99900,99900
"Niagara Falls","NY","Buffalo","Niagara",129,,,,,,,,,,,,,,,,,,,,,,,,,,,,,,,,,,,,,,,,,,,,,,,,,,,44900,44900,45450,49900,49900,47250,49000,49000,50000,45000,44900,44900,43900,42900,44900,44900,44900,44900,44950,44950,45000,44900,44200,44900,49000,49000,49900,48250,48500,45000,49900
"Middletown","CT","Hartford","Middlesex",130,,,,,,,,,,,,,,,,,,,,,,,,,,,,,,,,,,,,,,,,,,,,,,,,,,,,,234900,214900,217449.5,224999,224999,214900,204900,199000,199900,224950,219900,205000,190000,184500,189700,179900,179900,179900,184900,179874,175000,175000,172400,174900,179450,179000,169900,169900,169900
"Revere","MA","Boston","Suffolk",131,339000,329450,329900,339000,344000,339000,339900,339888,349900,354900,364749.5,364500,349000,314900,329900,344000,341500,314949.5,304950,3e+05,309900,319450,319000,309900,327000,3e+05,299950,307450,320000,319900,314900,349900,349750,334000,349950,344900,364900,379900,359995,364947.5,359990,370000,359900,369000,384000,389900,389974,379000,394900,429999,389900,399900,399900,409950,424450,399143,429000,429000,429000,419900,409000,425000,416950,407400,399000,436944,450000,475000,475000,475000,475000,469944.5,479900,472494.5,459949.5,449900,454499.5,496450,499900,499900,489949.5
"East Hartford","CT","Hartford","Hartford",132,176950,179900,180000,180000,183500,184900,189900,189900,189450,172500,189200,188200,179900,187750,173400,159900,177400,177400,168150,159900,159000,149900,149900,144950,159200,153800,149900,153800,147100,140000,142500,159900,169900,169900,154900,147400,157450,159900,155900,159900,169900,172400,174900,172400,175000,179900,175000,175000,167950,175000,164900,179900,179900,175000,174900,174900,172400,164900,163200,164900,164047,174900,164047,149900,149900,164900,159950,164900,164900,158000,174000,169949.5,175400,149900,152900,160999.5,179900,155900,179900,170000,179900
"Binghamton","NY","Binghamton","Broome",133,69900,69900,69900,69900,69949.5,65000,64500,64900,67500,68700,68700,69950,69950,70000,73725,69900,69900,72450,72000,72750,73500,79900,79000,79000,75000,75000,79000,73500,75000,75000,74900,75000,76250,75000,76250,69900,75000,74950,75900,71500,71500,76900,77750,72500,70000,72500,69900,69900,69900,69900,64950,64950,69900,70000,72900,75000,74700,74000,79250,78000,77400,75900,75000,72250,74900,75000,77000,75000,72000,72750,75500,75000,72750,70000,73500,70000,73250,70000,70000,68250,69000
"Lakewood","OH","Cleveland","Cuyahoga",134,110000,112000,111100,123000,119900,114900,124900,119900,115000,119700,114987,114500,114000,107500,103900,99900,99900,99900,99900,99900,99700,94997,99800,99900,109900,110000,102950,110000,114700,114700,109000,99500,99000,99825,105450,105900,109000,109900,112900,99990,107450,109000,109000,108000,103000,104500,102450,99000,95000,95000,98250,94900,99900,114950,119000,109950,119900,124900,124900,120900,121200,119200,123000,114950,114900,119900,119900,115000,119900,119450,119900,123900,119900,122879,124900,129450,129900,139900,139900,139500,137750
"Cleveland Heights","OH","Cleveland","Cuyahoga",135,,,,,,,,,,,,,,,,,,,,,,,,,,,,,,,,,,,,,,,,,,,,,,,,,,,,,,,,,121500,121500,113500,99900,109500,94950,102450,99900,105000,112450,114900,99950,99950,105000,110000,1e+05,109500,105000,100250,105000,99900,99900,110000,110000,110500
"Town of Elmira","NY","Elmira","Chemung",136,,,,,,,,,,,,,,,,,,,,,,,,,,,,,,,,,,,,,,,,,,,,,,,,,,,,,,65500,64900,59900,55950,54900,55000,54950,55000,55000,52500,54900,54900,53500,54900,56450,54900,52500,59000,59900,59900,59949.5,59900,59900,59900,59900,59900,59900,59900
"Pittsfield","MA","Pittsfield","Berkshire",137,159900,159900,159900,157000,159000,149900,149900,149000,149900,149900,153950,154900,149900,139900,139900,139900,139900,139900,139000,139000,136000,138000,138500,136000,136000,129950,135000,139450,139950,139000,139000,139000,137000,136000,132450,120950,125000,110950,127450,133900,133900,134450,136000,119997.5,119947.5,119900,119900,114000,114900,119900,119900,114000,107500,110000,118000,124000,129500,130000,128700,122700,123950,123950,129000,125000,124900,129900,129950,136950,139000,132400,129900,129900,129900,129900,119200,126900,129900,129450,129900,129900,129900
"York","PA","York","York",138,65000,64200,64200,61750,61750,61750,67700,64900,64900,69900,77000,74200,69900,61900,69900,62450,61000,64000,64950,69900,68900,66500,69000,69000,69500,65000,66000,69900,69900,69900,69900,69900,67000,69900,69900,69900,69900,69900,74700,69950,69900,74900,74900,74950,74900,69900,69900,69900,69950,70000,74900,69950,65500,69900,69900,64900,63950,62900,62900,62500,55000,62500,62500,62900,65450,62450,62200,64900,59900,59900,64900,65000,67900,65450,64700,63700,68950,65900,64900,66450,65900
"Taunton","MA","Providence","Bristol",139,,,,,,,,,,,,,,,,,,,,,,,,,,,,,,,,,,,,,,,,,,,,,,,,,239000,229000,199900,199900,217350,225000,229450,234500,244900,229000,245000,229900,244900,244450,249900,239000,257400,237000,244900,247450,259000,259900,264000,269000,259950,254900,254900,257400,252450,259950,254450,249900,249900
"Woonsocket","RI","Providence","Providence",140,150000,149950,149900,142900,142900,139900,139900,137810,139900,139900,139900,139000,127900,128900,129900,131900,139900,139900,139900,129900,125999,119000,112450,110000,109900,119950,119000,119950,127000,110000,119900,109888,101400,103950,119450,109900,122160,110000,119320,117000,121450,120000,125600,119900,120000,119000,119900,119999,119900,119900,112500,119000,124900,124950,129900,139621,139900,139999,139000,119900,119900,112125,111000,114050,119949.5,125000,129900,130000,132450,134900,139900,129450,129900,119450,119950,125000,124900,122900,124950,127400,133500
"Fitchburg","MA","Worcester","Worcester",141,144900,137450,119000,129000,129000,129900,129900,135000,125000,124700,125000,119000,119900,129900,129950,119900,119900,120000,124950,124950,135950,135000,125000,124900,119950,122450,122450,125000,125000,124900,125000,124950,125000,125000,131900,129900,119900,119900,119900,124900,139900,137450,144950,139949.5,139900,139900,139900,142350,144900,144900,142900,137950,139950,139900,139900,139900,135000,135000,139900,135000,134900,134900,132400,134900,145000,139900,149000,149900,142000,149900,149900,143450,143450,142000,134900,133000,139000,149900,144900,144900,149000
"Wilkes-Barre","PA","Scranton","Luzerne",142,,,,,,,,,,,,,,,,,,,,,,,,,,,,,,,,,,,,,79900,89900,89900,94900,1e+05,88900,79000,81449.5,79499.5,81449.5,84950,88900,89900,86000,85000,85000,85000,85000,86500,86500,83200,79900,77450,74995,76000,89250,87750,89000,89900,95000,98500,94000,95000,89900,83450,79900,74950,69950,69950,69900,76500,78500,78750,75900,74900
"Tonawanda","NY","Buffalo","Erie",143,,,,,,,,,,,,,,,,,,,,,,,,,,,,,,,,,,,,,,,,,,,,,,,,,,,,,,,,,,,,,,,,112450,121250,120000,119900,114999.5,119900,119900,119900,116950,116450,115000,114950,119900,117450,118500,119900,120958.5,119950
"Naples","FL","Naples","Collier",144,,,,,,,,,,,,,,,,,,,,,,,,,,,,,,,,,,,,,,,,,,,,,,,,,,,,,,,,,,,,,339000,329900,329000,329900,329000,315000,330000,347500,349000,339000,349000,349000,319900,332495,337495,319000,282450,291950,284900,310000,350000
"Covington","KY","Cincinnati","Kenton",145,,,,,,,,,,,,,,,,,,,,,,,,,,,,,,,,,,,,,,,,,,,,,,,,,,,,,,,,,,,,,,,,,87450,87250,87250,85000,79900,79500,82450,79500,79700,84500,84700,89900,93500,82500,89900,89850,88350
"Norristown","PA","Philadelphia","Montgomery",146,,,,,,,,,,,,,,,,,,,,,,,,,,,,,,,,,,,,,,,,,,,,,,,,,,,,,,,,,,,,,,,,,,,,119000,119950,125000,125000,129000,129450,127450,122500,116000,116500,118500,118500,119000,119450
"Lewiston","ME","Lewiston","Androscoggin",147,145000,145000,142500,139900,139950,140000,143500,145000,142500,139735,134000,125000,125000,125000,127450,115000,125000,125000,127900,133765,126450,125000,125000,121500,120750,119950,131250,129000,121500,119000,119500,113750,120500,116500,122450,115000,110000,109900,115000,115000,115000,120000,119000,119000,115000,130000,127000,127500,119500,122250,131500,126450,125000,132000,129000,121000,117325,125000,125000,125000,125000,125000,124900,126250,129900,135500,131450,127500,123450,129000,128250,122450,122400,114900,110000,110000,121000,115000,112450,121000,115000
"Jamestown","NY","Jamestown","Chautauqua",148,,,,,,,,,,,,,,,,,,,,,,,,,,,,,,,,,,,,,,,42000,42250,42000,44999.5,47000,46500,48250,46850,45000,45850,44000,41950,43900,39950,39900,39350,39800,39900,39000,39900,39900,44500,44900,39800,39000,39350,39800,39800,39450,42300,43500,41100,39900,42100,39350,34900,34900,36200,34900,34900,34200,37500,34200
"Town of Watertown","NY","Watertown","Jefferson",149,,,,,,,,,,,,,,,,,,,,,,,,,,,,,,,,,,,,,,,115000,118000,118000,118000,118000,118000,118000,118750,116500,106450,115000,101900,120000,119950,122000,120000,131900,115000,116750,105000,119000,109900,109900,118000,114900,114900,114900,117950,118950,119000,119000,114950,114900,115700,113500,109450,109900,110000,109900,109900,110000,99000,98490
"Long Beach","NY","New York","Nassau",150,559000,574990,550000,533750,539000,545000,548000,579000,589000,598000,584000,579000,579000,579000,549000,549000,549000,548500,591900,579000,595000,591900,614500,599000,599000,597000,532450,571500,569000,544000,539000,529000,549000,539000,519000,499000,485000,499000,499000,572000,572000,572000,572000,569000,569000,575000,559000,554450,572000,579000,569000,579000,559000,550000,550000,550000,549000,549000,549500,569000,549000,549000,569000,569000,569000,599000,559500,579000,575000,582000,575000,576000,549500,549000,562250,549745,594000,569000,599000,599000,639000
"Shaker Heights","OH","Cleveland","Cuyahoga",151,,,,,,,,,,,,,,,,,,,,,,,,,,,,,,,,,,,,,,,,,,,,,,,,,,,,,,,,,,,,,,,,,,,,,,107400,89950,89900,102325,96825,110000,122500,125000,125000,119000,110500,112500
"Auburn","NY","Auburn","Cayuga",152,,,,,,,,,,,,,,,,,,,,,,,,,,,,,,,,,,,,,,,,,,,,,,,,,,,,,,,,,,,,,,,,71500,69900,69900,69900,69900,69900,69900,73500,79000,79700,79000,69900,79250,79000,79450,77500,78900,78200
"New London","CT","New London","New London",153,,,,,,,,,,,,,,,,,,,,,,,,174900,155000,162450,169900,159900,159900,164999.5,157134.5,149900,129000,139450,152450,129000,127450,130700,152000,164900,169950,164999.5,165000,169900,179000,169950,169900,162400,158850,159900,159900,161000,165000,159900,157450,157000,155000,152450,149900,155900,148000,149900,152447.5,155000,155750,149900,143500,141700,139450,139900,137000,135000,139900,141700,131687.5,135500,146950,139900,135500,139900,139900
"Kingston","NY","Kingston","Ulster",154,,,174900,180000,189900,192450,182450,179900,179000,174900,165000,151900,149450,139900,149900,149950,149900,149900,149900,149900,149900,156950,159000,149900,149900,149900,143200,152400,149995,149450,149995,159000,149900,138500,138500,139000,147000,149450,151999.5,156500,156500,154000,152000,149900,149900,147000,149900,144450,139000,139900,139900,139900,149000,142400,146950,139450,138500,136500,138500,138000,130000,130650,139000,139450,139000,139000,139000,139900,139950,139450,142000,142000,147450,142500,149900,149900,152000,159000,159000,152000,152000
"Auburn","ME","Lewiston","Androscoggin",155,125800,105000,104950,108500,107500,108500,125000,117450,124900,122450,121450,115000,115000,111000,113450,108500,108000,110000,110000,115000,119000,115000,106200,99450,101200,100750,105750,111450,114700,114900,114950,119900,125900,126900,119900,116400,119900,119900,119900,122317.5,119984,124867.5,122365,120997.5,119984,115000,116950,114900,107000,105000,105000,111200,115000,128400,115000,122500,115000,127800,126200,119950,119900,127500,119450,119000,119900,122500,119950,125000,119900,125000,125000,119900,122450,119900,119900,121000,120450,120000,120000,119950,119900
"Pottstown","PA","Philadelphia","Montgomery",156,,155000,150000,150000,150000,144950,144900,139900,136900,136000,136000,135500,132000,125000,129950,129000,129900,129900,127450,127450,129900,125000,129900,119750,124500,119750,119000,119000,125950,125000,124900,122000,114900,119900,119900,120000,116250,118900,118400,115000,116450,115000,127900,112500,117900,115000,124900,129900,129000,129950,124900,121950,124900,122400,115000,114900,110899,114900,114950,112899.5,109900,110000,121450,121450,123900,119000,114900,114900,114900,114900,106000,105000,1e+05,105000,105000,109900,112900,110950,109000,109000,112900
"Washington","IL","Peoria","Tazewell",157,,,,,,,,,,,,,,,,,,,,,,,,,,,,,,,,,,,,,,,,,,,,,,,,,,,,,,,,,,,,,,,,,,,52500,52500,51500,51500,51500,51500,51500,51500,51700,51500,51500,51500,51500,51500,51500
"Biddeford","ME","Portland","York",158,,,,,,,,,,,,,,,,,,,,,,,,,,,,,,,,,,,,,,,,,,,,,,,,,,,,,,,,,,,,,,,,,,,,,,174900,2e+05,174900,172400,179000,179000,179950,173500,169000,167000,165000,169000
"Town of Amsterdam","NY","Amsterdam","Montgomery",159,,,,,,,,,,,,,,,,,,,,,,,,,,,67250,65250,65000,68000,65500,69000,65500,64950,64900,64900,65000,64950,65000,64900,61900,64900,61400,60900,61900,60450,57400,55000,59900,59999,60000,65000,64900,60000,61000,60000,64950,65000,59900,59450,58500,57900,59900,59000,59000,59500,51500,53500,55000,59000,56900,55000,55950,55000,60000,62595,62000,59450,62595,62000,64900
"Johnstown","PA","Johnstown","Cambria",160,,,,,,,,,,,,,,,,,,,,,,,,,,,,,,,,,,,,,,,,,,,,,,,,,,,,,,,,,,,,38900,39900,39900,39900,38900,38900,36450,35950,35000,37400,35950,35000,36900,36200,32900,31700,28700,27250,29900,29900,34900,32900
"Augusta","ME","Augusta","Kennebec",161,,,,,,89900,89900,95000,99900,109950,109950,109000,109000,114900,109000,114900,118950,119900,124500,121900,115000,110950,114950,119900,123900,129900,121900,129500,118700,114900,114900,114900,119450,119900,124900,116950,124000,119000,119000,119000,116250,110000,110000,109950,104900,107400,110000,106450,110000,109900,110000,111750,111250,112500,115000,114200,112500,112500,116450,116500,114950,101250,106000,112900,109900,111400,109900,109000,99900,99900,99900,99900,98350,94900,94900,99450,112900,113700,113700,99900,99900
"East Peoria","IL","Peoria","Tazewell",162,,,,,,,,,,,,,,,,,,,,,,,,,,,,,,,,,,,,,,,,,,,,,,,,,,,,,,,,,,,,,,,,,,,,,,57500,57500,57500,58000,57500,58000,57500,57500,58000,58450,59500,59500
"Key West","FL","Key West","Monroe",163,,,,,,,,,,,,,,,,,,,,,,,,,,,,,,,,,,,,,,,,,,,,734000,788000,750000,769000,748000,749000,750000,748000,750000,799000,849975,885000,774450,875000,837000,789000,799000,799000,787500,799499.5,785000,765000,772500,798000,799000,899000,899000,1024500,1050000,1024000,995000,1022000,995000,949000,949000,985000,965000,995000
"Town of Scarborough","ME","Portland","Cumberland",164,319900,324450,349000,329450,317400,334950,327987.5,325937.5,337500,369900,369000,369000,369000,371750,359950,355000,349900,335000,324900,316500,314900,312450,315000,309900,309900,329900,314000,319450,305000,319900,325000,299450,299450,297000,290000,279750,299000,315000,325000,329900,319900,335000,321900,310000,299900,299000,299000,315000,305950,305950,313450,349000,326950,347450,349000,358500,339900,338450,345000,342500,339000,325500,375000,377000,389900,382450,388000,369900,350000,355000,339000,337000,372450,355000,371342.5,375000,390500,4e+05,394000,389500,384900
"Cohoes","NY","Albany","Albany",165,,,,,,,,,,,,,,,,,,,,,,,,,,,,,,,,,,,,,,,,,,,,119900,124900,119500,119000,119000,115000,119450,117450,109900,118400,109900,109900,116950,118000,127334,104500,114450,99700,99250,99900,99937,99900,114900,107500,113700,99974,98974,85000,97900,97900,94900,97900,100450,98900,103000,114500,111000,124900
"Gloversville","NY","Gloversville","Fulton",166,,,,65000,68900,65450,59900,59900,62450,66950,66950,69450,69000,69000,69000,69000,69900,69250,67300,68150,69250,69500,66750,64700,69000,69250,69700,69900,69000,65400,64900,64900,64900,68500,66450,66200,64900,64000,61900,63900,63900,63950,64500,64900,65900,64900,66000,65500,66000,63100,60400,59900,61900,63300,63000,61500,59900,59900,59100,52200,52000,52000,54000,49900,47450,49000,45900,45900,45450,45900,42500,45000,49000,45000,42000,48750,50400,49900,49900,49900,49436.5
"Glens Falls","NY","Glens Falls","Warren",167,,,,,,,,,,,,,,,,,,,,,,,,,,,,,,,,,,,,,,,,,,,,,,,,,,,,,152449.5,149900,148950,145000,143450,144950,139450,135000,135000,129000,132400,129000,129000,126900,129000,129000,129900,129900,129900,129900,133250,134900,131950,135000,143950,149000,149900,149000,139000
"Claremont","NH","Claremont","Sullivan",168,,,,,,,,,,,,,,,,,,,,,,,,,,,,,,,,,,,,,,,,,,,,,,,,,,,,,129900,129000,122000,126200,124900,129500,126950,129000,129000,129500,119450,125000,124900,124900,119900,124900,121997.5,119450,129900,119450,119900,99949.5,108250,115000,117450,109950,109900,109950,109900
"Endicott","NY","Binghamton","Broome",169,,,,,,,,,,,,,,,,,,,,,,,,,,,,,,,,,,,,,,,,,,,,,,,,,,,,74123,74511.5,74123,74950,74950,80575,79900,83125,79900,87500,85000,77400,74900,79900,89000,78500,77850,79950,79500,84900,89900,75900,79500,84700,84900,84950,83700,79900,80000,79000
"Marco Island","FL","Naples","Collier",170,,,,,,,,,,,,,,,,,,,,,,,,,,,,,,,,,,,,,,,,,,,,,,,,,,,,,,449000,449000,449000,444500,422000,427450,439000,435000,401950,410500,398250,389000,354200,379000,387100,419900,419900,425000,419000,389000,376950,369000,359000,350000,362450,324450,319000,329000
"Islip","NY","New York","Suffolk",171,349000,349000,336500,319499.5,312500,299250,3e+05,310000,299990,287000,294500,298888.5,289388.5,269000,289000,298500,3e+05,3e+05,299994.5,299999.5,299990,299000,299000,290495,296000,299000,289990,299000,299495,296499.5,299000,294999,289900,289950,290000,299000,299000,299450,299994.5,299994.5,3e+05,3e+05,312500,310000,305000,299999.5,299495,3e+05,299999.5,299777,319500,327000,345000,337000,327450,324990,331500,328000,329000,319900,329000,323990,319995,320000,339000,329000,327000,319945,319000,309495,299990,299000,299945,306700,325000,325000,325000,333000,349000,345000,336000
"Watervliet","NY","Albany","Albany",172,,,,,,,,,,,,,,,,,,,,,,,,,,,,,,,,,,,,,,,,,,,,,,,,,,,,,,,,,,141450,139900,139900,133500,132000,129900,127450,132450,142900,137900,137900,137400,129900,124900,122400,122400,127445,129900,129900,129900,142900,150000,154900,152000
"Berlin","NH","Berlin","Coos",173,59900,62450,65000,74900,69000,71950,74000,74900,74000,74900,79000,75000,74900,69450,69900,79450,74900,69900,69450,72400,78900,78900,79900,74894,78900,79400,69900,69900,74900,74500,69900,75000,74750,69900,65000,65000,65000,59900,64900,65000,65000,65000,62500,59900,59900,62500,61200,64900,59900,64945,69000,69000,69000,65950,62000,59900,58500,59900,59000,59900,66250,64000,67750,64450,61200,59900,59900,54900,49900,49900,49900,54900,53250,53250,52000,52000,54700,59450,59900,59450,54900
"Presque Isle","ME",,"Aroostook",174,,,,,,,,,,,,,,,,,,,,,,,,,,,,,,,,,,,,,,129000,129450,122700,127000,129000,128000,126500,129000,129000,129000,129000,131450,133900,136900,142350,146900,138500,132700,129500,134500,138000,138000,129000,134750,137000,138250,144750,141950,134900,125000,124900,120000,115000,119000,117250,119950,124950,121950,125000,119000,122400,119450,120950,122000
"Saint Robert","MO","Fort Leonard Wood","Pulaski",175,,,,,,,,,,,,,,,,,,,,,,,,,,,,,,,,,,,,,,,,,,,,,,,,,,,,,,,,,229950,217000,214000,225000,192000,192000,186000,197900,192000,185450,186000,184500,186000,185250,202200,191500,195250,191500,187000,187000,185000,184500,184000,179000,184000
"Caribou","ME",,"Aroostook",176,,,,,,,,,,,,,,,,,,,,,,,,,,,,,,,,,,,,,,,,,,,,,,,,,,,,,,,,,115000,105950,114900,114950,110000,115000,116950,118500,118500,110000,112500,115000,111250,119000,119000,119000,119000,119500,115000,115000,118250,113250,114750,114750,109500
"Flora","IL",,"Clay",177,,,,,,,,,,,,,,,,,,,,,,,,,,,,,,,,,,,,,,,,,,,,,,,,86900,82000,79500,77250,79500,75000,75000,69900,72200,66250,65500,67000,74000,77000,76000,79450,73900,78000,74400,76250,79900,76500,71700,64500,75750,69750,76500,79900,74950,75000,75000,82500,79950,82500
"Town of Rumford","ME",,"Oxford",178,,,,,,,,,,,,,,,,,,,,,,,,,,,,,,,,,,,,,,91450,90000,89961.5,95000,93950,91450,95000,95000,89450,89000,89000,89000,89450,91250,93000,95000,91250,89700,85000,85000,84950,82500,84000,79700,80000,82500,83000,84950,84900,82950,82900,78500,78500,75500,74950,75250,74900,74900,79000,79400,75000,79900,82750,79900
"Town of Lincoln","ME","Bangor","Penobscot",179,,,,,,,,,,,,,,,,,,,,,,,,,,,,,,,,,,,,,,,,,,,,,,,,,,,,,115000,108000,113450,99700,99700,99900,105500,105000,99500,102250,105000,99450,99000,99500,99000,99000,92950,89900,89950,99000,99000,98500,99000,99900,99900,99900,99900,99900,1e+05
"Town of Dover-Foxcroft","ME",,"Piscataquis",180,,,,,,,,,,,,,,,,,,,,,,,,,,,,,,,,,,,,,136500,136500,139700,139500,134900,129900,125000,129000,125000,125000,124900,119250,119250,119250,124450,121950,119450,123400,120000,119900,114900,112400,119900,114900,109900,109450,100900,117200,124700,124900,124500,124900,124900,124700,124700,120000,122250,119500,122250,129900,125000,129500,129500,129500,129500
"Town of Dexter","ME","Bangor","Penobscot",181,,,,,,,,,,,,,,,,,,,,,,,,,,,,,,,,,,148250,147500,132500,139900,134900,129000,124900,122250,129900,128450,129000,119450,119900,119000,117000,114000,112000,111000,112500,111250,112500,119000,118000,119900,117750,111200,109500,108000,105000,109500,116750,119000,118000,115000,109900,114950,1e+05,105000,109900,114200,121000,118500,110000,116737.5,118500,114442,124900,135000
"Town of Madawaska","ME",,"Aroostook",182,,,,,,,,,,,,,,,,,,,,,,,,,,,,,,,,,,,,,,,,,,,,,,,,,,,,,,,,,,,,,,,,,,,,72450,77200,79000,86000,86000,87500,79900,83000,80500,85000,89000,85000,89000,95000
"St Johnsbury","VT",,"Caledonia",183,,,,,,,,,,,,,,,,,,,,,,,,,,,,,,,,,,,,,,,,,,,,,,,,,,,,,150000,159000,159000,156950,149950,149900,129900,129900,129900,125000,125000,116975,116975,118950,121950,118950,125000,125000,125900,125000,126800,125000,125000,128600,128600,122500,119500,119750,139950
"Eastport","ME",,"Washington",184,,,,,,,,,,,,,,,,,,,,,,,,,,,,,,,,,,,,,,,,159000,162000,146450,149900,159000,159000,159000,148500,146750,145000,129900,134450,134450,139000,136500,139000,141000,141000,139000,137000,129450,129900,131950,129450,131950,129900,139900,147000,139000,132900,135000,137000,132450,129900,129900,129900,127000,124900,129000,129900,129450,129000
"Town of Fairfield","ME",,"Somerset",185,,,,,,,,,,,,,,,,,,,,,,,,,,,,,,,,,,,,,,,,,,,,,,,,,,,,,,,,,,,,,,,107450,119900,114900,126200,121950,124900,108499.5,99500,99500,100950,112350,119937,119937,114900,106900,109900,108400,99900,114500
