"RegionName","State","Metro","CountyName","SizeRank","2010-02","2010-03","2010-04","2010-05","2010-06","2010-07","2010-08","2010-09","2010-10","2010-11","2010-12","2011-01","2011-02","2011-03","2011-04","2011-05","2011-06","2011-07","2011-08","2011-09","2011-10","2011-11","2011-12","2012-01","2012-02","2012-03","2012-04","2012-05","2012-06","2012-07","2012-08","2012-09","2012-10","2012-11","2012-12","2013-01","2013-02","2013-03","2013-04","2013-05","2013-06","2013-07","2013-08","2013-09","2013-10","2013-11","2013-12","2014-01","2014-02","2014-03","2014-04","2014-05","2014-06","2014-07","2014-08","2014-09","2014-10","2014-11","2014-12","2015-01","2015-02","2015-03","2015-04","2015-05","2015-06","2015-07","2015-08","2015-09","2015-10","2015-11","2015-12","2016-01","2016-02","2016-03","2016-04","2016-05","2016-06","2016-07","2016-08","2016-09"
"New York","NY","New York","Queens",1,,,,,,,,,,,,,,,,,,,,,,,,,,,,,,,,,,,,,,,,,,,,,,,,,,,,,,,3700,3795,3800,3650,3600,3600,3600,3599,3700,3500,3600,3700,3799,3700,3650,3600,3550,3550,3500,3575,3600,3700,3695,3698,3700,3700
"Houston","TX","Houston","Harris",2,,,,,,,,,,,,,1550,1600,1550,1585,1650,1587.5,1472.5,1412.5,1450,1450,1495,1450,1500,1500,1300,1300,1350,1412.5,1500,1400,1200,1299.5,1300,1300,1200,1300,1300,1300,1350,1400,1475,1550,1400,1425,1525,1550,1300,1375,1400,1600,1650,1800,1800,1750,1785,1725,1795,1750,1830,1895,1959,2100,2025,2100,2089,2100,2000,2000,2000,1995,1950,1950,2000,1950,2000,1997,1950,2050
"Philadelphia","PA","Philadelphia","Philadelphia",3,,,,,,,,,,,,,,,,,,,1750,1697.5,1625,1650,1800,1900,2000,2000,1950,1970,1900,1900,1800,1700,1750,1750,1700,1700,1900,1950,2000,2000,2000,2000,1850,1800,1799,1800,1950,2000,2000,2000,2000,2000,2000,2000,1845,1800,1800,2000,2000,2000,2000,2100,2000,2000,2000,2000,2000,2000,2000,2000,2000,2000,2000,2000,2000,2000,2000,2000,1897.5,1900
"Phoenix","AZ","Phoenix","Maricopa",4,1650,1750,1500,1495,1450,1395,1472.5,1397.5,1395,1295,1295,1199.5,1200,1200,1340,1250,1250,1195,1195,1150,1150,1150,1150,1148,1150,1195,1195,1200,1250,1250,1234.5,1200,1140,1100,1100,1100,1100,1165,1175,1187,1175,1195,1150,1195.5,1200,1200,1200,1195,1175,1175,1195,1250,1295,1300,1395,1250,1285,1275,1350,1300,1495,1495,1485,1500,1550,1550,1499.5,1450,1400,1399,1485,1492.5,1345,1425,1437,1510,1428,1475,1397.5,1450
"Las Vegas","NV","Las Vegas","Clark",5,,,,1472.5,1375,1297.5,1495,1595,1695,1597.5,1495,1450,1395,1395,1350,1450,1425,1400,1400,1445,1399,1350,1350,1395,1350,1395,1395,1350,1375,1375,1350,1350,1350,1325,1300,1300,1345,1350,1390,1380,1350,1350,1395,1395,1395,1395,1395,1360,1350,1375,1375,1400,1400,1400,1400,1400,1400,1395,1395,1400,1400,1400,1495,1435,1450,1495,1495,1475,1450,1495,1450,1450,1495,1550,1500,1495,1500,1495,1495,1450
"San Antonio","TX","San Antonio","Bexar",6,,,,,,,,,,,,,,1350,1380,1395,1400,1425,1400,1382.5,1362.5,1395,1395,1350,1395,1495,1407,1452,1500,1495,1450,1450,1450,1495,1375,1450,1400,1462.5,1495,1500,1498,1500,1475,1450,1450,1400,1400,1425,1400,1400,1425,1500,1500,1500,1500,1495,1475,1450,1450,1475,1495,1500,1500,1550,1595,1600,1575,1562.5,1575,1575,1550,1550,1595,1597.5,1600,1595,1595,1600,1600,1595
"San Diego","CA","San Diego","San Diego",7,,,,,,,,,,,,,,,,3125,3000,2995,2795,2530,2500,2700,2750,2625,2600,2595,2395,2415,2500,2500,2550,2550,2450,2500,2400,2397,2397,2500,2400,2472.5,2500,2695,2800,2950,2750,2595,2750,2650,2550,2540,2600,2800,2880,2995,3000,2848,2800,2795,2824,3197.5,3200,3000,2995,2975,2995,3000,3037.5,2995,2950,2995,3000,3125,3325,3300,3200,3200,3125,3000,3050,3000
"Dallas","TX","Dallas-Fort Worth","Dallas",8,,,,,,,,,,,,,,,,,,,,,,,,,,,,,,,,,,,,,,,,,,,,,,,,,,,,,,,,,,,,,,,,,,1990,2000,1925,1800,1940,1700,1700,1975,1997.5,1930,1895,1897.5,1995,1977.5,1675
"San Jose","CA","San Jose","Santa Clara",9,,,,,,,,,,,,,,,,,,2600,2525,2551.5,2595,2625,2550,2495,2572.5,2747.5,2500,2500,2550,2550,2500,2600,2650,2625,2700,2650,2600,2600,2600,2600,2795,2990,2992.5,3112.5,3050,2800,2995,2895,2900,2800,2885,3245,3297.5,3400,3285,3495,3350,3300,3300,3350,3295,3500,3500,3500,3700,3700,3510,3550,3600,3570,3500,3500,3650,3700,3625,3650,3800,3800,3800,3750
"Jacksonville","FL","Jacksonville","Duval",10,1312.5,1352.5,1350,1300,1350,1350,1350,1350,1350,1297.5,1300,1312.5,1350,1295,1295,1295,1300,1350,1350,1300,1295,1295,1200,1200,1295,1275,1255,1250,1285,1300,1250,1250,1200,1250,1200,1225,1250,1250,1300,1350,1350,1350,1350,1350,1325,1350,1325,1300,1300,1350,1350,1350,1350,1350,1300,1300,1295,1275,1275,1275,1275,1299,1325,1325,1375,1395,1326,1350,1350,1375,1375,1370,1355,1384,1395,1400,1400,1437.5,1395,1405
"San Francisco","CA","San Francisco","San Francisco",11,,,,,,,,,,,,,,,,,,,,,,,,,,,,,,,,,,,,,,,,,,,,,,,,,,,,,,,,,,,,,,,,,,7275,6900,6897.5,6300,6350,6800,7000,6995,6595,6499.5,6772.5,6972.5,6600,6200,6350
"Indianapolis","IN","Indianapolis","Marion",12,,,,,,,,,,,,,,,,,,,,,,,,,,,,,,,,1050,997.5,980,875,852.5,907,914,997.5,1050,1100,1150,1150,1097.5,1050,1022.5,1000,1100,1100,1100,1100,1150,1175,1200,1195,1150,1150,1132.5,1145,1150,1175,1175,1175,1135,1150,1145,1140,1135,1100,1085,1100,1097,1145,1125,1175,1149.5,1197.5,1200,1200,1195
"Austin","TX","Austin","Travis",13,,,1995,1850,1900,1600,1595,1600,1700,1795,2000,1875,1850,1950,2000,1950,1750,1800,1787.5,1850,1875,1822.5,1797.5,1800,1862.5,2100,1950,1950,1997.5,1885,1815,1911.5,1825,1800,1797.5,1695,1860,1800,1850,2000,2050,1995,1925,1895,1995,2095,1995,2000,2000,2000,2095,2200,2200,2200,2195,2200,2150,2195,2000,2095,2000,2172.5,2350,2400,2395,2370,2300,2395,2400,2500,2572.5,2600,2500,2500,2350,2300,2354,2395,2300,2197.5
"Fort Worth","TX","Dallas-Fort Worth","Tarrant",14,,,,,,,,,,,,1262.5,1350,1350,1395,1350,1350,1397.5,1395,1395,1397.5,1450,1450,1395,1395,1450,1400,1375,1400,1400,1400,1395,1395,1395,1350,1350,1350,1372.5,1395,1432.5,1495,1425,1450,1500,1495,1400,1450,1400,1425,1450,1450,1475,1495,1495,1495,1495,1497,1495,1499.5,1500,1550,1584.5,1550,1550,1500,1575,1595,1595,1595,1575,1550,1595,1587.5,1637.5,1625,1645,1595,1595,1639,1650
"Memphis","TN","Memphis","Shelby",15,,,,,,,,,,,,,,,,,,,,,,,,,,,,,,1250,1150,1150,1095,1095,1122.5,1095,1050,1072.5,995,950,950,950,950,950,945,1000,1095,1050,995,995,1000,1050,1050,995,995,995,995,1050,1095,1095,1095,1095,1095,1095,1095,1005,1005,997.5,975,972,1037.5,995,1095,1095,1095,1050,1095,1095,1035,995
"Charlotte","NC","Charlotte","Mecklenburg",16,1350,1450,1500,1450,1500,1450,1450,1425,1490,1400,1350,1350,1365,1450,1395,1350,1395,1372.5,1312.5,1375,1350,1350,1350,1295,1400,1395,1400,1495,1472.5,1500,1495,1462.5,1400,1325,1337,1350,1325,1375,1395,1412.5,1400,1425,1400,1400,1350,1350,1350,1350,1325,1350,1350,1425,1450,1485,1500,1500,1475,1437.5,1425,1450,1450,1500,1500,1500,1500,1500,1500,1525,1537,1500,1500,1595,1595,1595,1595,1539.5,1500,1500,1549,1550
"El Paso","TX","El Paso","El Paso",17,,,,,,,,,,,,,,,,,,1400,1400,1395,1400,1395,1400,1500,1500,1500,1495,1450,1397.5,1350,1350,1350,1350,1350,1385,1295,1245,1250,1275,1295,1300,1300,1300,1297.5,1300,1295,1295,1250,1250,1250,1280,1350,1325,1300,1300,1342.5,1350,1300,1300,1300,1250,1275,1295,1350,1300,1312.5,1350,1300,1300,1300,1300,1300,1300,1350,1280,1395,1275,1350,1295,1250
"Boston","MA","Boston","Suffolk",18,,,,,,,,,,,,,,,,,,,,,,,,3000,3000,3000,2900,2900,2800,2800,2800,2800,2800,2900,3000,3300,3250,3200,3200,3200,3200,3100,3000,3000,3000,3000,3200,3300,3300,3300,3400,3250,3200,3200,3200,3200,3200,3200,3400,3700,3600,3500,3400,3400,3300,3250,3200,3200,3200,3295,3500,3750,3700,3600,3500,3500,3400,3400,3350,3300
"Seattle","WA","Seattle","King",19,,,,,,,,,,,,,,1872.5,1747.5,1985,1990,1995,2195,2200,2295,2100,2000,1997.5,2150,2150,2250,2250,2400,2395,2395,2425,2295,2447.5,2495,2574.5,2250,2500,2372.5,2450,2450,2500,2472.5,2497.5,2400,2297.5,2397.5,2372.5,2150,2272.5,2400,2597.5,2600,2625,2700,2500,2450,2450,2450,2495,2395,2500,2500,2695,2900,2995,2950,2800,2735,2499,2795,2995,3047.5,3000,2922.5,3000,3200,3200,3095,2997.5
"Baltimore","MD","Baltimore","Baltimore City",20,,,,,,,,,,,,1500,1487.5,1462.5,1450,1500,1500,1600,1550,1575,1525,1352.5,1250,1300,1400,1225,1400,1400,1450,1485,1400,1400,1400,1200,1400,1400,1400,1500,1500,1500,1500,1500,1500,1500,1500,1500,1550,1500,1500,1500,1500,1600,1475,1400,1475,1500,1600,1500,1425,1501,1600,1600,1600,1500,1497.5,1437.5,1474.5,1550,1525,1500,1500,1600,1600,1575,1575,1500,1500,1400,1600,1550
"Denver","CO","Denver","Denver",21,,,,,,,,,,,,,,,,,,,,,,,,,,,,,,,,,,,,,,,,,,,,,,,,,,,,,,,,,,,,,,2325,2600,2550,2625,2600,2600,2500,2500,2450,2447.5,2500,2495,2400,2500,2500,2500,2695,2650,2575
"Washington","DC","Washington","District of Columbia",22,,,,,,,,,,,,,,,,,,,,,,,,,,,,,,,,,,,,,,,,,,,,,,,,,,,,,,3150,3075,2960,3047.5,2970,2800,2772.5,2595,2800,2800,2800,2975,3400,3400,3150,3000,2850,2875,3000,3200,3497,3250,3410,3300,3500,3550,3450
"Nashville","TN","Nashville","Davidson",23,,,,,,,,,,,,,,,,,1595,1500,1550,1495,1425,1425,1500,1745,1572.5,1600,1750,1600,1600,1600,1500,1500,1500,1500,1500,1500,1600,1672.5,1775,1600,1685,1625,1700,1675,1697.5,1600,1550,1595,1450,1412.5,1450,1695,1762.5,1775,1697.5,1725,1622.5,1625,1700,1772.5,1725,1637.5,1797.5,1797.5,1800,1850,1795,1775,1825,1762.5,1750,1800,1700,1950,1825,1995,1900,1900,1900,1800
"Milwaukee","WI","Milwaukee","Milwaukee",24,,,,,,,,,,,,,,,,,,,,,,,,,,,,,,,,,,,,,,,,,,,,,,,,,,,,,,,,,,,,,940,842.5,800,850,912.5,925,900,895,895,900,950,999,992,1050,1025,1000,950,950,795,850
"Tucson","AZ","Tucson","Pima",25,,,,,,,,,,,,,,1200,1200,1250,1250,1250,1200,1195,1195,1172.5,1122,1250,1300,1325,1350,1350,1300,1300,1300,1200,1200,1195,1150,1125,1200,1250,1272.5,1195,1172.5,1195,1152.5,1195,1195,1200,1200,1125,1150,1150,1150,1250,1295,1237.5,1200,1199,1200,1200,1200,1200,1300,1395,1400,1397.5,1250,1200,1200,1225,1200,1250,1222.5,1250,1225,1395,1300,1300,1200,1300,1300,1150
"Portland","OR","Portland","Multnomah",26,,,,,,,,,,,,,,,,,,,,,,,,,,,,,,,,,,,,,,,,,,,,,,,,,,,,,,,,,,,,,,,,,,2347.5,2495,2495,2450,2350,2150,2197.5,2195,2250,2195,2195,2150,2275,2195,2295
"Oklahoma City","OK","Oklahoma City","Oklahoma",27,,,,,,,,,,,,,,,,,,,,,,,,,,,,,,,,,,,,,,,,,,,,,,,,,1300,1295,1300,1395,1395,1395,1400,1350,1350,1395,1350,1347.5,1395,1412.5,1495,1495,1445,1495,1472.5,1400,1395,1395,1395,1395,1400,1350,1345,1350,1395,1300,1297.5,1300
"Omaha","NE","Omaha","Douglas",28,,,,,,,,,,,,,,,,,,,,,,,,,,,,,,,,,,,,,,,,,,,,,,,,,,,,,,,,,,,,,,,,1295,1395,1285,1350,1350,1272.5,1350,1350,1250,1295,1400,1297.5,1412.5,1325,1545,1495,1275
"Albuquerque","NM","Albuquerque","Bernalillo",29,,,,,,,,,,,,,,,,,,1412.5,1450,1425,1372.5,1395,1325,1295,1262.5,1395,1375,1362.5,1425,1395,1362.5,1312.5,1300,1300,1299,1375,1372.5,1395,1372.5,1400,1350,1375,1325,1350,1300,1275,1350,1350,1325,1295,1325,1350,1395,1350,1350,1382.5,1357.5,1350,1350,1395,1399,1400,1370,1450,1600,1562.5,1450,1425,1425,1400,1487.5,1425,1350,1350,1400,1400,1400,1334,1400,1350
"Fresno","CA","Fresno","Fresno",30,,,,,,,,,,,,,,,,,,,1695,1675,1595,1350,1337.5,1312.5,1225,1200,1100,1050,1000,1085,1189.5,1200,1150,1125,1100,1072.5,1100,1200,1200,1195,1225,1200,1272.5,1350,1350,1300,1395,1300,1300,1300,1300,1295,1300,1412.5,1400,1495,1450,1450,1350,1350,1350,1350,1337.5,1395,1400,1450,1495,1495,1550,1450,1397.5,1397.5,1337.5,1397.5,1500,1495,1650,1497.5,1437.5,1525
"Sacramento","CA","Sacramento","Sacramento",31,,,,,,,,,,,,,1295,1250,1250,1275,1300,1295,1450,1395,1394,1350,1295,1295,1300,1300,1350,1350,1350,1350,1350,1395,1350,1372.5,1390,1395,1350,1350,1350,1350,1300,1300,1395,1337.5,1375,1350,1395,1325,1362.5,1350,1350,1417,1425,1427.5,1400,1400,1400,1400,1400,1400,1450,1472,1495,1485,1495,1497,1495,1457,1495,1495,1495,1497,1550,1520,1495,1572.5,1650,1695,1525,1497
"Mesa","AZ","Phoenix","Maricopa",32,,,,,,,,,,1500,1395,1395,1395,1450,1475,1450,1342.5,1350,1300,1350,1375,1350,1272.5,1399,1350,1300,1395,1462.5,1400,1395,1395,1400,1395,1350,1297,1295,1336.5,1375,1395,1325,1300,1325,1295,1365,1375,1395,1397.5,1350,1350,1375,1375,1400,1350,1325,1400,1400,1385,1395,1472.5,1395,1450,1400,1400,1450,1437.5,1495,1495,1395,1425,1395,1450,1395,1452.5,1495,1495,1472.5,1437.5,1450,1497.5,1450
"Virginia Beach","VA","Virginia Beach","Virginia Beach City",33,1695,1742.5,1800,1800,1950,1995,1972.5,1812.5,1750,1800,1800,1700,1750,1825,1850,1895,1850,1850,1800,1735,1750,1712.5,1700,1750,1795,1800,1850,1750,1795,1800,1795,1795,1775,1750,1700,1700,1750,1795,1785,1795,1795,1800,1750,1750,1750,1750,1750,1750,1700,1700,1712.5,1850,1850,1800,1800,1805,1800,1795,1800,1795,1795,1795,1850,1895,1850,1850,1799.5,1780,1750,1700,1750,1795,1800,1850,1850,1850,1800,1800,1850,1800
"Colorado Springs","CO","Colorado Springs","El Paso",34,,,,,,,,1495,1485,1395,1322.5,1400,1375,1300,1372.5,1450,1450,1450,1497.5,1400,1395,1385,1350,1325,1350,1400,1450,1400,1400,1395,1395,1395,1300,1390,1400,1390,1375,1495,1400,1450,1450,1400,1400,1495,1450,1400,1400,1395,1400,1400,1450,1500,1495,1495,1495,1485,1500,1595,1595,1495,1495,1495,1595,1650,1625,1595,1595,1625,1575,1595,1500,1512.5,1595,1595,1637.5,1625,1650,1585,1595,1612.5
"Cleveland","OH","Cleveland","Cuyahoga",35,,,,,,,,,,,,,,,,,,,,600,525,520,525,550,537.5,537.5,588.5,597.5,600,650,674,650,650,650,600,600,600,600,595,650,650,650,600,550,600,600,612.5,625,625,625,645,697.5,650,662.5,650,612.5,650,650,617.5,695,695,750,720,737.5,700,650,695,650,710,797.5,770,800,837.5,822.5,875,850,850,800,815,800
"Honolulu","HI","Urban Honolulu","Honolulu",36,,,,,,,,,,,,,,,,,,,,,,,,,,,,,,,,,,,,,,,,,,,,,,,,,,,,,,,,,,,,,,,3725,4000,4250,4250,3700,3675,3295,3200,3500,3150,3125,3500,3500,3200,3675,3500,3650,3100
"Arlington","TX","Dallas-Fort Worth","Tarrant",37,,,,,,,,,,,,,,,,,,,,,,,,1497.5,1400,1400,1400,1395,1495,1497.5,1495,1495,1495,1400,1497.5,1450,1500,1450,1425,1425,1425,1495,1549.5,1525,1495,1435,1450,1425,1425,1435,1450,1562.5,1495,1450,1485,1495,1495,1495,1495,1500,1550,1562.5,1550,1595,1675,1595,1595,1595,1650,1550,1600,1625,1650,1610,1595,1650,1662.5,1650,1615,1595
"Raleigh","NC","Raleigh","Wake",38,,,,1500,1595,1495,1467.5,1500,1650,1562.5,1562.5,1500,1525,1500,1500,1495,1495,1500,1445,1395,1400,1440,1440,1497.5,1500,1500,1549,1495,1495,1450,1400,1410,1412.5,1395,1395,1295,1450,1425,1495,1450,1462.5,1462.5,1500,1485,1495,1450,1462.5,1497.5,1500,1495,1500,1512.5,1500,1450,1395,1455,1500,1435,1550,1540,1500,1500,1500,1485,1665,1572.5,1595,1600,1597.5,1750,1772.5,1800,1795,1795,1695,1675,1672.5,1650,1695,1750
"Tampa","FL","Tampa","Hillsborough",39,,,,,,,,,,,,,,,,,,,,,,,,,,,,,,,,,,1400,1324,1200,1200,1287.5,1450,1550,1500,1487,1650,1750,1750,1697.5,1795,1637.5,1695,1695,1695,1795,1800,1800,1797.5,1795,1772.5,1750,1750,1695,1785,1785,1850,1937.5,2000,2000,1910,1900,1927.5,1900,1850,1850,1850,1887,1950,1995,1949,1995,1925,2040
"Anaheim","CA","Los Angeles-Long Beach-Anaheim","Orange",40,,,,,,,,,,,,,,,,,,2500,2725,2595,2547.5,2800,2800,2600,2597.5,2500,2375,2500,2500,2550,2600,2600,2500,2500,2497.5,2425,2600,2400,2500,2500,2500,2650,2500,2697.5,2625,2600,2700,2700,2500,2500,2700,2900,2738.5,2999,2847.5,2992.5,2800,2700,2725,2850,2800,2847.5,2950,2990,2847.5,2922.5,2845,2800,2805,2700,2897.5,2925,2800,2895,2999,2897.5,2994.5,2999.5,2800,2999
"Aurora","CO","Denver","Arapahoe",41,,,,,,,,,,,,,,,,,,,,,,1500,1522.5,1325,1400,1500,1725,1847.5,1650,1622.5,1690,1800,1625,1650,1799,1800,1710,1672.5,1695,1695,1695,1945,1800,1800,1795,1797,1800,1750,1650,1599.5,1650,1900,1837.5,2147,2000,2062.5,2062.5,1995,2195,2187.5,2200,2200,2150,2250,2062.5,1997.5,2025,2075,2125,2029,2150,2172.5,2137.5,2075,1900,2195,2197.5,2222.5,2062.5,2025
"Pittsburgh","PA","Pittsburgh","Allegheny",42,,,,,,,,,,,,,,,,,,,,,,,,,,,,,,,,,,,,,,,,,,,,,,,,,,,,,,,,,,1200,1197.5,1400,1450,1272.5,1425,1495,1550,1600,1495,1275,1200,1325,1400,1350,1450,1562.5,1550,1595,1500,1495,1400,1325
"Riverside","CA","Riverside","Riverside",43,,,,,,,,,,,,,,,,,1950,2000,1895,1895,1885,1862.5,1795,1799,1750,1750,1810,1895,1850,1879,1837,1810,1837,1800,1800,1799,1795,1750,1750,1822.5,1850,1900,1897,1900,1897,1850,1895,1875,1837.5,1849,1850,1900,1997,2000,1962.5,1900,1895,1895,1895,1899,1950,1992.5,1999,1950,1997,2000,2000,1997,1995,1950,1995,1999.5,2054.5,1995,2000,2000,1999,1997,2050,1995
"Marietta","GA","Atlanta","Cobb",44,,,1745,1800,1775,1750,1975,1900,1825,1772.5,1675,1625,1650,1650,1650,1650,1700,1650,1650,1600,1550,1500,1500,1500,1500,1425,1500,1500,1600,1600,1500,1585,1600,1600,1575,1550,1550,1550,1550,1495,1550,1650,1600,1700,1600,1600,1650,1700,1650,1600,1595,1700,1800,1800,1800,1772.5,1700,1800,1750,1669,1750,1800,1850,1850,1900,1925,1700,1704.5,1759,1800,1800,1759,1795,1767,1800,1800,1850,1900,1950,1900
"Anchorage","AK","Anchorage","Anchorage",45,,,,,,,,,,,,,,,,,,,,,,,,,,,,,,,,,,,,,,,,,,,,,,,,,,,,,2450,2250,2350,2292.5,2250,2200,2250,2300,2250,2250,2300,2387.5,2312.5,2395,2300,2200,2300,2300,2250,2350,2300,2300,2300,2250,2150,2300,2300,2250
"Bakersfield","CA","Bakersfield","Kern",46,,,,,,,,,,,,,,,,,,,,,,,,1650,1695,1700,1650,1650,1600,1650,1650,1550,1497.5,1495,1500,1595,1625,1600,1697.5,1695,1695,1675,1645,1650,1595,1575,1547.5,1595,1595,1570,1550,1600,1650,1650,1650,1625,1600,1600,1600,1600,1600,1600,1650,1600,1600,1600,1650,1600,1600,1600,1600,1600,1650,1600,1650,1600,1650,1650,1650,1595
"Stockton","CA","Stockton","San Joaquin",47,,,,,,,,,,,,,1350,1350,1320,1350,1337.5,1350,1350,1350,1347.5,1300,1395,1395,1395,1400,1395,1395,1395,1300,1295,1295,1300,1300,1362.5,1300,1300,1345,1322.5,1350,1350,1350,1350,1350,1350,1350,1327.5,1350,1350,1375,1375,1397.5,1450,1497.5,1437.5,1395,1395,1412.5,1400,1395,1395,1450,1450,1450,1450,1450,1450,1495,1497.5,1472.5,1437.5,1450,1475,1400,1495,1425,1550,1537.5,1475,1572.5
"Plano","TX","Dallas-Fort Worth","Collin",48,,,,,,,,,,,,,1800,1750,1795,1800,1850,1795,1850,1797.5,1800,1795,1825,1875,1800,1850,1800,1850,1850,1800,1850,1897.5,1850,1825,1797.5,1795,1800,1795,1795,1850,1950,1900,1900,1850,1892.5,1950,1950,1950,1950,1912.5,1900,1995,2000,2100,2100,2050,1999,2000,1995,1995,1995,2095,2095,2050,2100,2100,2195,2150,2100,2100,2100,2150,2150,2100,2100,2100,2195,2195,2200,2160
"Chandler","AZ","Phoenix","Maricopa",49,,,,,,,,,,1787.5,1688.5,1600,1600,1637.5,1650,1600,1650,1650,1650,1650,1600,1595,1530,1572.5,1600,1550,1625,1650,1622.5,1635,1620,1635,1642,1600,1690,1600,1650,1612.5,1600,1650,1650,1620,1600,1600,1595,1695,1650,1600,1595,1550,1537.5,1650,1700,1650,1650,1650,1700,1772.5,1750,1712.5,1750,1750,1850,1795,1795,1850,1750,1695,1700,1700,1750,1750,1697.5,1700,1762.5,1799.5,1795,1822.5,1750,1770
"Henderson","NV","Las Vegas","Clark",50,,,,,,,,,,,,,,,,,,,,,,,,1700,1700,1750,1700,1697.5,1600,1699.5,1595,1595,1562.5,1595,1600,1595,1595,1650,1600,1550,1545,1600,1600,1600,1595,1595,1595,1600,1615,1615,1615,1620,1600,1550,1599.5,1599,1595,1597,1600,1675,1690,1695,1750,1750,1750,1735,1700,1700,1650,1600,1600,1650,1697,1700,1780,1795,1800,1700,1695,1650
"Glendale","AZ","Phoenix","Maricopa",51,,,,,,,,,,,1250,1250,1242.5,1212.5,1295,1250,1250,1300,1225,1200,1195,1195,1185,1195,1200,1249,1285,1290,1200,1295,1150,1150,1195,1200,1200,1250,1199,1250,1250,1298,1275,1262.5,1199,1295,1195,1200,1200,1212.5,1225,1225,1250,1295,1250,1197.5,1262.5,1275,1295,1350,1300,1300,1300,1250,1295,1450,1297.5,1212.5,1295,1275,1297.5,1297.5,1300,1350,1387.5,1450,1397.5,1500,1525,1450,1295,1295
"Durham","NC","Durham","Durham",52,,,,,,,,,,,,,,,,,,,,,,,,,,,1350,1200,1362.5,1395,1400,1400,1400,1370,1375,1485,1500,1462.5,1400,1400,1450,1500,1425,1472.5,1425,1500,1525,1450,1400,1400,1412.5,1485,1495,1500,1485,1550,1497.5,1500,1550,1525,1500,1500,1525,1500,1500,1585,1550,1475,1450,1450,1450,1475,1475,1500,1500,1395,1495,1585,1550,1400
"Orlando","FL","Orlando","Orange",53,,,,,,,,,,,,1300,1372.5,1497.5,1595,1597.5,1577.5,1595,1515,1495,1400,1400,1400,1400,1450,1450,1400,1495,1500,1495,1500,1495,1497,1495,1450,1450,1500,1500,1525,1595,1595,1595,1597.5,1600,1595,1525,1595,1584.5,1550,1525,1555,1600,1600,1600,1650,1650,1625,1595,1592.5,1598.5,1600,1600,1650,1695,1695,1712.5,1750,1725,1675,1695,1700,1695,1695,1657,1695,1695,1700,1699,1700,1695
"Norfolk","VA","Virginia Beach","Norfolk City",54,,,,,,,,,,,,,,,1300,1350,1375,1385,1350,1300,1295,1350,1325,1295,1290,1350,1362.5,1300,1295,1350,1350,1350,1295,1295,1295,1295,1237.5,1277.5,1300,1250,1300,1300,1395,1350,1300,1395,1300,1300,1300,1300,1337.5,1380,1395,1395,1350,1350,1375,1300,1322.5,1350,1375,1400,1472.5,1400,1400,1500,1490,1462.5,1397.5,1400,1400,1395,1400,1400,1550,1350,1425,1437.5,1450,1397.5
"Corona","CA","Riverside","Riverside",55,,,,,,,,,,,,,2100,2100,2100,2200,2300,2225,2295,2200,2150,2000,2100,2000,2095,2250,2150,2100,2200,2300,2200,2100,2100,2100,2100,2195,2200,2292.5,2200,2125,2200,2200,2200,2300,2300,2199.5,2250,2295,2300,2200,2200,2200,2300,2300,2300,2295,2295,2250,2200,2195,2195,2297.5,2300,2300,2300,2300,2400,2395,2400,2397.5,2400,2397.5,2390,2400,2350,2400,2387.5,2395,2300,2400
"Chula Vista","CA","San Diego","San Diego",56,,,,,,,,,,,,,,,,,2450,2600,2495,2500,2500,2495,2500,2500,2499,2345,2400,2395,2400,2400,2400,2400,2300,2295,2250,2400,2450,2450,2450,2400,2495,2500,2595,2499,2474.5,2400,2497,2450,2450,2495,2485,2597.5,2500,2600,2550,2497,2500,2550,2575,2595,2495,2499.5,2550,2600,2500,2600,2600,2600,2600,2625,2695,2595,2597.5,2500,2500,2600,2600,2750,2600,2700
"Chesapeake","VA","Virginia Beach","Chesapeake City",57,,,,,,,,,,,,1799,1747.5,1850,1895,1900,1895,1850,1850,1895,1895,1875,1800,1795,1850,1850,1925,1995,1995,1995,1995,1900,1885,1800,1850,1850,1850,1900,1967.5,1937.5,1900,1950,1895,1850,1895,1875,1897.5,1895,1850,1850,1850,1950,1995,1995,1895,1850,1800,1850,1850,1850,1850,1900,1900,1895,1900,1895,1895,1900,1895,1875,1895,1850,1800,1895,1900,1895,1850,1950,1900,1900
"Fontana","CA","Riverside","San Bernardino",58,,,,,,,,,,,,,,,,2040,2100,2100,1997,1999,1999,1999,1950,1925,1900,1900,1900,1969,1900,1997,1969,1895,1895,1975,1962.5,1985,1977,1997.5,1997,1950,1950,1985,1950,1995,1999,1962.5,1989,1962.5,1995,1999,2000,2000,2050,2100,2100,2100,2062.5,2019,2000,2025,2100,2124.5,2149,2150,2182,2150,2097.5,2100,2100,2125,2125,2150,2100,2100,2150,2195,2150,2250,2150,2200
"Fort Myers","FL","Fort Myers","Lee",59,,,,,,,,,,,,,,,,,,,,,,,,,,,,,,,,,,,,,,,,,,,,,,,,1800,1800,1825,1800,1985,2000,1995,1900,2000,1950,1950,1950,1975,1937.5,2000,2150,1912.5,1999,1975,1962.5,2195,2197.5,2150,2200,2200,2200,2300,2350,2400,2285,2300,2400,2200
"North Las Vegas","NV","Las Vegas","Clark",60,,,,,,,,,,,,1295,1262.5,1297.5,1295,1200,1250,1250,1250,1250,1200,1200,1200,1200,1200,1200,1295,1250,1250,1200,1200,1200,1200,1195,1195,1200,1200,1200,1212.5,1250,1200,1249,1250,1250,1250,1250,1200,1200,1200,1200,1200,1225,1200,1250,1235,1250,1250,1250,1250,1250,1250,1295,1250,1295,1295,1295,1295,1295,1295,1250,1275,1250,1275,1295,1300,1300,1350,1347.5,1350,1300
"Lawrenceville","GA","Atlanta","Gwinnett",61,,,,,,,1350,1350,1350,1300,1300,1295,1295,1297.5,1337.5,1300,1300,1272.5,1295,1295,1295,1250,1250,1250,1250,1250,1300,1300,1250,1280,1250,1295,1297.5,1300,1290,1275,1295,1300,1295,1295,1300,1300,1300,1300,1300,1300,1300,1300,1309,1325,1325,1377,1395,1385,1350,1357.5,1350,1350,1395,1400,1399,1400,1400,1450,1470,1475,1435,1450,1440,1437,1429,1450,1450,1475,1495,1495,1492.5,1480,1495,1504.5
"Fayetteville","NC","Fayetteville","Cumberland",62,,,,,,,,,,,,,1250,1250,1297,1300,1350,1297.5,1295,1295,1225,1200,1200,1200,1250,1295,1300,1350,1375,1300,1300,1250,1250,1272.5,1250,1200,1200,1200,1250,1295,1250,1250,1295,1300,1250,1250,1250,1200,1200,1232,1250,1300,1300,1275,1250,1250,1262.5,1230,1250,1225,1200,1249,1295,1350,1350,1300,1300,1295,1300,1300,1250,1250,1250,1250,1250,1262.5,1350,1350,1300,1250
"Gilbert","AZ","Phoenix","Maricopa",63,,,,,,,,,,1500,1600,1590,1500,1545,1587.5,1567.5,1500,1495,1525,1445,1400,1395,1375,1372.5,1399.5,1497,1495,1500,1500,1575,1500,1495,1450,1450,1450,1430,1425,1450,1425,1495,1462.5,1400,1450,1412.5,1412.5,1425,1450,1450,1475,1450,1485,1450,1495,1495,1495,1495,1495,1495,1495,1450,1495,1549,1512,1550,1450,1450,1497,1495,1545,1525,1500,1550,1549.5,1550,1590,1550,1650,1550,1550,1595
"Irvine","CA","Los Angeles-Long Beach-Anaheim","Orange",64,,,,,,,3375,3295,3200,3200,3200,3350,3300,3425,3500,3300,3200,3100,3300,3200,3100,3000,3100,3175,3297.5,3300,3237.5,3400,3300,3300,3250,3260,3400,3345,3700,3600,3612.5,3575,3500,3475,3500,3600,3600,3650,3650,3500,3500,3450,3499,3499.5,3500,3600,3650,3650,3700,3700,3700,3650,3800,3800,3797.5,3725,3800,3800,3800,3750,3950,3900,3800,3800,3800,3800,3800,3950,3990,4000,3872.5,3900,3995,3865
"Boca Raton","FL","Miami-Fort Lauderdale","Palm Beach",65,,,,,,,,,,,2795,2750,2700,2700,2600,2825,2700,2675,2600,2499,2500,2495,2495,2500,2540,2600,2850,2700,2850,2800,2950,2800,2750,2755,2795,2627.5,2737.5,2700,2795,2795,2800,2900,2900,2850,2850,2840,2812.5,2700,2685,2600,2685,2730,2700,2708.5,2800,2895,2797.5,2895,2795,2950,2825,2850,2900,2999.5,2950,2925,2900,2975,2985,2872.5,2895,2877.5,2800,2895,2900,2900,3000,2897.5,3200,3200
"Bradenton","FL","North Port-Sarasota-Bradenton","Manatee",66,,,,,,,,,,,,,,,,,,,,,,,,,,,,,,,2795,2600,2500,2375,2275,2200,2250,2294.5,2450,2350,2172.5,2350,2200,2200,2250,2200,2550,2325,2312.5,2250,2250,2500,2500,2400,2250,2400,2395,2395,2437.5,2237.5,2425,2685,2700,2600,2500,2500,2525,2637.5,2600,2495,2397.5,2232.5,2267.5,2412.5,2475,2500,2500,2625,2675,2547.5
"Reno","NV","Reno","Washoe",67,,,,,,,,,,,,,,,,,,,,,,1500,1425,1400,1450,1450,1495,1495,1495,1550,1550,1550,1550,1522.5,1500,1450,1425,1500,1495,1597.5,1600,1550,1550,1550,1550,1595,1567.5,1550,1550,1567.5,1550,1500,1595,1675,1650,1600,1600,1600,1650,1700,1750,1725,1737.5,1750,1650,1600,1795,1700,1650,1695,1697.5,1700,1800,1800,1812.5,1900,1845,1795,1825,1837.5
"Tacoma","WA","Seattle","Pierce",68,,,,,,,,,,,,,,,,,,,,,,,,,,1275,1325,1300,1300,1325,1350,1350,1295,1350,1300,1297.5,1350,1350,1462.5,1495,1450,1412.5,1467.5,1395,1495,1472.5,1472.5,1425,1395,1390,1395,1496,1470,1495,1550,1450,1395,1400,1400,1437.5,1450,1495,1500,1575,1550,1495,1600,1521,1495,1500,1440,1430,1500,1600,1600,1550,1500,1600,1562.5,1600
"Oceanside","CA","San Diego","San Diego",69,,,,,,,,,,,,,,,,2200,2195,2150,2000,2045,1995,2100,2095,2194.5,2200,2100,2150,2150,2150,2240,2240,2199,2200,2195,2200,2295,2250,2290,2300,2350,2337.5,2300,2250,2300,2300,2300,2295,2297.5,2295,2295,2295,2350,2450,2385,2285,2350,2380,2395,2295,2347.5,2285,2322.5,2500,2495,2450,2415,2497.5,2500,2450,2385,2435,2435,2447.5,2425,2450,2499,2500,2499,2572.5,2500
"Gainesville","FL","Gainesville","Alachua",70,,,,,,,,,,,,,,,,,,,,,,,,,,,,,,,,,,,,,,,,,,,,,,,,1600,1550,1416,1400,1612.5,1500,1475,1350,1372.5,1400,1550,1600,1497.5,1525,1600,1560,1600,1500,1492.5,1400,1400,1475,1700,1625,1770,1587.5,1575,1600,1475,1493,1495,1600,1400
"Woodbridge","VA","Washington","Prince William",71,,,,,,,,,,,,,,,,2197.5,2250,2200,2375,2397.5,2350,1995,1950,2100,2000,2200,2300,2200,2297.5,2300,2250,2050,1900,2000,2000,1925,2197.5,2185,2197.5,2100,2150,2300,2200,2275,2297.5,2285,2200,2325,2347.5,2300,2300,2295,2362.5,2300,2300,2250,2200,2250,2172.5,2184.5,2194,2100,2200,2300,2425,2350,2300,2399,2325,2200,2225,2272.5,2300,2350,2200,2450,2272.5,2300,2500,2275
"Boise","ID","Boise City","Ada",72,,,,,,,,,,,,,,,,,,,,,,,,975,960,900,895,1027.5,1095,1095,1195,1095,1095,1097.5,1100,1107.5,1025,995,1100,1225,1250,1272.5,1210,1225,1200,1200,1150,1120,1150,1200,1200,1295,1300,1372.5,1325,1325,1295,1292.5,1292.5,1350,1395,1375,1475,1412.5,1395,1395,1395,1250,1272.5,1212.5,1300,1272.5,1372.5,1350,1495,1295,1297.5,1295,1250,1297.5
"Huntington Beach","CA","Los Angeles-Long Beach-Anaheim","Orange",73,,,,,,,,,,,,,,,,3300,2950,2900,3080,2900,2970,2997.5,3000,3000,3050,2972.5,2825,3190,2975,2700,2950,3070,3200,3000,3000,3000,2895,2895,3100,3000,3400,3500,3400,3500,3345,3200,3295,3247.5,3200,3200,3297.5,3597.5,3500,3500,3500,3495,3497.5,3447.5,3500,3700,3550,3400,3500,3622,3650,3550,3325,3500,3300,3300,3500,3500,3495,3400,3300,3500,3700,3597.5,3600,3375
"Moreno Valley","CA","Riverside","Riverside",74,,,,,,,,,,,,,,,,,,1550,1500,1500,1500,1500,1512.5,1525,1499.5,1440,1495,1500,1550,1550,1550,1550,1550,1550,1550,1560,1550,1550,1595,1600,1599,1600,1595,1600,1595,1550,1580,1595,1595,1595,1595,1649,1600,1625,1600,1597.5,1600,1595,1650,1625,1637,1650,1650,1675,1700,1700,1700,1700,1695,1697.5,1695,1700,1700,1737.5,1750,1735,1750,1757.5,1792.5,1697.5
"Port Saint Lucie","FL","Port St. Lucie","Saint Lucie",75,,,,,,,,,,,,,1275,1350,1300,1300,1400,1300,1300,1300,1300,1300,1272.5,1300,1300,1300,1300,1395,1350,1300,1300,1300,1300,1300,1300,1300,1330,1350,1350,1375,1425,1450,1462.5,1400,1450,1350,1385,1400,1450,1400,1450,1450,1450,1450,1425,1475,1475,1450,1462.5,1500,1495,1495,1500,1500,1500,1525,1525,1500,1537.5,1600,1550,1500,1550,1600,1672.5,1595,1600,1650,1595,1650
"Providence","RI","Providence","Providence",76,,,,,,,,,,,,,,,,,,,,,,,,,,,,,,,,,,,,,,,,,,,,,,,,1599.5,1600,1600,1800,1800,1720,1600,1600,1600,1550,1600,1695,1800,1900,1900,1995,1897.5,1799,1725,1725,1700,1800,1885,1900,2000,2100,2000,2000,2000,2000,2000,1872.5,1750
"Lancaster","CA","Los Angeles-Long Beach-Anaheim","Los Angeles",77,,,,,,,,,,,,,,,,,,1396.5,1300,1337.5,1425,1425,1395,1495,1354.5,1350,1400,1395,1400,1450,1400,1400,1550,1495,1450,1489,1450,1450,1462.5,1500,1550,1595,1549,1550,1519,1499,1480,1450,1449,1425,1400,1400,1450,1450,1397.5,1395,1397,1400,1450,1400,1475,1500,1572.5,1600,1545,1600,1650,1604.5,1562.5,1550,1495,1562.5,1626,1600,1600,1587,1475,1522.5,1550,1550
"Fort Lauderdale","FL","Miami-Fort Lauderdale","Broward",78,,,,,,,,,,,,,,,,,,,,,,,,,,,,,,,,,,,,,,,,,,,,,,,,,,,,,,,,,,,,3400,3000,2600,2850,3300,3000,3300,2900,2825,3000,2850,2800,2775,3100,3000,2825,2867.5,2700,2900,3000,2800
"Columbus","GA","Columbus","Muscogee",79,,,,,,,,,,,,,,,,,,,,,,,,,,,,,,,,,,,,,1100,1150,1100,1150,1200,1150,1150,1150,1150,1150,1172.5,1195,1100,1100,1100,1200,1337.5,1350,1297.5,1247.5,1250,1250,1100,1100,1100,1100,1195,1200,1262.5,1200,1250,1200,1200,1200,1137.5,1100,1100,1100,1097.5,1150,1112.5,1312.5,1197.5,1125
"Rancho Cucamonga","CA","Riverside","San Bernardino",80,,,,,,,,,,,,,,,,,,2250,2390,2250,2150,2050,2400,2500,2355,2200,2200,2195,2195,2200,2200,2350,2295,2185,2185,2199,2199,2150,2200,2250,2200,2250,2200,2270,2250,2290,2250,2250,2230,2272.5,2300,2300,2350,2400,2360,2350,2300,2300,2300,2297.5,2300,2300,2370,2350,2350,2400,2450,2450,2450,2390,2450,2400,2500,2400,2350,2380,2550,2400,2500,2500
"Overland Park","KS","Kansas City","Johnson",81,,,,,,,,,,,,,,,,,,,,,,,,,,,,,,,,,,,,,,,,,,,,,,,,,,,,,,,,,,,,,,,,2150,2050,2050,2125,2000,2049.5,2099.5,1995,1995,1962.5,1950,1972.5,1850,2095,1900,1850,1900
"Newport News","VA","Virginia Beach","Newport News City",82,,,,,,,,,,,,,1495,1485,1495,1495,1550,1550,1550,1495,1497.5,1400,1400,1400,1397.5,1485,1400,1450,1500,1500,1500,1500,1500,1495,1437.5,1400,1475,1550,1572.5,1595,1600,1597.5,1540,1550,1500,1425,1497.5,1495,1425,1425,1450,1500,1585,1562.5,1550,1500,1500,1495,1500,1500,1500,1495,1550,1595,1600,1600,1590,1500,1500,1500,1500,1500,1500,1550,1575,1550,1475,1550,1450,1450
"Killeen","TX","Killeen","Bell",83,,,,,,,,,,,,,,,,1150,1100,1075,1097.5,1095,1050,1050,1075,1025,1025,1095,1095,1100,1095,1095,1100,1100,1195,1195,1195,1175,1150,1100,1100,1100,1150,1100,1097.5,1095,1075,1050,1000,1000,1025,1050,1050,1100,1095,1095,1095,1095,1095,1095,1097.5,1055,1050,1100,1100,1100,1100,1150,1150,1100,1095,1100,1100,1100,1095,1050,1037.5,1050,1095,1095,1100,1095
"Palmdale","CA","Los Angeles-Long Beach-Anaheim","Los Angeles",84,,,,,,,,,,,,,,,,,,,,,,1495,1500,1597.5,1597.5,1450,1595,1500,1500,1522.5,1600,1550,1550,1550,1600,1600,1650,1625,1650,1650,1600,1600,1595,1600,1585,1595,1550,1595,1595,1550,1550,1545,1597,1595,1599,1599,1600,1600,1600,1650,1795,1759.5,1750,1675,1687.5,1600,1669,1600,1597.5,1580,1600,1637.5,1695,1675,1625,1600,1650,1600,1600,1675
"Elk Grove","CA","Sacramento","Sacramento",85,,,,,,,,,,,,,,,,1650,1612.5,1600,1600,1650,1650,1595,1590,1595,1580,1595,1595,1595,1625,1650,1595,1650,1650,1650,1650,1650,1605,1630,1637.5,1650,1600,1600,1632,1595,1650,1650,1695,1695,1675,1650,1665,1700,1750,1725,1700,1700,1695,1695,1695,1695,1695,1695,1700,1750,1750,1775,1795,1750,1700,1795,1795,1795,1795,1795,1772.5,1800,1895,1800,1795,1825
"Fredericksburg","VA","Washington","Spotsylvania",86,,,,,,,,,,,,,,,,,,,,,,,1800,1650,1650,1887.5,1900,1990,1895,1950,1850,1875,1825,1800,1650,1710,1725,1795,1925,1895,1950,1950,1900,1800,1845,1800,1800,1800,1797.5,1800,1800,1975,1995,1900,1950,1925,1850,1862.5,1850,1875,1895,1900,1900,1950,1995,1975,1950,1900,1850,1900,1977.5,1995,1950,1950,1985,1950,1895,1995,1995,1950
"Cape Coral","FL","Fort Myers","Lee",87,,,,,,,,,,,,,,,,,,,,,,,,,,,,,,,,,,,,,,,,,,,,,,,,,,,,,,,,,,,,,,,,1700,1747.5,1725,1747.5,1800,1925,1795,1700,1800,1900,1972.5,1900,1800,1600,1650,1595,1795
"Pembroke Pines","FL","Miami-Fort Lauderdale","Broward",88,,,,,,,,,,,,2400,2500,2500,2500,2500,2500,2550,2550,2500,2595,2550,2550,2500,2500,2500,2600,2500,2600,2550,2500,2500,2500,2500,2500,2525,2500,2500,2500,2550,2600,2600,2650,2650,2600,2600,2600,2650,2600,2597.5,2600,2600,2700,2695,2595,2500,2500,2550,2550,2600,2637.5,2599,2637.5,2700,2600,2600,2750,2750,2650,2650,2600,2685,2700,2650,2600,2600,2697.5,2600,2595,2600
"Peoria","AZ","Phoenix","Maricopa",89,,,,,,,,,,,,1437.5,1450,1450,1420,1550,1435,1397.5,1397.5,1372.5,1300,1350,1395,1450,1425,1322.5,1370,1395,1350,1350,1325,1400,1450,1350,1325,1295,1295,1350,1349,1350,1349,1395,1350,1325,1300,1350,1295,1290,1292.5,1282.5,1297.5,1350,1396.5,1400,1400,1397.5,1400,1462.5,1450,1400,1450,1470,1450,1545,1500,1500,1397.5,1399.5,1400,1495,1497.5,1560,1512.5,1472.5,1450,1495,1500,1474.5,1572,1497.5
"Fairfax","VA","Washington","Fairfax",90,,,,,,,,,,,,,,,,,,,,,,,,,,,,,,,,,,,,,,,2700,2600,2750,2800,2800,2774.5,2695,2662.5,2600,2600,2600,2597.5,2600,2662.5,2900,2825,2750,2800,2800,2825,2725,2750,2897.5,2750,2850,2800,2700,2725,2875,2825,2600,2800,2600,2800,2700,2700,2650,2925,2825,2700,2600,2800
"Sugar Land","TX","Houston","Fort Bend",91,,,,,,,,,,,,,,,,,,,,,,,1900,1850,1850,1800,1862.5,1950,2150,2050,2000,2000,2000,2000,2000,1997.5,2000,1975,2000,2100,2100,2250,2162.5,2275,2150,2275,2400,2475,2375,2250,2100,2250,2350,2200,2195,2100,2100,2025,2200,2225,2250,2250,2397.5,2300,2250,2300,2350,2300,2300,2300,2300,2300,2295,2262.5,2350,2295,2249.5,2250,2250,2250
"Hampton","VA","Virginia Beach","Hampton City",92,,,,,,,,,,,,,1500,1495,1400,1495,1450,1495,1497.5,1497.5,1450,1400,1395,1395,1475,1487.5,1450,1450,1495,1495,1475,1350,1400,1298,1325,1200,1300,1400,1500,1450,1450,1450,1462.5,1500,1500,1397.5,1395,1350,1395,1400,1400,1500,1575,1500,1550,1500,1500,1500,1500,1500,1495,1550,1525,1562.5,1500,1500,1500,1500,1500,1500,1400,1500,1500,1495,1472.5,1500,1625,1650,1547.5,1500
"McKinney","TX","Dallas-Fort Worth","Collin",93,,,,,,,,,,,,,1595,1595,1650,1600,1595,1595,1600,1650,1600,1600,1600,1650,1695,1600,1700,1695,1650,1700,1750,1650,1650,1700,1695,1795,1700,1700,1697.5,1710,1700,1750,1750,1750,1700,1700,1695,1695,1700,1725,1750,1795,1795,1799,1795,1775,1782.5,1795,1795,1800,1800,1825,1822.5,1850,1895,1850,1850,1850,1827.5,1850,1875,1845,1800,1800,1895,1899,1900,1897.5,1895,1928.5
"New Haven","CT","New Haven","New Haven",94,,,,,,,,,,,,,,,,,,,,,,,,,,,,,,,1374.5,1350,1374.5,1300,1350,1350,1350,1400,1375,1450,1350,1375,1412.5,1375,1350,1325,1397.5,1350,1375,1362.5,1375,1400,1400,1200,1200,1275,1300,1300,1300,1300,1472.5,1395,1400,1450,1450,1472.5,1500,1500,1525,1525,1450,1450,1412.5,1375,1437.5,1525,1550,1450,1650,1537.5
"Cumming","GA","Atlanta","Forsyth",95,,,,,,,,,,,,1597.5,1550,1600,1650,1650,1650,1600,1600,1600,1720,1612.5,1650,1650,1697.5,1800,1750,1800,1800,1750,1700,1595,1700,1700,1650,1650,1700,1700,1675,1600,1695,1700,1700,1697.5,1695,1700,1695,1650,1695,1675,1650,1700,1700,1700,1750,1700,1725,1750,1800,1750,1750,1800,1850,1850,1850,1850,1850,1795,1800,1795,1795,1750,1732.5,1700,1715,1815,1800,1835,1800,1750
"Bellevue","WA","Seattle","King",96,,,,,,,,,,,,,,,,,,,,,,,,,,,,,2547.5,2495,2500,2600,2500,2500,2497.5,2500,2600,2500,2495,2897.5,2700,2925,2597.5,2495,2597.5,2650,2500,2467.5,2495,2500,2500,2772.5,2695,2800,2850,2695,2747.5,2700,2672.5,2925,2822.5,2745,2800,2895,2950,2950,2900,2837.5,2995,2895,2795,2784.5,2925,2972.5,3175,3150,2995,3147.5,3097.5,2900
"Miramar","FL","Miami-Fort Lauderdale","Broward",97,,,,,,,,,,,2225,2350,2372.5,2400,2500,2500,2500,2500,2475,2450,2500,2400,2400,2350,2300,2400,2400,2400,2400,2450,2495,2450,2425,2350,2350,2350,2362.5,2400,2500,2450,2400,2362.5,2350,2400,2350,2400,2350,2400,2400,2400,2400,2500,2500,2500,2500,2500,2400,2450,2400,2400,2425,2500,2500,2597.5,2600,2550,2600,2599,2500,2500,2600,2550,2497.5,2500,2500,2450,2500,2479,2500,2500
"Queen Creek","AZ","Phoenix","Pinal",98,,,,,,,,,,,,950,985,975,995,950,925,950,950,950,950,950,950,925,950,980,975,950,975,995,995,950,960,995,950,975,1000,1025,1000,995,950,950,950,950,950,950,950,950,950,975,975,995,1050,999.5,995,995,980,995,997,1012.5,1012.5,1050,1095,1050,1050,1050,1000,1050,1050,1050,1050,1092.5,1100,1130,1070,1095,1125,1150,1095,1112.5
"Coral Springs","FL","Miami-Fort Lauderdale","Broward",99,,,,,,,,,,,,,,2350,2400,2500,2500,2500,2500,2400,2350,2350,2300,2300,2300,2300,2400,2495,2495,2500,2450,2500,2500,2500,2400,2500,2500,2500,2500,2500,2500,2500,2500,2500,2575,2500,2540,2575,2575,2575,2600,2600,2600,2600,2575,2500,2550,2582.5,2600,2600,2600,2625,2600,2600,2575,2572.5,2587,2600,2637.5,2600,2500,2587.5,2600,2600,2600,2600,2575,2600,2600,2500
"Frisco","TX","Dallas-Fort Worth","Collin",100,,,,,,,,,,,,,2100,2047.5,2000,2025,1972.5,1875,1950,1895,2000,1800,2000,1925,1995,2147.5,1950,1997.5,1950,1825,1850,1850,1800,1997.5,1950,1895,1850,1850,1950,1975,1900,2037.5,2095,2100,2150,2150,2170,2150,2000,2095,2075,2199.5,2195,2125,2200,2150,2150,2150,2100,2100,2100,2125,2250,2197.5,2250,2295,2250,2197.5,2100,2192.5,2250,2250,2300,2300,2300,2300,2200,2325,2300,2322.5
"Cypress","TX","Houston","Harris",101,,,,,,,,,,,,,,,,,,,,,,1500,1500,1500,1500,1762.5,1650,1625,1600,1600,1600,1750,1697.5,1550,1550,1600,1700,1650,1750,1750,1750,1700,1750,1750,1750,1650,1700,1612,1650,1625,1700,1800,1861.5,1750,1872.5,1900,1937,1850,1800,1800,1887,1800,1800,1800,1849.5,1950,1882,1900,1819,1850,1850,1850,1842,1842,1850,1825,1900,1900,1925,1975
"Surprise","AZ","Phoenix","Maricopa",102,,,,,,,,,,1097.5,1097.5,1097.5,1100,1162.5,1195,1195,1150,1100,1150,1150,1150,1150,1150,1100,1150,1150,1200,1200,1195,1112.5,1125,1100,1100,1052.5,1097.5,1100,1150,1150,1175,1150,1195,1195,1175,1150,1172.5,1150,1137.5,1100,1125,1125,1150,1185,1195,1195,1175,1185,1195,1200,1200,1200,1250,1250,1285,1295,1337.5,1262.5,1245,1262.5,1275,1275,1250,1295,1300,1295,1300,1250,1325,1350,1295,1349.5
"Victorville","CA","Riverside","San Bernardino",103,,,,,,,,,,,,,1300,1300,1312.5,1300,1295,1350,1297.5,1299.5,1295,1262.5,1250,1250,1250,1295,1299.5,1295,1250,1250,1250,1225,1247,1200,1200,1200,1250,1289,1250,1250,1250,1250,1250,1200,1250,1250,1250,1250,1250,1250,1250,1250,1250,1250,1250,1250,1250,1250,1250,1250,1250,1295,1295,1300,1300,1297.5,1300,1300,1300,1295,1300,1300,1295,1295,1300,1300,1300,1350,1300,1322.5
"Temecula","CA","Riverside","Riverside",104,,,,,,,,,,,,,2000,1996.5,2000,2087,2000,1995,1992.5,1950,2062.5,1950,2000,1997.5,1950,1990,1990,1950,1950,1997,1995,1950,2000,2000,2000,1997,1950,1949,1995,2000,2000,2000,2000,1999,1950,1995,1999,1999,1995,1950,1995,2095,2035,2095,2095,2099,2097,1995,2000,2035,2000,2050,2100,2095,2095,2095,2100,2150,2100,2100,2150,2100,2154.5,2172.5,2136.5,2195,2170,2195,2100,2195
"Tracy","CA","Stockton","San Joaquin",105,,,,,,,,,,,,1795,1750,1750,1750,1772.5,1750,1750,1750,1750,1749.5,1772.5,1780,1800,1800,1795,1850,1850,1850,1845,1800,1800,1800,1835,1795,1800,1850,1850,1895,1900,1895,1900,1895,1895,1875,1895,1895,1900,1900,1900,1900,1895,1925,2050,2000,1900,1947.5,1900,1900,1950,2050,2099,2050,2075,2100,2000,2100,2195,2100,2100,2100,2100,2197,2199,2200,2200,2250,2350,2295,2300
"Murrieta","CA","Riverside","Riverside",106,,,,,,,,,,,,1897.5,1800,1885,1975,1975,1850,1895,1950,1925,1895,1950,1950,1900,1895,1895,1900,1900,1900,1900,1850,1862.5,1850,1850,1895,1895,1895,1895,1895,1900,1995,1950,1900,1900,1899,1895,1850,1895,1895,1882.5,1900,1975,1950,1992.5,1907.5,1959,1900,1925,1900,1950,1950,1950,1998,2000,1997,2072.5,2072.5,1999.5,1995,2095,2095,2000,2000,2062.5,2025,2097.5,2195,2065,2100,2100
"Cambridge","MA","Boston","Middlesex",107,,,,,,,,,,,,,,,,,,,,,,,,,,3400,3850,3600,3500,3550,3850,3800,3800,3600,4000,3800,4000,4000,3900,4000,3800,3800,3800,3900,3975,4000,3900,3900,3912.5,3950,3950,3950,3900,3962.5,4000,3800,3800,3750,3600,3725,3925,4000,4000,4000,4000,4000,3900,3800,3600,3500,3500,3600,3925,4000,4200,4390,4050,4000,4000,4000
"College Station","TX","College Station","Brazos",108,,,,,,,,,,,,,,,,1600,1600,1595,1437.5,1400,1195,1295,1195,1400,1596,1600,1600,1567.5,1575,1500,1482.5,1400,1400,1500,1500,1540,1600,1600,1550,1600,1550,1500,1500,1500,1500,1600,1600,1750,1675,1650,1647.5,1600,1600,1600,1600,1600,1720,1797.5,1800,1700,1750,1695,1700,1750,1775,1800,1600,1600,1650,1900,2000,1900,1850,1850,1700,1750,1800,1790,1600,1600
"Stone Mountain","GA","Atlanta","Dekalb",109,,,,,,,,,,,,,,,,,1200,1195,1195,1197.5,1200,1200,1200,1200,1200,1195,1250,1150,1100,1100,1150,1100,1097.5,1050,1092.5,1100,1150,1150,1150,1150,1150,1150,1175,1150,1175,1150,1150,1200,1150,1150,1150,1175,1175,1175,1195,1200,1195,1150,1100,1195,1200,1200,1200,1200,1200,1175,1200,1200,1250,1232.5,1250,1250,1200,1200,1250,1250,1322.5,1250,1250,1250
"Carlsbad","CA","San Diego","San Diego",110,,,,,,,,,,,,,,,,,3500,3200,3200,2850,3200,3150,3350,3297.5,3200,3050,2900,3129,3200,3247.5,3147.5,3325,3150,3100,2950,3125,3150,3325,3375,3300,3547.5,3300,3250,3375,3272.5,3200,3450,3397.5,3397.5,3400,3400,3350,3400,3447.5,3400,3350,3500,3300,3400,3450,3347.5,3347.5,3500,3620,3590,3447.5,3400,3495,3450,3495,3300,3795,3947.5,3647.5,3672.5,3575,3672.5,3600,3500,3550
"Saint Augustine","FL","Jacksonville","Saint Johns",111,,,,,,,,,,,,,1825,1925,1900,1872.5,1875,1600,1595,1695,1800,1712.5,1750,1795,2000,1974.5,1897.5,1850,1900,1900,1850,1795,1700,1800,1795,1800,1800,1787.5,1800,1675,1695,1825,1785,1812.5,1850,1800,1722.5,1722.5,1700,1745,1775,1800,1850,1847.5,1825,1822.5,1950,1895,1795,1797.5,1685,1695,1750,1795,1800,1825,1850,1900,1800,1797.5,1775,1775,1800,1751,1775.5,1797.5,1800,1814.5,1867.5,1725
"Jacksonville","NC","Jacksonville","Onslow",112,,,,,,,,,,,,,,1250,1250,1200,1200,1250,1250,1272.5,1200,1200,1185,1150,1100,1150,1200,1250,1250,1250,1200,1200,1199,1150,1100,1100,1100,1125,1160,1200,1200,1195,1162.5,1137.5,1150,1100,1100,1100,1095,1095,1112.5,1200,1200,1200,1200,1200,1175,1100,1125,1100,1100,1150,1195,1200,1200,1175,1175,1125,1100,1100,1100,1100,1095,1100,1150,1200,1195,1197.5,1197,1100
"Orange Park","FL","Jacksonville","Clay",113,,,,,,,,,,,,,,,,,,,,1200,1200,1295,1295,1350,1395,1350,1275,1400,1400,1350,1337.5,1350,1350,1350,1350,1337.5,1372.5,1395,1350,1350,1325,1387.5,1362.5,1395,1375,1362.5,1375,1362.5,1350,1350,1350,1375,1395,1425,1400,1395,1350,1425,1399.5,1400,1495,1412.5,1400,1485,1495,1450,1400,1400,1425,1395,1400,1400,1470,1495,1575,1575,1449.5,1450,1522.5,1495
"Newton","MA","Boston","Middlesex",114,,,,,,,,,,,,,,,,,,,,,,,,,,,,,,,,,,,,,,,,,,,,,,,,,,,,,,,,,,,,,,,3500,3500,3500,3400,3600,3500,3500,3500,3500,3500,3500,3500,3550,3600,3650,3500,3550,3500
"Riverview","FL","Tampa","Hillsborough",115,,,,,,,,,,,,,1475,1400,1500,1500,1472.5,1450,1400,1400,1400,1350,1315,1350,1350,1350,1372.5,1350,1450,1450,1395,1417.5,1425,1400,1400,1485,1462.5,1450,1500,1500,1550,1500,1500,1495,1495,1475,1475,1425,1425,1425,1450,1500,1500,1500,1500,1500,1495,1475,1482.5,1475,1465,1450,1497.5,1500,1500,1500,1500,1495,1500,1500,1495,1500,1525,1525,1500,1500,1550,1550,1550,1550
"Plantation","FL","Miami-Fort Lauderdale","Broward",116,,,,,,,,,,,,,2600,2682.5,2657.5,2682.5,2600,2500,2500,2500,2600,2500,2500,2500,2500,2600,2600,2600,2682,2625,2600,2600,2600,2600,2600,2550,2500,2500,2500,2500,2600,2632.5,2700,2700,2600,2600,2600,2550,2600,2647.5,2670,2800,2750,2750,2650,2600,2499.5,2600,2550,2600,2600,2600,2500,2549.5,2600,2625,2800,2600,2737.5,2625,2700,2700,2700,2750,2615,2685,2650,2575,2650,2545
"Lithonia","GA","Atlanta","Dekalb",117,,,,,,,,,,,,,,,,,1100,1100,1100,1050,1100,1200,1100,1050,1050,1050,1050,1050,1100,1097,1095,1050,1000,1100,1100,1100,1100,1100,1100,1100,1095,1095,1100,1100,1100,1100,1097.5,1050,1050,1050,1050,1100,1095,1105,1100,1100,1085,1097.5,1150,1100,1100,1150,1100,1177.5,1100,1137.5,1100,1150,1200,1150,1172.5,1150,1150,1150,1170,1150,1150,1240,1200,1219
"McDonough","GA","Atlanta","Henry",118,,,,,,,,,,,,,,,,,,,,1300,1200,1250,1297.5,1200,1250,1295,1200,1200,1200,1320,1397.5,1200,1200,1200,1200,1245,1250,1275,1300,1295,1300,1300,1300,1277.5,1262.5,1295,1292.5,1250,1250,1250,1250,1250,1300,1297.5,1325,1250,1275,1250,1250,1250,1250,1300,1325,1375,1331,1375,1383,1375,1350,1365,1370,1357.5,1325,1370,1350,1350,1375,1362.5,1385,1350
"Allen","TX","Dallas-Fort Worth","Collin",119,,,,,,,,,,,,,,,,,,,,,,,,1850,1772.5,1750,1700,1762.5,1825,1870,1795,1750,1800,1795,1850,1750,1800,1795,1895,1812.5,1890,1924.5,1969.5,1850,1900,1920,1950,1945,1922.5,1897.5,1895,1995,1972.5,1900,1885,1895,1899.5,1950,1950,1972.5,1900,1950,1995,2195,2095,1995,2000,2000,1995,1995,1925,1995,1997.5,1950,2047.5,1995,2195,2115,2195,2000
"Edmond","OK","Oklahoma City","Oklahoma",120,,,,,,,,,,,,,,,,,,,,,,,,,,,,,,,,,,,,1797.5,1845,1797.5,1795,1872.5,1995,2100,1822.5,1845,1795,1895,1842.5,1795,1795,1750,1750,1770,1750,1785,1750,1800,1800,1795,1772.5,1695,1695,1785,1860,1795,1695,1775,1795,1795,1785,1695,1695,1670,1695,1695,1692.5,1600,1795,1650,1795,1725
"Kennesaw","GA","Atlanta","Cobb",121,,,,,,,,,,,,,1500,1500,1525,1525,1500,1500,1500,1395,1385,1500,1475,1350,1350,1400,1450,1450,1525,1450,1472.5,1450,1400,1395,1400,1450,1400,1400,1462.5,1492.5,1505,1495,1450,1495,1500,1500,1495,1495,1495,1495,1495,1450,1550,1592.5,1572.5,1497.5,1500,1450,1495,1590,1575,1595,1572.5,1500,1600,1600,1664,1669,1600,1599,1579,1595,1525,1550,1597.5,1650,1650,1650,1672.5,1600
"Boulder","CO","Boulder","Boulder",122,,,,,,,,,,,,,,,,,,,,,,,,,,,,,,,,,,,,,,,,,,,,,,,3245,3200,3200,3186,3000,2900,2950,2800,2725,2800,2700,2975,3225,3200,2995,3250,3340,3122.5,2925,2885,2922.5,2650,2700,2986,3500,3600,3600,3600,3580,3580,3275,2900,2875,2895
"Suffolk","VA","Virginia Beach","Suffolk City",123,,,,,,,,,,,,,1800,1795,1797.5,1800,1795,1795,1795,1795,1775,1762.5,1795,1795,1795,1795,1725,1762.5,1795,1762.5,1735,1750,1750,1797.5,1795,1795,1795,1800,1795,1795,1795,1780,1750,1700,1800,1750,1750,1750,1750,1767.5,1750,1750,1795,1795,1785,1795,1750,1750,1750,1750,1750,1685,1700,1795,1800,1795,1795,1750,1750,1737.5,1750,1750,1750,1750,1785,1795,1790,1775,1780,1780
"Acworth","GA","Atlanta","Cobb",124,,,,,,,,,,,,,,,,,1500,1462.5,1462.5,1400,1400,1450,1400,1400,1397.5,1350,1400,1350,1400,1385,1400,1400,1400,1400,1400,1500,1450,1400,1400,1400,1450,1470,1450,1595,1500,1500,1495,1500,1500,1497.5,1495,1500,1500,1472.5,1495,1500,1550,1495,1450,1439.5,1480,1525,1562.5,1562.5,1500,1595,1577,1575,1580,1575,1595,1590,1562.5,1550,1585,1525,1595,1600,1612.5,1575
"Woodstock","GA","Atlanta","Cherokee",125,,,,,,,,,,,,,,,,,1700,1495,1500,1495,1495,1495,1450,1497.5,1497.5,1425,1500,1400,1572.5,1462.5,1500,1450,1500,1500,1400,1495,1474.5,1500,1449.5,1400,1550,1550,1511.5,1559,1497.5,1497.5,1495,1495,1450,1450,1450,1500,1575,1600,1595,1595,1595,1597,1634,1619,1607,1637,1650,1609,1650,1650,1650,1650,1659.5,1600,1650,1650,1635,1650,1650,1650,1699.5,1695,1712.5,1650
"Thousand Oaks","CA","Ventura","Ventura",126,,,,,,,,,,,,,,,,,,,,,,,,,,2850,2995,3000,3100,2997.5,2925,2972.5,2897.5,2870,2850,2800,2950,3000,3000,3000,3000,2992.5,3100,3150,3200,3000,3000,3000,3000,3000,3100,3000,3300,3000,3300,3200,3000,3300,3300,3100,3050,3172.5,3397.5,3300,3400,3550,3500,3450,3197.5,3105.5,3250,3300,3300,3250,3250,3637.5,3444.5,3262.5,3300,3375
"Somerville","MA","Boston","Middlesex",127,,,,,,,,,,,,,,,,,,,,,,,,,,,2900,2875,3000,3000,2800,2800,2650,2800,2675,2712.5,2700,2975,3050,3100,3150,3100,3000,3000,3000,2825,2800,2800,2875,3000,3200,3150,3250,3300,3200,3200,3100,3000,3000,2950,3000,3200,3350,3350,3400,3450,3250,3200,3200,3200,3100,3175,3150,3450,3600,3600,3800,3600,3600,3400
"Stafford","VA","Washington","Stafford",128,,,,,,,,,,,,,,,,,,,,,,,,,,,,,,,,,,,,,,1950,1950,2000,2127.5,2000,2100,2075,2075,2000,1962.5,1900,1995,2055,2100,2100,2100,2100,2100,2097.5,2095,2000,2000,2000,2000,2100,2175,2200,2200,2200,2125,2037.5,2000,2000,2050,2125,2100,2100,2100,2125,2200,2100,2197.5,2100
"Canton","GA","Atlanta","Cherokee",129,,,,,,,,,,,,,,,,,1500,1500,1500,1562.5,1500,1500,1462.5,1475,1495,1475,1462.5,1500,1500,1497.5,1525,1475,1482.5,1497.5,1490,1400,1450,1425,1400,1400,1475,1475,1475,1475,1460,1400,1400,1395,1400,1450,1437.5,1450,1400,1425,1475,1450,1475,1495,1492.5,1492.5,1495,1475,1500,1500,1500,1550,1600,1525,1500,1499.5,1495,1481,1481,1500,1595,1555,1497.5,1520,1559.5,1550
"Avondale","AZ","Phoenix","Maricopa",130,,,,,,,,,,,,1095,1095,1085,1050,1095,1095,1050,1075,1072.5,1000,1000,995,999,1050,1075,1075,1050,1080,1050,1035,1025,1025,1050,1050,1000,1000,1000,1050,1095,1050,1050,1095,1050,1050,1050,1050,1050,1025,1025,1035,1075,1077.5,1075,1062.5,1095,1050,1050,1070,1095,1100,1100,1100,1100,1112.5,1195,1137.5,1100,1100,1100,1125,1137.5,1157.5,1172.5,1125,1100,1177,1195,1137.5,1149
"Tomball","TX","Houston","Harris",131,,,,,,,,,,,,,,,,,,,,,,,,,,,,,,,,,,,,,,,,,,,,,,,,,1700,1775,1800,1800,1800,1850,1750,1800,1800,1775,1800,1750,1800,1725,1750,1875,1950,1895,1817.5,1850,1925,1950,1825,1800,1800,1900,2000,1972.5,1950,1950,1950,1697
"The Woodlands","TX","Houston","Montgomery",132,,,,,,,,,,,,,,,,,,,,,,,,,,,,,,,,,,,,,,,2492.5,2575,2650,2750,2797.5,2675,2600,2500,2575,2625,2600,2500,2400,2400,2400,2425,2550,2600,2500,2500,2500,2600,2750,2700,2600,2597.5,2575,2550,2600,2600,2500,2400,2500,2500,2500,2500,2400,2550,2449.5,2600,2500,2500
"Weston","FL","Miami-Fort Lauderdale","Broward",133,,,,,,,,,,,,2600,2600,2600,2650,2700,2700,2780,2750,2700,2700,2700,2700,2700,2600,2600,2700,2750,2725,2775,2725,2700,2790,2700,2700,2600,2600,2700,2700,2800,2800,2800,2870,2900,2850,2800,2825,2800,2800,2800,2800,2850,2900,3000,2950,2900,2900,2987.5,3000,3000,3100,3000,3025,3150,3000,3100,3175,3100,3075,3100,3100,3150,3000,3000,2947.5,3100,3000,3099.5,3000,3025
"Chino Hills","CA","Riverside","San Bernardino",134,,,,,,,,,,,,,,,,,,,,,,,,,2200,2325,2162.5,2349.5,2350,2397.5,2400,2350,2350,2350,2325,2350,2400,2500,2497.5,2500,2450,2400,2425,2500,2400,2350,2350,2450,2400,2400,2400,2400,2350,2400,2500,2500,2495,2450,2472.5,2425,2400,2500,2500,2495,2500,2450,2525,2599.5,2650,2500,2600,2550,2500,2500,2600,2650,2700,2600,2600,2600
"Snellville","GA","Atlanta","Gwinnett",135,,,,,,,,,,,,,,,,,1300,1225,1195,1200,1300,1300,1200,1200,1300,1300,1287.5,1225,1250,1200,1250,1200,1200,1250,1200,1200,1250,1250,1250,1250,1250,1250,1295,1300,1315,1275,1275,1250,1250,1250,1250,1295,1300,1325,1300,1300,1300,1300,1357.5,1347.5,1346,1375,1395,1400,1397,1400,1400,1350,1350,1325,1350,1350,1382.5,1395,1415,1395,1470,1475,1439.5,1400
"Kissimmee","FL","Orlando","Osceola",136,,,,,,,,,,,,,1275,1283,1258,1200,1250,1250,1250,1295,1285,1250,1250,1250,1200,1200,1275,1300,1350,1350,1400,1397.5,1397.5,1350,1350,1350,1400,1450,1500,1492.5,1450,1450,1450,1500,1495,1475,1500,1495,1450,1450,1425,1595,1599.5,1500,1367.5,1400,1400,1395,1395,1395,1400,1485,1450,1450,1495,1472.5,1497.5,1450,1462.5,1500,1495,1485,1472,1500,1525,1500,1500,1500,1500,1524
"Medford","MA","Boston","Middlesex",137,,,,,,,,,,,,,,,,,,,,,,,,,,,,,,,,,,,2650,2600,2675,2700,2800,2800,2600,2600,2600,2550,2600,2400,2400,2500,2300,2600,2700,2750,2800,2800,2800,2800,2700,2625,2500,2500,2700,2750,2800,2925,3000,2862.5,2800,2800,2800,2800,2800,3000,3000,2950,3000,3100,3200,3000,2800,2600
"Eastvale","CA","Riverside","Riverside",138,,,,,,,,,,,,,,,,,,,,,,,,,,,2375,2300,2300,2325,2300,2300,2300,2300,2350,2325,2300,2300,2300,2295,2250,2300,2300,2300,2350,2300,2300,2300,2300,2300,2300,2300,2350,2400,2350,2300,2320,2300,2300,2300,2390,2350,2400,2397.5,2400,2450,2400,2400,2400,2400,2400,2450,2400,2450,2450,2450,2450,2525,2500,2370
"Valrico","FL","Tampa","Hillsborough",139,,,,,,,,,,,,,,1650,1595,1550,1525,1695,1600,1600,1600,1600,1600,1595,1590,1600,1600,1600,1622.5,1600,1500,1500,1525,1500,1600,1650,1700,1772.5,1797.5,1750,1750,1750,1700,1675,1685,1700,1700,1750,1700,1700,1695,1750,1700,1700,1750,1775,1700,1700,1675,1637.5,1650,1650,1675,1742.5,1757.5,1750,1700,1750,1695,1700,1700,1800,1800,1795,1795,1837.5,1745,1750,1722.5,1747
"Atascocita","TX","Houston","Harris",140,,,,,,,,,,,,,,,,,,,,,,,,,,,,,,,,,,,,,,,,,,,,,,,,1780,1637.5,1620,1600,1612.5,1600,1700,1750,1595,1595,1600,1600,1650,1729,1750,1750,1724.5,1700,1700,1699.5,1775,1745,1750,1750,1750,1750,1799,1995,1739.5,1729,1709.5,1729,1717.5
"The Hammocks","FL","Miami-Fort Lauderdale","Miami-Dade",141,,,,,,,,,,,,,,,,,2200,2025,2100,2200,2200,2200,2150,2200,2200,2200,2175,2175,2100,2175,2200,2200,2200,2200,2200,2200,2200,2300,2300,2250,2300,2335,2350,2300,2300,2299,2200,2268,2225,2200,2200,2200,2200,2200,2250,2300,2300,2275,2300,2300,2227.5,2250,2400,2300,2325,2300,2200,2325,2400,2400,2400,2400,2400,2400,2400,2495,2450,2500,2300,2400
"Spring","TX","Houston","Harris",142,,,,,,,,,,,,,,,,,,,,,,,,,,,,,,1525,1500,1525,1450,1400,1500,1650,1500,1500,1525,1600,1570,1550,1625,1650,1550,1525,1525,1550,1500,1500,1600,1670,1600,1650,1625,1600,1625,1650,1650,1650,1625,1649.5,1650,1700,1650,1675,1650,1650,1625,1650,1650,1650,1650,1662.5,1695,1725,1669,1695,1697,1700
"Brookline","MA","Boston","Norfolk",143,,,,,,,,,,,,,,3100,3000,3000,3000,3100,3000,3150,3037.5,3250,3250,3400,3300,3400,3400,3500,3300,3399.5,3300,3400,3500,3600,3697.5,3672.5,3550,3500,3600,3600,3600,3600,3600,3600,3500,3699,3700,3799,3800,3800,3900,3800,3800,3800,3800,3700,3600,3800,3900,3950,3950,3900,3900,3950,3900,3850,3750,3600,3600,3800,4000,4200,4100,4000,4000,3900,3900,3900,3700,3800
"Homestead","FL","Miami-Fort Lauderdale","Miami-Dade",144,,,,,,,,,,,,1400,1395,1600,1600,1550,1425,1450,1500,1450,1500,1500,1450,1472.5,1425,1450,1425,1425,1450,1425,1350,1450,1450,1500,1500,1525,1550,1550,1600,1550,1550,1612.5,1567.5,1550,1550,1600,1600,1600,1550,1550,1500,1500,1550,1600,1600,1587.5,1525,1600,1650,1600,1562.5,1600,1600,1650,1597.5,1572.5,1700,1650,1600,1625,1700,1712.5,1775,1800,1799,1799,1800,1800,1775,1825
"Wellington","FL","Miami-Fort Lauderdale","Palm Beach",145,,,,,,,,,,,,,,,,2500,2500,2447.5,2500,2400,2399,2425,2450,2375,2437.5,2300,2275,2225,2400,2395,2400,2450,2500,2500,2750,2525,2424.5,2275,2300,2250,2300,2387.5,2300,2437.5,2400,2450,2495,2377.5,2350,2350,2350,2365,2350,2350,2425,2400,2400,2450,2600,2450,2375,2500,2550,2530,2600,2650,2650,2880,2895,3050,3000,2600,2572.5,2625,2595,2550,2569,2625,2575,2600
"Johns Creek","GA","Atlanta","Fulton",146,,,,,,,,,,,,,,,,2000,2000,1895,1950,1850,1900,1850,1800,1850,1825,1875,1920,1890,1850,1900,1950,1800,1800,1872.5,1862.5,1875,1850,1800,1850,1850,2000,2095,1950,2000,1950,1800,1925,1887.5,1995,1995,1950,2000,2000,1950,2000,1950,1950,1895,2000,2000,1900,1950,2000,2000,2050,2100,2000,2062.5,2062.5,2100,2100,2000,1950,2050,2200,2000,2025,2100,2200,2115
"Doral","FL","Miami-Fort Lauderdale","Miami-Dade",147,,,,,,,,,,,,2500,2500,2500,2550,2500,2600,2600,2600,2500,2500,2500,2500,2600,2600,2650,2672.5,2700,2700,2700,2595,2590,2600,2600,2700,2590,2550,2600,2700,2800,2725,2700,2700,2600,2650,2600,2650,2650,2600,2600,2590,2650,2750,2800,2750,2750,2750,2700,2700,2700,2800,2800,2800,2874.5,3000,2850,2900,2975,3000,2900,2900,2900,2900,2900,2900,3000,2800,2850,2850,3000
"Buford","GA","Atlanta","Gwinnett",148,,,,,,,,,,,,,,,,,,,,,,,,,,,1300,1350,1396.5,1400,1395,1300,1395,1350,1350,1397.5,1399,1400,1399,1350,1395,1410,1400,1400,1400,1412.5,1400,1400,1399,1395,1400,1425,1425,1400,1450,1400,1450,1450,1485,1495,1495,1512.5,1500,1550,1511,1518,1495,1500,1495,1523,1550,1530,1500,1575,1562.5,1515,1492.5,1525,1500,1559
"Little Elm","TX","Dallas-Fort Worth","Denton",149,,,,,,,,,,,,,,,,,,,,,,,,,,,,,,,,,,,,,,1695,1650,1650,1597,1600,1650,1600,1612.5,1600,1597.5,1600,1600,1595,1600,1650,1700,1650,1650,1695,1695,1700,1712.5,1750,1700,1737.5,1697.5,1750,1772.5,1835,1850,1850,1795,1725,1795,1850,1812.5,1850,1850,1975,1795,1795,1850,1850
"Windermere","FL","Orlando","Orange",150,,,,,,,,,,,,,,,,,,,,,,,,,1925,2200,2147.5,2275,2200,2250,2125,1995,2125,2000,2212.5,2000,1975,1995,2097.5,2250,2295,2297.5,2295,2247.5,2200,2195,2100,2100,2100,2100,2100,2050,1900,1999.5,2000,2000,2072.5,1995,2000,2062.5,2100,2100,2200,2187.5,2325,2200,2350,2300,2300,2172.5,2150,2150,2200,2300,2650,2375,2590,2225,2275,2450
"East Hampton","NY","New York","Suffolk",151,,,,,,,,,,,,,,,,,,,,,,,,,,,,,,,,,,,,,,,,,,,,,,,,,,,,,,,,,,,,,,,,,31000,29500,32000,33500,35000,35000,39000,39000,39000,39000,40000,38000,38000,37750,37500,35500
"Richmond","TX","Houston","Fort Bend",152,,,,,,,,,,,,,,,,,,,,,,,,,,,,,,,,,,,,,,,,,,,,,,,,,1700,1700,1800,1925,1950,2047.5,2100,2100,1972.5,1950,2000,2072.5,2000,1950,2000,2100,1997.5,1950,1900,1862.5,1897.5,1900,1900,1925,1897.5,1950,1995,1850,1997.5,1887,1800,1900
